{"type": "FeatureCollection", "features": [{"type": "Feature", "properties": {"name": "Los Libertadores", "comuna": ""}, "geometry": {"type": "Polygon", "coordinates": [[[-76.5372505, 3.4426027], [-76.5375263, 3.4425976], [-76.5375064, 3.4428237], [-76.537721, 3.4428446], [-76.5380479, 3.4428857], [-76.538646, 3.4429727], [-76.5389281, 3.4430262], [-76.5393064, 3.4430471], [-76.5397456, 3.4430709], [-76.539759, 3.442929], [-76.5402728, 3.442863], [-76.5405585, 3.4428094], [-76.5406913, 3.4427733], [-76.5415438, 3.442612], [-76.5417568, 3.4426394], [-76.5419707, 3.4426836], [-76.542136, 3.442725], [-76.5425205, 3.442879], [-76.542825, 3.4429788], [-76.5430972, 3.4430531], [-76.54344, 3.4431202], [-76.5433314, 3.4430497], [-76.5432799, 3.4429983], [-76.5432671, 3.4423769], [-76.5432648, 3.4423723], [-76.5432592, 3.4423689], [-76.54325, 3.4423672], [-76.5431961, 3.4423618], [-76.5422318, 3.4423002], [-76.5423106, 3.4415705], [-76.5416305, 3.4416513], [-76.541162, 3.4417371], [-76.5409796, 3.441792], [-76.5408605, 3.4417567], [-76.5408915, 3.4416139], [-76.5408981, 3.4414537], [-76.5409043, 3.4413055], [-76.5408471, 3.4408588], [-76.540841, 3.4408115], [-76.5404665, 3.4406099], [-76.5402277, 3.4404871], [-76.5400183, 3.4403807], [-76.5397347, 3.4402201], [-76.539089, 3.4397333], [-76.5382719, 3.439108], [-76.5379916, 3.4389048], [-76.5378593, 3.4388096], [-76.5378059, 3.438753], [-76.5377794, 3.4387249], [-76.5377529, 3.4386968], [-76.5376929, 3.4386331], [-76.5370645, 3.4393997], [-76.5368071, 3.4397216], [-76.5366839, 3.4399109], [-76.5365106, 3.4401179], [-76.5364271, 3.4402467], [-76.5363671, 3.4403623], [-76.5363394, 3.4404409], [-76.5363186, 3.4405609], [-76.5363061, 3.4406627], [-76.5363044, 3.4407263], [-76.5363089, 3.4408059], [-76.5363165, 3.4408617], [-76.5363447, 3.4411187], [-76.5363783, 3.4413061], [-76.5364252, 3.4415149], [-76.5365499, 3.4420156], [-76.5366071, 3.4422589], [-76.5366559, 3.4422592], [-76.5366584, 3.4427382], [-76.5367153, 3.4427299], [-76.5367732, 3.4427156], [-76.5368153, 3.4427052], [-76.5368751, 3.4426771], [-76.5369531, 3.4426405], [-76.5371133, 3.4426052], [-76.5372505, 3.4426027]]]}}, {"type": "Feature", "properties": {"name": "San Cayetano", "comuna": ""}, "geometry": {"type": "Polygon", "coordinates": [[[-76.5424355, 3.44637], [-76.5428416, 3.4463996], [-76.5429201, 3.4464438], [-76.5429719, 3.4465502], [-76.5429853, 3.4460462], [-76.543065, 3.4452659], [-76.5430577, 3.4448583], [-76.543057, 3.4448168], [-76.5430657, 3.4446307], [-76.5431093, 3.4441602], [-76.5431046, 3.4441377], [-76.5430915, 3.4441218], [-76.5430439, 3.4440899], [-76.54316, 3.4436944], [-76.5427677, 3.4435787], [-76.5423714, 3.4434735], [-76.5420705, 3.4434202], [-76.5420818, 3.4433006], [-76.542136, 3.442725], [-76.5419707, 3.4426836], [-76.5417568, 3.4426394], [-76.5415438, 3.442612], [-76.5406913, 3.4427733], [-76.5405585, 3.4428094], [-76.5402728, 3.442863], [-76.539759, 3.442929], [-76.5397456, 3.4430709], [-76.5393064, 3.4430471], [-76.5389281, 3.4430262], [-76.538646, 3.4429727], [-76.5380479, 3.4428857], [-76.537721, 3.4428446], [-76.5375064, 3.4428237], [-76.5375263, 3.4425976], [-76.5372505, 3.4426027], [-76.5371133, 3.4426052], [-76.5369531, 3.4426405], [-76.5368751, 3.4426771], [-76.5368153, 3.4427052], [-76.5367732, 3.4427156], [-76.5367153, 3.4427299], [-76.5366584, 3.4427382], [-76.5366746, 3.4432055], [-76.5366813, 3.443587], [-76.5366303, 3.4444799], [-76.5365874, 3.4448735], [-76.5365498, 3.4453936], [-76.5365355, 3.4455053], [-76.5366365, 3.4455107], [-76.5366786, 3.445511], [-76.5372017, 3.4455444], [-76.5377895, 3.4455407], [-76.5388913, 3.4455297], [-76.5392781, 3.4455584], [-76.540084, 3.4457537], [-76.5410908, 3.4460478], [-76.5416459, 3.4460935], [-76.5423036, 3.4461016], [-76.5424204, 3.4461064], [-76.5424355, 3.44637]]]}}, {"type": "Feature", "properties": {"name": "San Antonio", "comuna": "Cali, Valle del Cauca, Colombia"}, "geometry": {"type": "Polygon", "coordinates": [[[-76.5397429, 3.4490894], [-76.54002, 3.4490341], [-76.5400622, 3.4490179], [-76.5401489, 3.4489779], [-76.540292, 3.4489336], [-76.5404469, 3.4489088], [-76.5405882, 3.4489056], [-76.5407185, 3.448919], [-76.5415572, 3.4491391], [-76.5416824, 3.4491638], [-76.5417774, 3.4491698], [-76.5418724, 3.4491645], [-76.5419661, 3.4491478], [-76.5420658, 3.4491167], [-76.5424112, 3.4489768], [-76.5427961, 3.4488066], [-76.5433943, 3.44851], [-76.5433857, 3.4484691], [-76.5432629, 3.4478822], [-76.5429557, 3.4478823], [-76.5422364, 3.4480545], [-76.5419571, 3.4481388], [-76.5418345, 3.4481387], [-76.5417182, 3.4481184], [-76.5409528, 3.4476287], [-76.5408165, 3.4476003], [-76.540761, 3.4474908], [-76.5405566, 3.447285], [-76.5404711, 3.4471455], [-76.5404176, 3.4469879], [-76.5404192, 3.4468363], [-76.5404601, 3.4465888], [-76.5406048, 3.4466132], [-76.5410099, 3.446651], [-76.5418523, 3.4467746], [-76.5419203, 3.4467844], [-76.5420169, 3.4467843], [-76.5428335, 3.4467935], [-76.542919, 3.4467394], [-76.542958, 3.4466761], [-76.5429719, 3.4465502], [-76.5429201, 3.4464438], [-76.5428416, 3.4463996], [-76.5424355, 3.44637], [-76.5424204, 3.4461064], [-76.5423036, 3.4461016], [-76.5416459, 3.4460935], [-76.5410908, 3.4460478], [-76.540084, 3.4457537], [-76.5392781, 3.4455584], [-76.5388913, 3.4455297], [-76.5377895, 3.4455407], [-76.5372017, 3.4455444], [-76.5366786, 3.445511], [-76.5366365, 3.4455107], [-76.5365355, 3.4455053], [-76.5365271, 3.4456126], [-76.5365526, 3.4461347], [-76.5365955, 3.4462579], [-76.5366073, 3.446379], [-76.5366377, 3.4466901], [-76.5367521, 3.4471926], [-76.5369565, 3.4481415], [-76.5369815, 3.4482128], [-76.5369996, 3.4482749], [-76.5372582, 3.4489613], [-76.5375676, 3.4497871], [-76.5376666, 3.4497435], [-76.5376834, 3.4497268], [-76.537699, 3.4497274], [-76.5379037, 3.4496311], [-76.5381235, 3.4495315], [-76.5382933, 3.4494177], [-76.5384223, 3.449308], [-76.5385268, 3.4492427], [-76.5386011, 3.4491903], [-76.5387037, 3.4491494], [-76.5388188, 3.449136], [-76.5391574, 3.449116], [-76.5394986, 3.4491175], [-76.5397429, 3.4490894]]]}}, {"type": "Feature", "properties": {"name": "El Nacional", "comuna": "Cali, Valle del Cauca, Colombia"}, "geometry": {"type": "Polygon", "coordinates": [[[-76.5444182, 3.444043], [-76.5445396, 3.4440557], [-76.5446569, 3.4440959], [-76.5447434, 3.4441521], [-76.544911, 3.4442733], [-76.5450173, 3.4443626], [-76.5450824, 3.4443908], [-76.5451551, 3.4443804], [-76.5452125, 3.4443476], [-76.5452804, 3.4443021], [-76.5453133, 3.4442796], [-76.5453608, 3.4442472], [-76.545422, 3.4442023], [-76.5454693, 3.4441605], [-76.5455591, 3.444123], [-76.5456319, 3.4440999], [-76.5457271, 3.4441019], [-76.5458579, 3.444118], [-76.5460322, 3.4441588], [-76.5463031, 3.4442231], [-76.5464828, 3.4442632], [-76.5469106, 3.4443429], [-76.5470662, 3.444381], [-76.5471916, 3.4444286], [-76.5472922, 3.4444801], [-76.547435, 3.444533], [-76.5475725, 3.444543], [-76.5476891, 3.4445209], [-76.5477984, 3.4444781], [-76.5479077, 3.4444326], [-76.5480191, 3.4443857], [-76.5481243, 3.4443529], [-76.5482266, 3.4443188], [-76.5482894, 3.4442854], [-76.5483272, 3.4442438], [-76.5483286, 3.4441928], [-76.548259, 3.444156], [-76.5481008, 3.4440542], [-76.5479545, 3.444022], [-76.5470722, 3.4435374], [-76.5470789, 3.4434557], [-76.5470561, 3.4433808], [-76.546981, 3.443346], [-76.5468613, 3.4433469], [-76.5466712, 3.4434072], [-76.5460682, 3.4432302], [-76.5459281, 3.4431984], [-76.5458595, 3.4431827], [-76.5457828, 3.4431675], [-76.5453965, 3.4430879], [-76.5450552, 3.4430464], [-76.5448131, 3.4430189], [-76.5446971, 3.4430146], [-76.5445362, 3.4430584], [-76.5443163, 3.4431254], [-76.5441305, 3.4431742], [-76.5439542, 3.4432144], [-76.54344, 3.4431202], [-76.5430972, 3.4430531], [-76.542825, 3.4429788], [-76.5425205, 3.442879], [-76.542136, 3.442725], [-76.5420818, 3.4433006], [-76.5420705, 3.4434202], [-76.5423714, 3.4434735], [-76.5427677, 3.4435787], [-76.54316, 3.4436944], [-76.5433822, 3.4437887], [-76.5437845, 3.4439339], [-76.5440132, 3.4440109], [-76.5442559, 3.4440524], [-76.5444182, 3.444043]]]}}, {"type": "Feature", "properties": {"name": "Navarro - La Chanca", "comuna": "Cali, Valle del Cauca, Colombia"}, "geometry": {"type": "Polygon", "coordinates": [[[-76.5445583, 3.4412196], [-76.5442582, 3.4410971], [-76.5439801, 3.4409601], [-76.5437913, 3.4408299], [-76.5437508, 3.4408962], [-76.5435984, 3.4411454], [-76.5434796, 3.4412919], [-76.5432246, 3.4413918], [-76.5429725, 3.4414574], [-76.542601, 3.441527], [-76.5423106, 3.4415705], [-76.5422318, 3.4423002], [-76.5431961, 3.4423618], [-76.54325, 3.4423672], [-76.5432592, 3.4423689], [-76.5432648, 3.4423723], [-76.5432671, 3.4423769], [-76.5432799, 3.4429983], [-76.5433314, 3.4430497], [-76.54344, 3.4431202], [-76.5439542, 3.4432144], [-76.5441305, 3.4431742], [-76.5443163, 3.4431254], [-76.5445362, 3.4430584], [-76.5446971, 3.4430146], [-76.5448131, 3.4430189], [-76.5450552, 3.4430464], [-76.5453965, 3.4430879], [-76.5457828, 3.4431675], [-76.5458595, 3.4431827], [-76.5459281, 3.4431984], [-76.5460682, 3.4432302], [-76.5466712, 3.4434072], [-76.5468613, 3.4433469], [-76.546981, 3.443346], [-76.5470561, 3.4433808], [-76.5470789, 3.4434557], [-76.5470722, 3.4435374], [-76.5479545, 3.444022], [-76.5481008, 3.4440542], [-76.548259, 3.444156], [-76.5483286, 3.4441928], [-76.5483207, 3.4441478], [-76.5483067, 3.444112], [-76.5480779, 3.4437958], [-76.5480023, 3.4436983], [-76.547957, 3.4436187], [-76.547946, 3.4435671], [-76.5479594, 3.4435049], [-76.5479916, 3.4434614], [-76.5480526, 3.4434212], [-76.5481304, 3.4433817], [-76.5482175, 3.4433349], [-76.5482946, 3.443284], [-76.5483547, 3.4432572], [-76.5484512, 3.4432526], [-76.5484267, 3.4431652], [-76.5483563, 3.4429164], [-76.5482926, 3.4429044], [-76.5470471, 3.4426474], [-76.5469177, 3.442604], [-76.5459052, 3.4419717], [-76.5457577, 3.4418777], [-76.5455686, 3.4416777], [-76.5455484, 3.4416497], [-76.5454783, 3.4415143], [-76.5454415, 3.4414801], [-76.5453701, 3.4414534], [-76.5445583, 3.4412196]]]}}, {"type": "Feature", "properties": {"name": "Acueducto San Antonio", "comuna": ""}, "geometry": {"type": "Polygon", "coordinates": [[[-76.54316, 3.4436944], [-76.5430439, 3.4440899], [-76.5430915, 3.4441218], [-76.5431046, 3.4441377], [-76.5431093, 3.4441602], [-76.5430657, 3.4446307], [-76.543057, 3.4448168], [-76.5430577, 3.4448583], [-76.543065, 3.4452659], [-76.5429853, 3.4460462], [-76.5429719, 3.4465502], [-76.542958, 3.4466761], [-76.542919, 3.4467394], [-76.5428335, 3.4467935], [-76.5420169, 3.4467843], [-76.5419203, 3.4467844], [-76.5418523, 3.4467746], [-76.5410099, 3.446651], [-76.5406048, 3.4466132], [-76.5404601, 3.4465888], [-76.5404192, 3.4468363], [-76.5404176, 3.4469879], [-76.5404711, 3.4471455], [-76.5405566, 3.447285], [-76.540761, 3.4474908], [-76.5408165, 3.4476003], [-76.5409528, 3.4476287], [-76.5417182, 3.4481184], [-76.5418345, 3.4481387], [-76.5419571, 3.4481388], [-76.5422364, 3.4480545], [-76.5429557, 3.4478823], [-76.5432629, 3.4478822], [-76.5433857, 3.4484691], [-76.5433943, 3.44851], [-76.5439427, 3.4482361], [-76.5440956, 3.448173], [-76.5442231, 3.4481402], [-76.5443693, 3.4481348], [-76.5448712, 3.4481259], [-76.5449422, 3.4481288], [-76.5454668, 3.4480989], [-76.5455997, 3.4481044], [-76.5461291, 3.4481264], [-76.5463047, 3.4481152], [-76.5464374, 3.4481012], [-76.5465282, 3.4480522], [-76.5465926, 3.4479851], [-76.5466263, 3.4479372], [-76.5466347, 3.4478762], [-76.546592, 3.4477712], [-76.5465288, 3.4476752], [-76.5464418, 3.4476001], [-76.5463359, 3.4475485], [-76.5462267, 3.4475177], [-76.5460796, 3.4474289], [-76.545985, 3.4473237], [-76.545921, 3.4471959], [-76.5459088, 3.4470933], [-76.545922, 3.4470145], [-76.5459497, 3.4469304], [-76.5459744, 3.446879], [-76.5460135, 3.4468138], [-76.5460313, 3.4467879], [-76.5460904, 3.4466897], [-76.5461366, 3.4465715], [-76.5461665, 3.4464482], [-76.5461996, 3.4463139], [-76.5461925, 3.4460745], [-76.5461992, 3.4459597], [-76.5462364, 3.4458744], [-76.5463026, 3.4457796], [-76.5464051, 3.4456855], [-76.5465231, 3.4456198], [-76.5466707, 3.4455802], [-76.5471901, 3.4455179], [-76.5474263, 3.4454379], [-76.547601, 3.4453494], [-76.5477461, 3.4453021], [-76.5479813, 3.4452432], [-76.5482182, 3.4452351], [-76.5483792, 3.4452305], [-76.5484831, 3.4452199], [-76.5485427, 3.4451966], [-76.5486699, 3.4451141], [-76.5487465, 3.4450391], [-76.5487862, 3.4449956], [-76.5488226, 3.4449405], [-76.548888, 3.4448281], [-76.5489175, 3.4446745], [-76.5489256, 3.444559], [-76.5489193, 3.444422], [-76.5489041, 3.4443593], [-76.5488647, 3.4442586], [-76.5488424, 3.4442068], [-76.5487311, 3.4440274], [-76.5485366, 3.4435415], [-76.5484512, 3.4432526], [-76.5483547, 3.4432572], [-76.5482946, 3.443284], [-76.5482175, 3.4433349], [-76.5481304, 3.4433817], [-76.5480526, 3.4434212], [-76.5479916, 3.4434614], [-76.5479594, 3.4435049], [-76.547946, 3.4435671], [-76.547957, 3.4436187], [-76.5480023, 3.4436983], [-76.5480779, 3.4437958], [-76.5483067, 3.444112], [-76.5483207, 3.4441478], [-76.5483286, 3.4441928], [-76.5483272, 3.4442438], [-76.5482894, 3.4442854], [-76.5482266, 3.4443188], [-76.5481243, 3.4443529], [-76.5480191, 3.4443857], [-76.5479077, 3.4444326], [-76.5477984, 3.4444781], [-76.5476891, 3.4445209], [-76.5475725, 3.444543], [-76.547435, 3.444533], [-76.5472922, 3.4444801], [-76.5471916, 3.4444286], [-76.5470662, 3.444381], [-76.5469106, 3.4443429], [-76.5464828, 3.4442632], [-76.5463031, 3.4442231], [-76.5460322, 3.4441588], [-76.5458579, 3.444118], [-76.5457271, 3.4441019], [-76.5456319, 3.4440999], [-76.5455591, 3.444123], [-76.5454693, 3.4441605], [-76.545422, 3.4442023], [-76.5453608, 3.4442472], [-76.5453133, 3.4442796], [-76.5452804, 3.4443021], [-76.5452125, 3.4443476], [-76.5451551, 3.4443804], [-76.5450824, 3.4443908], [-76.5450173, 3.4443626], [-76.544911, 3.4442733], [-76.5447434, 3.4441521], [-76.5446569, 3.4440959], [-76.5445396, 3.4440557], [-76.5444182, 3.444043], [-76.5442559, 3.4440524], [-76.5440132, 3.4440109], [-76.5437845, 3.4439339], [-76.5433822, 3.4437887], [-76.54316, 3.4436944]]]}}, {"type": "Feature", "properties": {"name": "El Pe\u00f1\u00f3n", "comuna": ""}, "geometry": {"type": "Polygon", "coordinates": [[[-76.5407185, 3.448919], [-76.5405882, 3.4489056], [-76.5404469, 3.4489088], [-76.540292, 3.4489336], [-76.5401489, 3.4489779], [-76.5400622, 3.4490179], [-76.54002, 3.4490341], [-76.5397429, 3.4490894], [-76.5394986, 3.4491175], [-76.5391574, 3.449116], [-76.5388188, 3.449136], [-76.5387037, 3.4491494], [-76.5386011, 3.4491903], [-76.5385268, 3.4492427], [-76.5384223, 3.449308], [-76.5382933, 3.4494177], [-76.5381235, 3.4495315], [-76.5379037, 3.4496311], [-76.537699, 3.4497274], [-76.5376834, 3.4497268], [-76.5376666, 3.4497435], [-76.5375676, 3.4497871], [-76.5380278, 3.4509553], [-76.5384945, 3.4507866], [-76.539082, 3.4506702], [-76.5395969, 3.4506675], [-76.5399832, 3.4506862], [-76.5401937, 3.4507264], [-76.5404257, 3.4508348], [-76.540761, 3.4510436], [-76.5408769, 3.451131], [-76.5411124, 3.4513087], [-76.5413511, 3.4514613], [-76.541681, 3.4515282], [-76.541739, 3.4515164], [-76.5422067, 3.4514212], [-76.5424454, 3.451298], [-76.5428987, 3.4511374], [-76.5432206, 3.4510517], [-76.5435371, 3.4510624], [-76.543977, 3.4510918], [-76.5442398, 3.4511534], [-76.5444356, 3.4511454], [-76.5444833, 3.450819], [-76.5444864, 3.4507979], [-76.5444907, 3.4507564], [-76.5444973, 3.4505288], [-76.5444949, 3.4502716], [-76.5444945, 3.4502308], [-76.544494, 3.4501958], [-76.5444858, 3.449618], [-76.5444852, 3.4495771], [-76.5444524, 3.4494459], [-76.5443887, 3.4493536], [-76.5442549, 3.4492297], [-76.5441547, 3.44914], [-76.5440775, 3.4490671], [-76.5440239, 3.448964], [-76.5439135, 3.4486253], [-76.5436044, 3.4487304], [-76.5433036, 3.4487971], [-76.542901, 3.4488931], [-76.5426071, 3.4489431], [-76.5424112, 3.4489768], [-76.5420658, 3.4491167], [-76.5419661, 3.4491478], [-76.5418724, 3.4491645], [-76.5417774, 3.4491698], [-76.5416824, 3.4491638], [-76.5415572, 3.4491391], [-76.5407185, 3.448919]]]}}, {"type": "Feature", "properties": {"name": "La Merced", "comuna": ""}, "geometry": {"type": "Polygon", "coordinates": [[[-76.5366272, 3.447208], [-76.5365832, 3.4472098], [-76.5358848, 3.4472437], [-76.5359384, 3.4475822], [-76.53598, 3.4478506], [-76.5352787, 3.4480907], [-76.5353274, 3.4482532], [-76.534532, 3.4484449], [-76.5344942, 3.448456], [-76.5344526, 3.4484648], [-76.5337909, 3.4486051], [-76.5337966, 3.44863], [-76.5338378, 3.4488112], [-76.5338746, 3.4489731], [-76.5338981, 3.4490765], [-76.5339322, 3.4492265], [-76.5339512, 3.4493051], [-76.5339551, 3.4493266], [-76.5340182, 3.4496793], [-76.5340244, 3.4497213], [-76.5340422, 3.4497844], [-76.5340707, 3.4498854], [-76.5341291, 3.450092], [-76.5341843, 3.4502874], [-76.5342314, 3.4504544], [-76.5342387, 3.4504842], [-76.5342495, 3.4505181], [-76.5344823, 3.4512459], [-76.5344952, 3.4512786], [-76.5345059, 3.4513149], [-76.5347161, 3.4521322], [-76.5347529, 3.4522524], [-76.5348599, 3.452612], [-76.5348727, 3.4526502], [-76.5349513, 3.4529901], [-76.5351176, 3.4529124], [-76.5355629, 3.4527143], [-76.5360162, 3.4524145], [-76.5362737, 3.4521869], [-76.536684, 3.4518549], [-76.5369791, 3.451622], [-76.5373519, 3.4513382], [-76.5377274, 3.4510999], [-76.5380278, 3.4509553], [-76.5375676, 3.4497871], [-76.5372582, 3.4489613], [-76.5369996, 3.4482749], [-76.5369815, 3.4482128], [-76.5369565, 3.4481415], [-76.5367521, 3.4471926], [-76.5366272, 3.447208]]]}}, {"type": "Feature", "properties": {"name": "San Juan Bosco", "comuna": "Cali, Valle del Cauca, Colombia"}, "geometry": {"type": "Polygon", "coordinates": [[[-76.5366584, 3.4427382], [-76.5366559, 3.4422592], [-76.5366071, 3.4422589], [-76.5365499, 3.4420156], [-76.5364252, 3.4415149], [-76.5363783, 3.4413061], [-76.5363447, 3.4411187], [-76.5363165, 3.4408617], [-76.5363089, 3.4408059], [-76.5363044, 3.4407263], [-76.5363061, 3.4406627], [-76.5363186, 3.4405609], [-76.5363394, 3.4404409], [-76.5361292, 3.4404883], [-76.535984, 3.4405744], [-76.5347677, 3.4412249], [-76.534286, 3.4414811], [-76.5332918, 3.4419785], [-76.5330915, 3.4420757], [-76.5320406, 3.4424035], [-76.5319633, 3.4424193], [-76.5318929, 3.4424398], [-76.5309792, 3.4426048], [-76.5308668, 3.4426042], [-76.5308235, 3.4426041], [-76.5296908, 3.4426743], [-76.5296975, 3.4427033], [-76.5297116, 3.442759], [-76.5297159, 3.4427969], [-76.5297938, 3.443446], [-76.5300078, 3.4444283], [-76.5302361, 3.4455293], [-76.5309831, 3.4454631], [-76.5310331, 3.4454568], [-76.5310797, 3.4454508], [-76.5323145, 3.4452997], [-76.5323712, 3.4452928], [-76.532437, 3.4452886], [-76.5332306, 3.445243], [-76.5332789, 3.4452411], [-76.5333326, 3.4452397], [-76.5340099, 3.4452347], [-76.5340586, 3.4452343], [-76.5341158, 3.4452345], [-76.5347926, 3.4452232], [-76.5348064, 3.4454285], [-76.5357414, 3.4454682], [-76.5363875, 3.4454957], [-76.5364303, 3.4454975], [-76.5365355, 3.4455053], [-76.5365498, 3.4453936], [-76.5365874, 3.4448735], [-76.5366303, 3.4444799], [-76.5366813, 3.443587], [-76.5366746, 3.4432055], [-76.5366584, 3.4427382]]]}}, {"type": "Feature", "properties": {"name": "Santa Rosa", "comuna": "Cali, Valle del Cauca, Colombia"}, "geometry": {"type": "Polygon", "coordinates": [[[-76.5352787, 3.4480907], [-76.53598, 3.4478506], [-76.5359384, 3.4475822], [-76.5358848, 3.4472437], [-76.5365832, 3.4472098], [-76.5366272, 3.447208], [-76.5367521, 3.4471926], [-76.5366377, 3.4466901], [-76.5366073, 3.446379], [-76.5365955, 3.4462579], [-76.5365526, 3.4461347], [-76.5365271, 3.4456126], [-76.5365355, 3.4455053], [-76.5364303, 3.4454975], [-76.5363875, 3.4454957], [-76.5357414, 3.4454682], [-76.5348064, 3.4454285], [-76.5347926, 3.4452232], [-76.5341158, 3.4452345], [-76.5340586, 3.4452343], [-76.5340099, 3.4452347], [-76.5333326, 3.4452397], [-76.5332789, 3.4452411], [-76.5332306, 3.445243], [-76.532437, 3.4452886], [-76.5323712, 3.4452928], [-76.5323145, 3.4452997], [-76.5310797, 3.4454508], [-76.5310331, 3.4454568], [-76.5312943, 3.4464086], [-76.5313734, 3.4467007], [-76.5315055, 3.4471883], [-76.5315186, 3.4472367], [-76.531543, 3.4473268], [-76.5315539, 3.447367], [-76.5317642, 3.4481437], [-76.5319928, 3.4489633], [-76.5320044, 3.4490048], [-76.5320584, 3.448991], [-76.5329306, 3.4487947], [-76.5329753, 3.4487833], [-76.5330235, 3.4487745], [-76.5336681, 3.4486282], [-76.5337909, 3.4486051], [-76.5344526, 3.4484648], [-76.5344942, 3.448456], [-76.534532, 3.4484449], [-76.5353274, 3.4482532], [-76.5352787, 3.4480907]]]}}, {"type": "Feature", "properties": {"name": "El Calvario", "comuna": "Cali, Valle del Cauca, Colombia"}, "geometry": {"type": "Polygon", "coordinates": [[[-76.531543, 3.4473268], [-76.5315186, 3.4472367], [-76.5315055, 3.4471883], [-76.5313734, 3.4467007], [-76.5312943, 3.4464086], [-76.5310331, 3.4454568], [-76.5309831, 3.4454631], [-76.5302361, 3.4455293], [-76.5301969, 3.4455336], [-76.5294085, 3.4456194], [-76.5293571, 3.4456251], [-76.5292957, 3.4456318], [-76.5292431, 3.4456375], [-76.5284154, 3.4457222], [-76.527631, 3.4458003], [-76.5270356, 3.4458833], [-76.5269885, 3.4458891], [-76.5269217, 3.4458974], [-76.5269351, 3.4459585], [-76.5270602, 3.4465043], [-76.5273928, 3.4476114], [-76.5274719, 3.4478421], [-76.5274886, 3.4478916], [-76.5275209, 3.4479869], [-76.5275415, 3.4480481], [-76.5277862, 3.4488341], [-76.5278634, 3.4490775], [-76.5282052, 3.4500676], [-76.5282295, 3.4501271], [-76.5283213, 3.4500875], [-76.5283564, 3.4500742], [-76.5290102, 3.4498339], [-76.529037, 3.4498239], [-76.5290709, 3.4498144], [-76.5304066, 3.4494145], [-76.530449, 3.4494037], [-76.5304909, 3.4493916], [-76.5312149, 3.4491808], [-76.5312587, 3.4491681], [-76.5313035, 3.449158], [-76.5319581, 3.4490195], [-76.5320044, 3.4490048], [-76.5319928, 3.4489633], [-76.5317642, 3.4481437], [-76.5315539, 3.447367], [-76.531543, 3.4473268]]]}}, {"type": "Feature", "properties": {"name": "San Pascual", "comuna": "Cali, Valle del Cauca, Colombia"}, "geometry": {"type": "Polygon", "coordinates": [[[-76.5269885, 3.4458891], [-76.5270356, 3.4458833], [-76.527631, 3.4458003], [-76.5284154, 3.4457222], [-76.5292431, 3.4456375], [-76.5292957, 3.4456318], [-76.5293571, 3.4456251], [-76.5294085, 3.4456194], [-76.5301969, 3.4455336], [-76.5302361, 3.4455293], [-76.5300078, 3.4444283], [-76.5297938, 3.443446], [-76.5297159, 3.4427969], [-76.5297116, 3.442759], [-76.5296975, 3.4427033], [-76.5296908, 3.4426743], [-76.528739, 3.44268], [-76.5286143, 3.4426938], [-76.5284906, 3.4427026], [-76.5267969, 3.4426315], [-76.5263239, 3.4425984], [-76.5261551, 3.4425805], [-76.5259674, 3.4425697], [-76.5259677, 3.4425929], [-76.525968, 3.4426469], [-76.5259831, 3.4427905], [-76.5260115, 3.4429555], [-76.5260544, 3.4430906], [-76.5261259, 3.4432891], [-76.5264322, 3.4441778], [-76.5265921, 3.4446709], [-76.5266108, 3.4447509], [-76.5267907, 3.4453369], [-76.5269104, 3.4458499], [-76.5269217, 3.4458974], [-76.5269885, 3.4458891]]]}}, {"type": "Feature", "properties": {"name": "San Pedro", "comuna": ""}, "geometry": {"type": "Polygon", "coordinates": [[[-76.5348599, 3.452612], [-76.5347529, 3.4522524], [-76.5347161, 3.4521322], [-76.5345059, 3.4513149], [-76.5344952, 3.4512786], [-76.5344823, 3.4512459], [-76.5342495, 3.4505181], [-76.5342387, 3.4504842], [-76.5342314, 3.4504544], [-76.5341843, 3.4502874], [-76.5341291, 3.450092], [-76.5340707, 3.4498854], [-76.5340422, 3.4497844], [-76.5340244, 3.4497213], [-76.5340182, 3.4496793], [-76.5339551, 3.4493266], [-76.5339512, 3.4493051], [-76.5339322, 3.4492265], [-76.5338981, 3.4490765], [-76.5338746, 3.4489731], [-76.5338378, 3.4488112], [-76.5337966, 3.44863], [-76.5337909, 3.4486051], [-76.5336681, 3.4486282], [-76.5330235, 3.4487745], [-76.5329753, 3.4487833], [-76.5329306, 3.4487947], [-76.5320584, 3.448991], [-76.5320044, 3.4490048], [-76.5319581, 3.4490195], [-76.5313035, 3.449158], [-76.5312587, 3.4491681], [-76.5312149, 3.4491808], [-76.5304909, 3.4493916], [-76.530449, 3.4494037], [-76.5304066, 3.4494145], [-76.5290709, 3.4498144], [-76.529037, 3.4498239], [-76.5290102, 3.4498339], [-76.5283564, 3.4500742], [-76.5283213, 3.4500875], [-76.5282295, 3.4501271], [-76.52825, 3.4501782], [-76.528667, 3.451215], [-76.5286923, 3.4512725], [-76.5287167, 3.4513279], [-76.5290144, 3.4520283], [-76.5290318, 3.4520674], [-76.5290508, 3.4521098], [-76.5293866, 3.4528789], [-76.5293979, 3.4529039], [-76.5294094, 3.452931], [-76.5297102, 3.453642], [-76.5297214, 3.4536685], [-76.529739, 3.453705], [-76.5302755, 3.4548738], [-76.5304007, 3.4551971], [-76.5305089, 3.4555499], [-76.5305799, 3.4558289], [-76.53058, 3.4559474], [-76.5305707, 3.4560468], [-76.5305582, 3.4561119], [-76.530534, 3.4562331], [-76.530512, 3.4563301], [-76.530492, 3.4563785], [-76.5304606, 3.4564439], [-76.5305532, 3.4565088], [-76.5311278, 3.4570743], [-76.5314242, 3.4568856], [-76.5314886, 3.4568267], [-76.5318024, 3.4565054], [-76.5318963, 3.4561922], [-76.5320304, 3.4555282], [-76.5321887, 3.4546607], [-76.5322986, 3.4544492], [-76.5324757, 3.4542565], [-76.5326191, 3.4539927], [-76.5327633, 3.4538883], [-76.5329343, 3.4537852], [-76.5331408, 3.4536648], [-76.5342942, 3.4531695], [-76.5349513, 3.4529901], [-76.5348727, 3.4526502], [-76.5348599, 3.452612]]]}}, {"type": "Feature", "properties": {"name": "San Nicolas", "comuna": "Cali, Valle del Cauca, Colombia"}, "geometry": {"type": "Polygon", "coordinates": [[[-76.528166, 3.4501507], [-76.5281211, 3.45017], [-76.5278469, 3.4502552], [-76.527745, 3.4502869], [-76.5275362, 3.4503518], [-76.5273727, 3.4504132], [-76.526605, 3.4506411], [-76.5257722, 3.4508999], [-76.5248649, 3.4512023], [-76.5241399, 3.4514602], [-76.5233156, 3.4517437], [-76.5232027, 3.4517826], [-76.5231504, 3.4517993], [-76.5231002, 3.4518153], [-76.522469, 3.45203], [-76.5220838, 3.4521705], [-76.5216418, 3.4522686], [-76.5208729, 3.452454], [-76.5208161, 3.4524683], [-76.5207564, 3.4524814], [-76.5199919, 3.4526575], [-76.5195129, 3.4527829], [-76.5192603, 3.4528504], [-76.5191822, 3.4528685], [-76.5191228, 3.4528822], [-76.5190386, 3.4529017], [-76.519027, 3.4529044], [-76.5186445, 3.4529831], [-76.5185623, 3.4529998], [-76.5185721, 3.4530256], [-76.5189399, 3.4541696], [-76.5190042, 3.454323], [-76.5190578, 3.4544886], [-76.5190665, 3.4545178], [-76.5190822, 3.4545706], [-76.5208892, 3.4606871], [-76.520925, 3.460755], [-76.5214698, 3.4604557], [-76.521787, 3.4602995], [-76.522552, 3.4599445], [-76.5226966, 3.4598774], [-76.5227748, 3.4598422], [-76.5228252, 3.4598177], [-76.5240294, 3.4592577], [-76.5241015, 3.4592234], [-76.5249963, 3.4587929], [-76.5259139, 3.4583024], [-76.5259999, 3.4582565], [-76.525972, 3.4582027], [-76.5256109, 3.4575037], [-76.5256563, 3.4574768], [-76.5263496, 3.4570659], [-76.5271915, 3.456567], [-76.5279511, 3.4561451], [-76.5287706, 3.4556941], [-76.5290367, 3.4555398], [-76.5294763, 3.4551574], [-76.5301669, 3.4549143], [-76.5302173, 3.4548966], [-76.5302755, 3.4548738], [-76.529739, 3.453705], [-76.5297214, 3.4536685], [-76.5297102, 3.453642], [-76.5294094, 3.452931], [-76.5293979, 3.4529039], [-76.5293866, 3.4528789], [-76.5290508, 3.4521098], [-76.5290318, 3.4520674], [-76.5290144, 3.4520283], [-76.5287167, 3.4513279], [-76.5286923, 3.4512725], [-76.528667, 3.451215], [-76.52825, 3.4501782], [-76.5282295, 3.4501271], [-76.528166, 3.4501507]]]}}, {"type": "Feature", "properties": {"name": "El Hoyo", "comuna": "Cali, Valle del Cauca, Colombia"}, "geometry": {"type": "Polygon", "coordinates": [[[-76.5267006, 3.4596099], [-76.5267811, 3.4597725], [-76.5269503, 3.4596406], [-76.5271193, 3.4593461], [-76.5273392, 3.4589364], [-76.527653, 3.4583822], [-76.527873, 3.458077], [-76.5280661, 3.457986], [-76.528573, 3.4578896], [-76.5288118, 3.4578066], [-76.5288821, 3.4577975], [-76.5292034, 3.4577557], [-76.5298685, 3.4577959], [-76.5301475, 3.4577638], [-76.5303487, 3.4576567], [-76.5308315, 3.457231], [-76.5311278, 3.4570743], [-76.5305532, 3.4565088], [-76.5304606, 3.4564439], [-76.530492, 3.4563785], [-76.530512, 3.4563301], [-76.530534, 3.4562331], [-76.5305582, 3.4561119], [-76.5305707, 3.4560468], [-76.53058, 3.4559474], [-76.5305799, 3.4558289], [-76.5305089, 3.4555499], [-76.5304007, 3.4551971], [-76.5302755, 3.4548738], [-76.5302173, 3.4548966], [-76.5301669, 3.4549143], [-76.5294763, 3.4551574], [-76.5290367, 3.4555398], [-76.5287706, 3.4556941], [-76.5279511, 3.4561451], [-76.5271915, 3.456567], [-76.5263496, 3.4570659], [-76.5256563, 3.4574768], [-76.5256109, 3.4575037], [-76.525972, 3.4582027], [-76.5259999, 3.4582565], [-76.5260252, 3.4583082], [-76.5260473, 3.4583514], [-76.5260604, 3.4583767], [-76.526077, 3.4584088], [-76.5262332, 3.4587105], [-76.5262922, 3.458825], [-76.526352, 3.4589424], [-76.5264366, 3.4590957], [-76.5265981, 3.459404], [-76.5266257, 3.4594571], [-76.5266395, 3.4594852], [-76.526676, 3.4595597], [-76.5267006, 3.4596099]]]}}, {"type": "Feature", "properties": {"name": "El Piloto", "comuna": "Cali, Valle del Cauca, Colombia"}, "geometry": {"type": "Polygon", "coordinates": [[[-76.520973, 3.4609157], [-76.521046, 3.4612152], [-76.5213008, 3.4620431], [-76.5213425, 3.4621629], [-76.5216221, 3.4621157], [-76.5219547, 3.462105], [-76.5222779, 3.4621305], [-76.5225139, 3.4621251], [-76.5227795, 3.4621198], [-76.5229592, 3.4621439], [-76.5233213, 3.4622643], [-76.5235895, 3.46235], [-76.5240079, 3.4623313], [-76.5242225, 3.4621894], [-76.5244076, 3.4619779], [-76.5245363, 3.4617744], [-76.5247911, 3.4613112], [-76.5249842, 3.4609739], [-76.5251505, 3.4607945], [-76.5252934, 3.4607042], [-76.5255019, 3.4605723], [-76.5259498, 3.4604156], [-76.5263307, 3.4601747], [-76.5267811, 3.4597725], [-76.5267006, 3.4596099], [-76.526676, 3.4595597], [-76.5266395, 3.4594852], [-76.5266257, 3.4594571], [-76.5265981, 3.459404], [-76.5264366, 3.4590957], [-76.526352, 3.4589424], [-76.5262922, 3.458825], [-76.5262332, 3.4587105], [-76.526077, 3.4584088], [-76.5260604, 3.4583767], [-76.5260473, 3.4583514], [-76.5260252, 3.4583082], [-76.5259999, 3.4582565], [-76.5259139, 3.4583024], [-76.5249963, 3.4587929], [-76.5241015, 3.4592234], [-76.5240294, 3.4592577], [-76.5228252, 3.4598177], [-76.5227748, 3.4598422], [-76.5226966, 3.4598774], [-76.522552, 3.4599445], [-76.521787, 3.4602995], [-76.5214698, 3.4604557], [-76.520925, 3.460755], [-76.520973, 3.4609157]]]}}, {"type": "Feature", "properties": {"name": "Unidad Residencial Ca\u00f1averales 5", "comuna": ""}, "geometry": {"type": "Polygon", "coordinates": [[[-76.5256511, 3.4029759], [-76.5256777, 3.4024664], [-76.5256974, 3.4020677], [-76.5256995, 3.4020146], [-76.5251903, 3.401858], [-76.524781, 3.4018121], [-76.5247391, 3.4018074], [-76.524737, 3.4018527], [-76.5246887, 3.4026284], [-76.5246765, 3.4028281], [-76.5246301, 3.4036737], [-76.5256511, 3.4029759]]]}}, {"type": "Feature", "properties": {"name": "Unidad Residencial Ca\u00f1averales 3", "comuna": ""}, "geometry": {"type": "Polygon", "coordinates": [[[-76.5248575, 3.3999202], [-76.5251195, 3.399938], [-76.5258629, 3.3999886], [-76.5258859, 3.3996373], [-76.5259, 3.3993006], [-76.5250808, 3.3992544], [-76.5251318, 3.3987041], [-76.5251385, 3.3985569], [-76.5243647, 3.398506], [-76.5239644, 3.3998594], [-76.5248575, 3.3999202]]]}}, {"type": "Feature", "properties": {"name": "Unidad Residencial Ca\u00f1averales 2", "comuna": ""}, "geometry": {"type": "Polygon", "coordinates": [[[-76.5251318, 3.3987041], [-76.5259395, 3.39875], [-76.5259465, 3.3986781], [-76.5260088, 3.3979424], [-76.5253153, 3.3978437], [-76.5245605, 3.3977362], [-76.5243647, 3.398506], [-76.5251385, 3.3985569], [-76.5251318, 3.3987041]]]}}, {"type": "Feature", "properties": {"name": "Rinc\u00f3n de Guadalupe", "comuna": ""}, "geometry": {"type": "Polygon", "coordinates": [[[-76.5256162, 3.4036413], [-76.5262261, 3.4032478], [-76.5261966, 3.4026012], [-76.5256511, 3.4029759], [-76.525647, 3.4030536], [-76.5256162, 3.4036413]]]}}, {"type": "Feature", "properties": {"name": "Unidad Residencial Ca\u00f1averales 4", "comuna": ""}, "geometry": {"type": "Polygon", "coordinates": [[[-76.5247951, 3.400806], [-76.5247439, 3.4016542], [-76.5247412, 3.4016958], [-76.5247902, 3.4017023], [-76.5252236, 3.4017519], [-76.5257419, 3.4019319], [-76.5257451, 3.4018874], [-76.5257706, 3.4015314], [-76.5258426, 3.4003807], [-76.5258629, 3.3999886], [-76.5251195, 3.399938], [-76.5248575, 3.3999202], [-76.5247951, 3.400806]]]}}, {"type": "Feature", "properties": {"name": "Las Vegas", "comuna": "Cali, Colombia"}, "geometry": {"type": "Polygon", "coordinates": [[[-76.5408345, 3.3807377], [-76.5405932, 3.3813731], [-76.5404657, 3.3816521], [-76.5402965, 3.3819316], [-76.5398437, 3.3824329], [-76.5396199, 3.3827049], [-76.5407223, 3.38278], [-76.5415491, 3.3828382], [-76.5426833, 3.3829112], [-76.5438978, 3.3830211], [-76.5439503, 3.3830259], [-76.5438911, 3.3827716], [-76.5437512, 3.3821392], [-76.5436146, 3.381557], [-76.5434581, 3.3808315], [-76.5433292, 3.38022], [-76.5432033, 3.3796469], [-76.5430652, 3.3790787], [-76.5429358, 3.3785421], [-76.5428918, 3.378385], [-76.5427546, 3.3777906], [-76.5426754, 3.3778058], [-76.542035, 3.3779635], [-76.5418044, 3.3780491], [-76.5416837, 3.378114], [-76.5416031, 3.3781837], [-76.5415223, 3.3783631], [-76.5414661, 3.3784923], [-76.5413111, 3.3790555], [-76.5411677, 3.3796224], [-76.541026, 3.3801823], [-76.5408345, 3.3807377]]]}}, {"type": "Feature", "properties": {"name": "Potrero Grande", "comuna": ""}, "geometry": {"type": "Polygon", "coordinates": [[[-76.4687831, 3.4019656], [-76.4686101, 3.402125], [-76.468564, 3.4021942], [-76.4685131, 3.4024593], [-76.4684939, 3.4025746], [-76.468523, 3.4027623], [-76.4684258, 3.4028584], [-76.468438, 3.4030476], [-76.4684282, 3.4033599], [-76.4683586, 3.4036651], [-76.468297, 3.4038702], [-76.4682553, 3.4039793], [-76.4681894, 3.4040991], [-76.4681412, 3.4041747], [-76.4680641, 3.4042618], [-76.467883, 3.4044486], [-76.4675075, 3.4048471], [-76.467473, 3.4048837], [-76.467295, 3.4050713], [-76.4669348, 3.4054559], [-76.4667376, 3.4056656], [-76.4666999, 3.4057092], [-76.4666725, 3.4057362], [-76.4665422, 3.4058617], [-76.4665043, 3.4058983], [-76.4664238, 3.4060208], [-76.4663329, 3.4061618], [-76.466224, 3.4064042], [-76.4661673, 3.4066298], [-76.4661535, 3.4069168], [-76.4661537, 3.4070771], [-76.4661869, 3.4072292], [-76.4662663, 3.4074636], [-76.4663966, 3.4077896], [-76.4664902, 3.4080189], [-76.4665582, 3.4081816], [-76.466719, 3.4085668], [-76.4668212, 3.408804], [-76.467031, 3.409308], [-76.4670443, 3.40934], [-76.4671302, 3.4095871], [-76.4673326, 3.4101057], [-76.4674055, 3.4103182], [-76.4674162, 3.4105372], [-76.4676707, 3.4105474], [-76.4677458, 3.4105511], [-76.4681234, 3.4105695], [-76.4683806, 3.4105956], [-76.4689794, 3.4106562], [-76.4691517, 3.4106844], [-76.4692443, 3.410684], [-76.4699542, 3.4107549], [-76.470069, 3.4107556], [-76.4705792, 3.4110447], [-76.4705343, 3.4111608], [-76.4711734, 3.4112737], [-76.4712478, 3.4112816], [-76.471409, 3.4113033], [-76.4719168, 3.4113589], [-76.4721872, 3.4113847], [-76.4722542, 3.4113922], [-76.472298, 3.4114166], [-76.4733847, 3.4120204], [-76.4735896, 3.4116439], [-76.4739159, 3.4110646], [-76.4739738, 3.4109707], [-76.4740268, 3.4108847], [-76.4740723, 3.4108324], [-76.4741595, 3.4107496], [-76.4747347, 3.4103663], [-76.4748718, 3.4102601], [-76.4749079, 3.410232], [-76.4745118, 3.4100191], [-76.4737366, 3.4096269], [-76.4734053, 3.4094676], [-76.4735208, 3.4092489], [-76.4736113, 3.409074], [-76.4735854, 3.4090151], [-76.4735618, 3.4089692], [-76.4732934, 3.4083246], [-76.4731886, 3.4080767], [-76.4730234, 3.407686], [-76.4729247, 3.4074389], [-76.4728857, 3.4073413], [-76.4728442, 3.4072375], [-76.4727941, 3.407112], [-76.4727583, 3.4070223], [-76.472676, 3.4068163], [-76.4725966, 3.4066175], [-76.4725095, 3.4063924], [-76.4724931, 3.4063501], [-76.4724168, 3.4061528], [-76.4723214, 3.4059062], [-76.47231, 3.4058767], [-76.4722272, 3.4056627], [-76.472129, 3.4054238], [-76.4719479, 3.4049828], [-76.471818, 3.4046396], [-76.4716601, 3.4043574], [-76.4715007, 3.4040276], [-76.4713265, 3.4035649], [-76.471307, 3.403453], [-76.4712954, 3.4033418], [-76.4712716, 3.4032726], [-76.4712126, 3.4031178], [-76.4710237, 3.4026316], [-76.4709309, 3.4023929], [-76.4708996, 3.4023123], [-76.47089, 3.402256], [-76.4708929, 3.4022274], [-76.470895, 3.4022059], [-76.4709427, 3.40199], [-76.4710388, 3.4017526], [-76.4709471, 3.4017032], [-76.470824, 3.401675], [-76.470739, 3.4016722], [-76.4706178, 3.4016682], [-76.4703652, 3.4016947], [-76.4700524, 3.4016743], [-76.4697922, 3.4016413], [-76.4696515, 3.4016371], [-76.469071, 3.4017835], [-76.4689028, 3.4018683], [-76.4687831, 3.4019656]]]}}, {"type": "Feature", "properties": {"name": "Pizamos II", "comuna": ""}, "geometry": {"type": "Polygon", "coordinates": [[[-76.4727941, 3.407112], [-76.4728442, 3.4072375], [-76.4728857, 3.4073413], [-76.4729247, 3.4074389], [-76.4730234, 3.407686], [-76.4731886, 3.4080767], [-76.4732934, 3.4083246], [-76.4735618, 3.4089692], [-76.4735854, 3.4090151], [-76.4736113, 3.409074], [-76.4755916, 3.4056118], [-76.4756065, 3.4055875], [-76.4757577, 3.4053403], [-76.4750024, 3.4046844], [-76.4744101, 3.4040239], [-76.4737109, 3.4033841], [-76.4731693, 3.4028997], [-76.4729883, 3.4025249], [-76.4729682, 3.4018415], [-76.4728874, 3.4018429], [-76.4729045, 3.4016966], [-76.4729011, 3.401642], [-76.4728904, 3.4015831], [-76.4728408, 3.4015048], [-76.4728196, 3.4014666], [-76.4728079, 3.4014235], [-76.4727992, 3.4013368], [-76.4728089, 3.4011052], [-76.4727916, 3.4009486], [-76.4725712, 3.4009787], [-76.4724747, 3.4009761], [-76.4724197, 3.4009673], [-76.4721052, 3.400907], [-76.4716968, 3.4008341], [-76.4712033, 3.4007645], [-76.470824, 3.401675], [-76.4709471, 3.4017032], [-76.4710388, 3.4017526], [-76.4709427, 3.40199], [-76.470895, 3.4022059], [-76.4708929, 3.4022274], [-76.47089, 3.402256], [-76.4708996, 3.4023123], [-76.4709309, 3.4023929], [-76.4710237, 3.4026316], [-76.4712126, 3.4031178], [-76.4712716, 3.4032726], [-76.4712954, 3.4033418], [-76.471307, 3.403453], [-76.4713265, 3.4035649], [-76.4715007, 3.4040276], [-76.4716601, 3.4043574], [-76.471818, 3.4046396], [-76.4719479, 3.4049828], [-76.472129, 3.4054238], [-76.4722272, 3.4056627], [-76.47231, 3.4058767], [-76.4723214, 3.4059062], [-76.4724168, 3.4061528], [-76.4724931, 3.4063501], [-76.4725095, 3.4063924], [-76.4725966, 3.4066175], [-76.472676, 3.4068163], [-76.4727583, 3.4070223], [-76.4727941, 3.407112]]]}}, {"type": "Feature", "properties": {"name": "Calimio Desepaz", "comuna": ""}, "geometry": {"type": "Polygon", "coordinates": [[[-76.4677458, 3.4105511], [-76.4676707, 3.4105474], [-76.4674162, 3.4105372], [-76.4674311, 3.4106501], [-76.4674739, 3.4109298], [-76.4674498, 3.4111453], [-76.467394, 3.4113537], [-76.4673828, 3.4113956], [-76.4673193, 3.4115494], [-76.4673096, 3.4115732], [-76.4672196, 3.4117799], [-76.4671396, 3.4119775], [-76.4670547, 3.412187], [-76.4669972, 3.4123453], [-76.4668958, 3.4125793], [-76.4668531, 3.412685], [-76.4668415, 3.4127136], [-76.4668182, 3.4127711], [-76.4667494, 3.4129408], [-76.4666824, 3.4131542], [-76.4666001, 3.4133654], [-76.4663737, 3.4139072], [-76.4663071, 3.4140808], [-76.4662857, 3.4141478], [-76.4661875, 3.414358], [-76.4661125, 3.4145492], [-76.4660479, 3.4147138], [-76.4659992, 3.414838], [-76.4659479, 3.4149081], [-76.4658322, 3.415066], [-76.465704, 3.415241], [-76.4655645, 3.4154314], [-76.4655008, 3.4155183], [-76.4654398, 3.4156017], [-76.4653114, 3.4157598], [-76.4649083, 3.416018], [-76.4647155, 3.4161415], [-76.4645028, 3.4162778], [-76.4644125, 3.4163357], [-76.4643707, 3.4163624], [-76.4645922, 3.4164871], [-76.4654336, 3.4169739], [-76.4662731, 3.4174575], [-76.4663557, 3.4175088], [-76.4663849, 3.4175274], [-76.4664143, 3.4175445], [-76.46651, 3.4176003], [-76.4667331, 3.4177343], [-76.4671651, 3.4179915], [-76.4676513, 3.4182805], [-76.4678915, 3.4184228], [-76.467927, 3.4184451], [-76.4679562, 3.4184816], [-76.467986, 3.4185307], [-76.468017, 3.4186038], [-76.4680208, 3.4186365], [-76.4680238, 3.4186541], [-76.4680356, 3.4186867], [-76.468043, 3.4186974], [-76.4680549, 3.4187133], [-76.4680704, 3.4187295], [-76.468087, 3.4187429], [-76.4681093, 3.4187543], [-76.4681261, 3.4187617], [-76.4681496, 3.4187681], [-76.4681757, 3.4187697], [-76.4682007, 3.4187665], [-76.4682316, 3.4187581], [-76.4682555, 3.4187476], [-76.4683735, 3.4188012], [-76.4686487, 3.4191278], [-76.4687199, 3.4191706], [-76.4688667, 3.4192588], [-76.4690357, 3.4193607], [-76.4691628, 3.4194316], [-76.469227, 3.4193179], [-76.4694286, 3.4189641], [-76.469589, 3.4186819], [-76.4697574, 3.4183856], [-76.469849, 3.4182245], [-76.4699979, 3.4179625], [-76.4700919, 3.4177973], [-76.4701637, 3.417671], [-76.4703239, 3.4173891], [-76.4704861, 3.4171039], [-76.4706598, 3.4167983], [-76.4708355, 3.4164892], [-76.4709976, 3.4162042], [-76.471158, 3.4159219], [-76.4713167, 3.4156427], [-76.4714523, 3.4154043], [-76.4714892, 3.4153393], [-76.4715444, 3.4152422], [-76.471731, 3.4149141], [-76.4718894, 3.4146354], [-76.4720562, 3.4143317], [-76.4720742, 3.4142988], [-76.4721129, 3.4142169], [-76.472147, 3.4141441], [-76.4721737, 3.4140948], [-76.4723498, 3.4137932], [-76.4725159, 3.4135086], [-76.4726752, 3.4132357], [-76.472853, 3.4129311], [-76.4728765, 3.4128909], [-76.4729491, 3.4127666], [-76.4733847, 3.4120204], [-76.472298, 3.4114166], [-76.4722542, 3.4113922], [-76.4721872, 3.4113847], [-76.4719168, 3.4113589], [-76.471409, 3.4113033], [-76.4712478, 3.4112816], [-76.4711734, 3.4112737], [-76.4705343, 3.4111608], [-76.4705792, 3.4110447], [-76.470069, 3.4107556], [-76.4699542, 3.4107549], [-76.4692443, 3.410684], [-76.4691517, 3.4106844], [-76.4689794, 3.4106562], [-76.4683806, 3.4105956], [-76.4681234, 3.4105695], [-76.4677458, 3.4105511]]]}}, {"type": "Feature", "properties": {"name": "Manuela Beltran", "comuna": ""}, "geometry": {"type": "Polygon", "coordinates": [[[-76.4744568, 3.4214572], [-76.4745545, 3.420966], [-76.4746902, 3.420705], [-76.474864, 3.4203808], [-76.474963, 3.4202661], [-76.4750579, 3.4201215], [-76.475235, 3.4198527], [-76.4754226, 3.4195484], [-76.4755199, 3.4194263], [-76.4756397, 3.4192698], [-76.4758193, 3.4190029], [-76.4760058, 3.4187256], [-76.4762724, 3.4183053], [-76.4763939, 3.4181897], [-76.4765176, 3.4180613], [-76.4767822, 3.4178413], [-76.4769117, 3.4177735], [-76.4771069, 3.4176496], [-76.4771169, 3.4176188], [-76.4772871, 3.4173163], [-76.4773092, 3.4172769], [-76.4773313, 3.4172333], [-76.4757664, 3.4163299], [-76.4754801, 3.4161739], [-76.4751682, 3.4159959], [-76.4748283, 3.4157974], [-76.4747296, 3.4157402], [-76.474375, 3.415524], [-76.4741077, 3.4153762], [-76.473801, 3.4151973], [-76.4728337, 3.4146386], [-76.4721129, 3.4142169], [-76.4720742, 3.4142988], [-76.4720562, 3.4143317], [-76.4718894, 3.4146354], [-76.471731, 3.4149141], [-76.4715444, 3.4152422], [-76.4714892, 3.4153393], [-76.4714523, 3.4154043], [-76.4713167, 3.4156427], [-76.471158, 3.4159219], [-76.4709976, 3.4162042], [-76.4708355, 3.4164892], [-76.4706598, 3.4167983], [-76.4704861, 3.4171039], [-76.4703239, 3.4173891], [-76.4701637, 3.417671], [-76.4700919, 3.4177973], [-76.4699979, 3.4179625], [-76.469849, 3.4182245], [-76.4697574, 3.4183856], [-76.469589, 3.4186819], [-76.4694286, 3.4189641], [-76.469227, 3.4193179], [-76.4691628, 3.4194316], [-76.4688563, 3.4199316], [-76.4683737, 3.4207813], [-76.4682214, 3.421064], [-76.4681321, 3.4212261], [-76.4680623, 3.4213528], [-76.4678987, 3.4216345], [-76.4677092, 3.4219423], [-76.4676853, 3.4219734], [-76.468101, 3.4226848], [-76.468288, 3.4230035], [-76.4684732, 3.4233474], [-76.4686763, 3.4236695], [-76.4690113, 3.4242429], [-76.4694274, 3.4249489], [-76.4694545, 3.4250011], [-76.4695034, 3.4250881], [-76.4695283, 3.4251328], [-76.4697587, 3.4255222], [-76.4698174, 3.4256264], [-76.4708551, 3.4253099], [-76.4712501, 3.4251894], [-76.4717003, 3.425052], [-76.4721332, 3.42492], [-76.4726121, 3.4247739], [-76.4730437, 3.4246423], [-76.4743691, 3.4243713], [-76.4746541, 3.4243082], [-76.475236, 3.4241794], [-76.4757052, 3.4240755], [-76.4761542, 3.423976], [-76.4762947, 3.4239449], [-76.4764454, 3.4238389], [-76.4763948, 3.423775], [-76.4760917, 3.423296], [-76.4757349, 3.4228599], [-76.4751658, 3.4222243], [-76.474846, 3.4219238], [-76.4747009, 3.4217838], [-76.474601, 3.4216439], [-76.4744568, 3.4214572]]]}}, {"type": "Feature", "properties": {"name": "El Aguacatal", "comuna": ""}, "geometry": {"type": "Polygon", "coordinates": [[[-76.5480308, 3.4548072], [-76.5479988, 3.4548715], [-76.5479666, 3.4549318], [-76.5479614, 3.4549981], [-76.547959, 3.4550292], [-76.5480242, 3.4551919], [-76.5485659, 3.4558837], [-76.5485016, 3.4559049], [-76.5478096, 3.4561335], [-76.5478742, 3.4562122], [-76.5481129, 3.4569659], [-76.5492924, 3.4585684], [-76.5501782, 3.4597718], [-76.5524715, 3.4606071], [-76.5541586, 3.4598735], [-76.5545986, 3.459646], [-76.5545703, 3.4599078], [-76.5545637, 3.4601064], [-76.5545691, 3.4604679], [-76.5545691, 3.4606633], [-76.5545181, 3.4608133], [-76.5544215, 3.4610355], [-76.5544215, 3.4612684], [-76.5544749, 3.4614356], [-76.5545623, 3.4615174], [-76.5548024, 3.4615174], [-76.5550666, 3.4614638], [-76.5554219, 3.4613768], [-76.5556861, 3.4613192], [-76.5558739, 3.461342], [-76.5561113, 3.4615227], [-76.5561984, 3.4616874], [-76.5564667, 3.4620568], [-76.5566652, 3.4623674], [-76.5570688, 3.4628413], [-76.557447, 3.4631693], [-76.5575999, 3.4632817], [-76.5578011, 3.463346], [-76.558198, 3.463105], [-76.5584368, 3.4629765], [-76.5587291, 3.4629631], [-76.5588793, 3.4630113], [-76.5590751, 3.4631291], [-76.559161, 3.4632335], [-76.5592146, 3.4634102], [-76.5592012, 3.4635575], [-76.5592387, 3.4635548], [-76.5608239, 3.4635494], [-76.5607569, 3.4632282], [-76.5606925, 3.4623045], [-76.5605369, 3.46118], [-76.5605503, 3.4607061], [-76.560659, 3.4604946], [-76.560716, 3.4604792], [-76.5607783, 3.4604424], [-76.5608601, 3.460342], [-76.5608836, 3.4602015], [-76.5608876, 3.4600301], [-76.5609509, 3.4597787], [-76.5610068, 3.4597156], [-76.5610918, 3.4596462], [-76.5611776, 3.4595632], [-76.561297, 3.4594721], [-76.5614163, 3.4593972], [-76.5615974, 3.4592673], [-76.5617369, 3.4591589], [-76.5618173, 3.4590772], [-76.5618749, 3.4589827], [-76.5619557, 3.4587865], [-76.5619782, 3.4587198], [-76.5620078, 3.4586542], [-76.5620373, 3.4585993], [-76.5621057, 3.458527], [-76.562225, 3.4584467], [-76.5623564, 3.4583731], [-76.5625801, 3.4582437], [-76.5628765, 3.457984], [-76.5631041, 3.4577146], [-76.5632175, 3.4572747], [-76.5632838, 3.4571682], [-76.5634458, 3.4569987], [-76.5635631, 3.4568334], [-76.5635465, 3.4564538], [-76.5635163, 3.4563551], [-76.5631108, 3.4558769], [-76.5630772, 3.4556191], [-76.5632294, 3.4553875], [-76.5635188, 3.4553165], [-76.5638257, 3.4553725], [-76.5641463, 3.4554261], [-76.5646416, 3.4554111], [-76.5650134, 3.4555506], [-76.5654563, 3.4558271], [-76.5660838, 3.4558557], [-76.5663158, 3.4558233], [-76.5665639, 3.4557563], [-76.5666879, 3.4557728], [-76.5667544, 3.4558152], [-76.566807, 3.4559159], [-76.5667664, 3.4561164], [-76.566679, 3.4562855], [-76.5667088, 3.4563922], [-76.5667887, 3.456436], [-76.5669166, 3.4564297], [-76.5670508, 3.4563908], [-76.5672573, 3.4562945], [-76.5674284, 3.4561626], [-76.5675847, 3.4563028], [-76.5678093, 3.4566278], [-76.5678954, 3.4568557], [-76.5681374, 3.4569404], [-76.5682097, 3.456761], [-76.5682696, 3.4564161], [-76.5684181, 3.456243], [-76.5689496, 3.4558632], [-76.5691804, 3.455847], [-76.5692914, 3.4559777], [-76.5694162, 3.4562318], [-76.5698166, 3.4564896], [-76.5701038, 3.4566019], [-76.5699693, 3.4563025], [-76.569977, 3.4562723], [-76.5699688, 3.4562211], [-76.5699116, 3.4561383], [-76.5699083, 3.4560549], [-76.5699313, 3.4559732], [-76.5700657, 3.4558159], [-76.5702054, 3.4557249], [-76.5702998, 3.4555972], [-76.5703213, 3.4555033], [-76.5703124, 3.4554045], [-76.5701879, 3.4552293], [-76.5700648, 3.4551344], [-76.5699118, 3.4550422], [-76.5697445, 3.4549676], [-76.5695496, 3.4549099], [-76.5692721, 3.4548755], [-76.5691072, 3.4548486], [-76.5689393, 3.4548751], [-76.56878, 3.4549174], [-76.5683618, 3.4550699], [-76.568263, 3.4550861], [-76.5681519, 3.4550332], [-76.567969, 3.4548499], [-76.5678859, 3.4547314], [-76.5678462, 3.4546754], [-76.5674943, 3.454554], [-76.5671476, 3.4546094], [-76.5670651, 3.4545883], [-76.5666359, 3.4545026], [-76.5663645, 3.4544678], [-76.5660348, 3.4544738], [-76.5658001, 3.4544638], [-76.5656886, 3.45438], [-76.5655443, 3.4542115], [-76.5654737, 3.4541577], [-76.5654429, 3.4541342], [-76.5652642, 3.4540936], [-76.5650996, 3.4541], [-76.5650563, 3.4541037], [-76.5646638, 3.4541368], [-76.5642537, 3.4542147], [-76.5641766, 3.4542233], [-76.5639779, 3.45423], [-76.5638153, 3.4542076], [-76.5636711, 3.454148], [-76.5636054, 3.4541467], [-76.5635477, 3.4541654], [-76.5633816, 3.4542322], [-76.5632913, 3.4542638], [-76.5631856, 3.4543033], [-76.5631549, 3.4543015], [-76.5630031, 3.454285], [-76.5628835, 3.4542757], [-76.5628352, 3.4542759], [-76.5627076, 3.4543388], [-76.5625424, 3.4544632], [-76.5624886, 3.454542], [-76.5623492, 3.4547271], [-76.5622521, 3.4548095], [-76.5621789, 3.4548717], [-76.5619831, 3.4548768], [-76.561734, 3.4547829], [-76.5615985, 3.4547283], [-76.561523, 3.4547346], [-76.5612631, 3.4548281], [-76.5610227, 3.4550197], [-76.5608863, 3.4551145], [-76.5606831, 3.4551805], [-76.560603, 3.4551557], [-76.5604618, 3.4550831], [-76.560062, 3.4549621], [-76.5596914, 3.4548575], [-76.5595854, 3.4548468], [-76.5595116, 3.4548642], [-76.5594586, 3.4549037], [-76.5594252, 3.4550304], [-76.5593726, 3.4551645], [-76.559272, 3.4552711], [-76.5591559, 3.4553534], [-76.5590153, 3.4554388], [-76.5589119, 3.4555104], [-76.5588304, 3.4556135], [-76.5588198, 3.4556552], [-76.5581793, 3.4556621], [-76.5559074, 3.4556353], [-76.5539253, 3.4557317], [-76.5526968, 3.4557665], [-76.5505993, 3.4558388], [-76.5489364, 3.4558856], [-76.5489592, 3.4557491], [-76.5489551, 3.455484], [-76.548876, 3.4553696], [-76.5488157, 3.4553267], [-76.5487526, 3.4552323], [-76.5486071, 3.4550476], [-76.5484656, 3.4548963], [-76.5483798, 3.4548247], [-76.5482316, 3.4547076], [-76.5481937, 3.454702], [-76.5480844, 3.4547698], [-76.5480308, 3.4548072]]]}}, {"type": "Feature", "properties": {"name": "Terr\u00f3n Colorado", "comuna": ""}, "geometry": {"type": "Polygon", "coordinates": [[[-76.5701038, 3.4566019], [-76.570272, 3.4566676], [-76.5707424, 3.4565942], [-76.5707929, 3.4565178], [-76.570797, 3.4537354], [-76.5707648, 3.4537334], [-76.570733, 3.4537278], [-76.570702, 3.4537185], [-76.5706724, 3.453706], [-76.5706415, 3.4536895], [-76.5706059, 3.4536604], [-76.5705733, 3.4536249], [-76.5705471, 3.4535841], [-76.5705282, 3.4535397], [-76.5705141, 3.45348], [-76.5705157, 3.4534224], [-76.5705245, 3.453376], [-76.5705407, 3.4533321], [-76.570567, 3.4532832], [-76.5705985, 3.453244], [-76.5706361, 3.4532156], [-76.5706902, 3.4531892], [-76.5713955, 3.4529466], [-76.572883, 3.4523341], [-76.5729206, 3.4523249], [-76.5729554, 3.4523222], [-76.5729889, 3.4523262], [-76.5730252, 3.4523303], [-76.5730614, 3.4523369], [-76.5731003, 3.452345], [-76.5731485, 3.452361], [-76.5734637, 3.4525096], [-76.5735053, 3.4525284], [-76.5735415, 3.4525404], [-76.5735776, 3.4525485], [-76.5736138, 3.4525552], [-76.57365, 3.4525578], [-76.5736795, 3.4525565], [-76.5737117, 3.4525511], [-76.5737385, 3.4525418], [-76.5737707, 3.4525244], [-76.5737962, 3.452511], [-76.573831, 3.4524855], [-76.5738606, 3.4524548], [-76.573886, 3.4524119], [-76.5739021, 3.4523718], [-76.5739048, 3.4523276], [-76.5739008, 3.4522874], [-76.5738874, 3.4522513], [-76.5738632, 3.4522178], [-76.5738351, 3.4521884], [-76.5738029, 3.4521669], [-76.573764, 3.4521495], [-76.5737184, 3.4521375], [-76.5736621, 3.4521308], [-76.5736004, 3.4521254], [-76.5735905, 3.4493713], [-76.57337, 3.4492418], [-76.5730481, 3.4491012], [-76.5726538, 3.4491026], [-76.5724204, 3.4492177], [-76.5718827, 3.4494868], [-76.5712577, 3.449555], [-76.5707722, 3.4495269], [-76.5703641, 3.4494124], [-76.5702666, 3.449385], [-76.5698402, 3.4491869], [-76.5696242, 3.449045], [-76.5693411, 3.4488557], [-76.5692957, 3.4488254], [-76.569057, 3.4487759], [-76.5688705, 3.4487625], [-76.5687408, 3.4487652], [-76.5685307, 3.4488987], [-76.5685045, 3.4489153], [-76.5683557, 3.4490337], [-76.5680698, 3.4491109], [-76.5678594, 3.4491239], [-76.567744, 3.4491349], [-76.5673953, 3.4491708], [-76.5672143, 3.4491628], [-76.5668508, 3.4492351], [-76.5666819, 3.449306], [-76.5663144, 3.4495055], [-76.5659563, 3.4497184], [-76.565719, 3.4498415], [-76.5655366, 3.4498388], [-76.5654252, 3.4498522], [-76.5652925, 3.4498455], [-76.5652187, 3.4498335], [-76.5650712, 3.4497558], [-76.5648781, 3.4496889], [-76.5646742, 3.4495591], [-76.5645857, 3.4493877], [-76.5646112, 3.4492672], [-76.5646125, 3.4490343], [-76.5645951, 3.4489098], [-76.5645455, 3.448721], [-76.5644248, 3.4484935], [-76.5643001, 3.4483944], [-76.5641686, 3.4483368], [-76.5639889, 3.4483127], [-76.5638629, 3.4483235], [-76.5636402, 3.4484439], [-76.5634847, 3.4485939], [-76.5634149, 3.4486715], [-76.5632889, 3.4487197], [-76.5631863, 3.4490609], [-76.5628631, 3.4490248], [-76.5625748, 3.4490208], [-76.562428, 3.4490208], [-76.5623112, 3.4490148], [-76.5622074, 3.4490081], [-76.5620752, 3.4489866], [-76.561858, 3.4489418], [-76.5616555, 3.4489151], [-76.5614006, 3.448911], [-76.5611606, 3.4488923], [-76.5609433, 3.4488911], [-76.5607964, 3.4488931], [-76.5606596, 3.4489058], [-76.5605912, 3.4489292], [-76.5605007, 3.4489787], [-76.5604256, 3.4490631], [-76.5603653, 3.4491935], [-76.5603264, 3.4492973], [-76.5602707, 3.4493455], [-76.5601943, 3.449377], [-76.560085, 3.4494051], [-76.5599455, 3.4494058], [-76.5598094, 3.4493797], [-76.5597155, 3.4493877], [-76.5596505, 3.4494411], [-76.5595661, 3.4495174], [-76.5594655, 3.4495951], [-76.559271, 3.4496834], [-76.5592032, 3.4497097], [-76.5591194, 3.4497197], [-76.5590315, 3.4497237], [-76.5589383, 3.4497157], [-76.5588438, 3.449715], [-76.5587412, 3.4497324], [-76.5586547, 3.4497512], [-76.5585689, 3.4497445], [-76.558481, 3.4497224], [-76.558414, 3.4496916], [-76.5582517, 3.4495965], [-76.5581404, 3.449545], [-76.5580753, 3.4495222], [-76.5580016, 3.4495155], [-76.5579332, 3.4495326], [-76.5578617, 3.4495623], [-76.5577948, 3.4496013], [-76.5577338, 3.4496489], [-76.5576798, 3.4497043], [-76.5576337, 3.4497665], [-76.5575964, 3.4498343], [-76.5575686, 3.4499065], [-76.5575508, 3.4499817], [-76.5575432, 3.4500587], [-76.5572898, 3.4500897], [-76.5572577, 3.4500935], [-76.557167, 3.450114], [-76.5570838, 3.4501467], [-76.5569777, 3.4502119], [-76.5569164, 3.450266], [-76.5568603, 3.4503317], [-76.5567999, 3.450408], [-76.5567436, 3.4504736], [-76.5566819, 3.4505419], [-76.5566189, 3.4506035], [-76.556563, 3.4506523], [-76.5565061, 3.4506909], [-76.5564523, 3.4507213], [-76.5563913, 3.4507467], [-76.5563252, 3.450769], [-76.556247, 3.4507913], [-76.5551398, 3.4510396], [-76.5549973, 3.4510814], [-76.554885, 3.4511529], [-76.5548027, 3.4512416], [-76.5547434, 3.4513492], [-76.5547195, 3.4514266], [-76.5546894, 3.4515423], [-76.5546745, 3.4516282], [-76.5546096, 3.4517599], [-76.5544913, 3.4518911], [-76.5541834, 3.4522325], [-76.5535922, 3.4528563], [-76.5533772, 3.4530868], [-76.5533269, 3.4531332], [-76.5532849, 3.4531675], [-76.5532439, 3.4531962], [-76.5531771, 3.4532381], [-76.5531047, 3.4532707], [-76.553021, 3.4533044], [-76.5528323, 3.4533597], [-76.5522915, 3.4535671], [-76.5519188, 3.4536953], [-76.5514715, 3.4538534], [-76.5513909, 3.4538732], [-76.5510453, 3.4539024], [-76.5508586, 3.4539062], [-76.5507356, 3.4539029], [-76.5506592, 3.4538937], [-76.5504237, 3.4538592], [-76.5503157, 3.4538338], [-76.550074, 3.453764], [-76.5500078, 3.4537592], [-76.5498747, 3.45377], [-76.5497573, 3.4538351], [-76.5496813, 3.4538773], [-76.5494476, 3.4539949], [-76.5487507, 3.4543831], [-76.5483961, 3.4545783], [-76.548323, 3.454622], [-76.5481937, 3.454702], [-76.5482316, 3.4547076], [-76.5483798, 3.4548247], [-76.5484656, 3.4548963], [-76.5486071, 3.4550476], [-76.5487526, 3.4552323], [-76.5488157, 3.4553267], [-76.548876, 3.4553696], [-76.5489551, 3.455484], [-76.5489592, 3.4557491], [-76.5489364, 3.4558856], [-76.5505993, 3.4558388], [-76.5526968, 3.4557665], [-76.5539253, 3.4557317], [-76.5559074, 3.4556353], [-76.5581793, 3.4556621], [-76.5588198, 3.4556552], [-76.5588304, 3.4556135], [-76.5589119, 3.4555104], [-76.5590153, 3.4554388], [-76.5591559, 3.4553534], [-76.559272, 3.4552711], [-76.5593726, 3.4551645], [-76.5594252, 3.4550304], [-76.5594586, 3.4549037], [-76.5595116, 3.4548642], [-76.5595854, 3.4548468], [-76.5596914, 3.4548575], [-76.560062, 3.4549621], [-76.5604618, 3.4550831], [-76.560603, 3.4551557], [-76.5606831, 3.4551805], [-76.5608863, 3.4551145], [-76.5610227, 3.4550197], [-76.5612631, 3.4548281], [-76.561523, 3.4547346], [-76.5615985, 3.4547283], [-76.561734, 3.4547829], [-76.5619831, 3.4548768], [-76.5621789, 3.4548717], [-76.5622521, 3.4548095], [-76.5623492, 3.4547271], [-76.5624886, 3.454542], [-76.5625424, 3.4544632], [-76.5627076, 3.4543388], [-76.5628352, 3.4542759], [-76.5628835, 3.4542757], [-76.5630031, 3.454285], [-76.5631549, 3.4543015], [-76.5631856, 3.4543033], [-76.5632913, 3.4542638], [-76.5633816, 3.4542322], [-76.5635477, 3.4541654], [-76.5636054, 3.4541467], [-76.5636711, 3.454148], [-76.5638153, 3.4542076], [-76.5639779, 3.45423], [-76.5641766, 3.4542233], [-76.5642537, 3.4542147], [-76.5646638, 3.4541368], [-76.5650563, 3.4541037], [-76.5650996, 3.4541], [-76.5652642, 3.4540936], [-76.5654429, 3.4541342], [-76.5654737, 3.4541577], [-76.5655443, 3.4542115], [-76.5656886, 3.45438], [-76.5658001, 3.4544638], [-76.5660348, 3.4544738], [-76.5663645, 3.4544678], [-76.5666359, 3.4545026], [-76.5670651, 3.4545883], [-76.5671476, 3.4546094], [-76.5674943, 3.454554], [-76.5678462, 3.4546754], [-76.5678859, 3.4547314], [-76.567969, 3.4548499], [-76.5681519, 3.4550332], [-76.568263, 3.4550861], [-76.5683618, 3.4550699], [-76.56878, 3.4549174], [-76.5689393, 3.4548751], [-76.5691072, 3.4548486], [-76.5692721, 3.4548755], [-76.5695496, 3.4549099], [-76.5697445, 3.4549676], [-76.5699118, 3.4550422], [-76.5700648, 3.4551344], [-76.5701879, 3.4552293], [-76.5703124, 3.4554045], [-76.5703213, 3.4555033], [-76.5702998, 3.4555972], [-76.5702054, 3.4557249], [-76.5700657, 3.4558159], [-76.5699313, 3.4559732], [-76.5699083, 3.4560549], [-76.5699116, 3.4561383], [-76.5699688, 3.4562211], [-76.569977, 3.4562723], [-76.5699693, 3.4563025], [-76.5701038, 3.4566019]]]}}, {"type": "Feature", "properties": {"name": "Vista Hermosa", "comuna": ""}, "geometry": {"type": "Polygon", "coordinates": [[[-76.5846607, 3.4561239], [-76.5845642, 3.455903], [-76.584422, 3.4554505], [-76.5844435, 3.4551641], [-76.5846124, 3.454634], [-76.584878, 3.4541413], [-76.5848646, 3.4539459], [-76.5847895, 3.4537183], [-76.5845454, 3.4534372], [-76.5840465, 3.4533194], [-76.58362, 3.4535041], [-76.5832043, 3.4539994], [-76.5830514, 3.4542163], [-76.5828368, 3.4542645], [-76.5825793, 3.4540637], [-76.5823849, 3.4538174], [-76.5820885, 3.453397], [-76.5817492, 3.4529539], [-76.5815923, 3.4527197], [-76.581316, 3.4525617], [-76.5810317, 3.4525122], [-76.5809355, 3.4524752], [-76.5806696, 3.4523729], [-76.5805838, 3.4522551], [-76.5805019, 3.4521012], [-76.5802994, 3.4516889], [-76.5800098, 3.4512752], [-76.579645, 3.4508121], [-76.5794921, 3.4505885], [-76.5793419, 3.4503261], [-76.579252, 3.4501133], [-76.5791783, 3.4498455], [-76.5789986, 3.4496675], [-76.5786271, 3.4496581], [-76.5781765, 3.4497076], [-76.5779109, 3.4497518], [-76.5777513, 3.4497076], [-76.5774429, 3.4495939], [-76.5771572, 3.4495791], [-76.5769172, 3.4496943], [-76.5766221, 3.4498924], [-76.5762734, 3.4500142], [-76.5759087, 3.4500155], [-76.5757008, 3.4498375], [-76.5755077, 3.4497572], [-76.5750356, 3.4496916], [-76.5744576, 3.4496206], [-76.5742444, 3.4495992], [-76.5740405, 3.4495537], [-76.573787, 3.4494868], [-76.5735905, 3.4493713], [-76.5736004, 3.4521254], [-76.5736621, 3.4521308], [-76.5737184, 3.4521375], [-76.573764, 3.4521495], [-76.5738029, 3.4521669], [-76.5738351, 3.4521884], [-76.5738632, 3.4522178], [-76.5738874, 3.4522513], [-76.5739008, 3.4522874], [-76.5739048, 3.4523276], [-76.5739021, 3.4523718], [-76.573886, 3.4524119], [-76.5738606, 3.4524548], [-76.573831, 3.4524855], [-76.5737962, 3.452511], [-76.5737707, 3.4525244], [-76.5737385, 3.4525418], [-76.5737117, 3.4525511], [-76.5736795, 3.4525565], [-76.57365, 3.4525578], [-76.5736138, 3.4525552], [-76.5735776, 3.4525485], [-76.5735415, 3.4525404], [-76.5735053, 3.4525284], [-76.5734637, 3.4525096], [-76.5731485, 3.452361], [-76.5731003, 3.452345], [-76.5730614, 3.4523369], [-76.5730252, 3.4523303], [-76.5729889, 3.4523262], [-76.5729554, 3.4523222], [-76.5729206, 3.4523249], [-76.572883, 3.4523341], [-76.5713955, 3.4529466], [-76.5706902, 3.4531892], [-76.5706361, 3.4532156], [-76.5705985, 3.453244], [-76.570567, 3.4532832], [-76.5705407, 3.4533321], [-76.5705245, 3.453376], [-76.5705157, 3.4534224], [-76.5705141, 3.45348], [-76.5705282, 3.4535397], [-76.5705471, 3.4535841], [-76.5705733, 3.4536249], [-76.5706059, 3.4536604], [-76.5706415, 3.4536895], [-76.5706724, 3.453706], [-76.570702, 3.4537185], [-76.570733, 3.4537278], [-76.5707648, 3.4537334], [-76.570797, 3.4537354], [-76.5707929, 3.4565178], [-76.5709669, 3.4562542], [-76.5711403, 3.4558632], [-76.5711902, 3.4558375], [-76.5712589, 3.4558021], [-76.5714572, 3.4558482], [-76.5715109, 3.4560549], [-76.5714273, 3.4565817], [-76.5715034, 3.456629], [-76.5716868, 3.4565792], [-76.5720823, 3.4562667], [-76.5724366, 3.4560749], [-76.5727472, 3.4560624], [-76.5728857, 3.4562891], [-76.5727859, 3.4566216], [-76.5727235, 3.456852], [-76.5728308, 3.4570412], [-76.573144, 3.4572928], [-76.5731939, 3.4575319], [-76.5730941, 3.4579229], [-76.5729681, 3.4582069], [-76.572983, 3.4583077], [-76.573507, 3.4583999], [-76.5739749, 3.4583077], [-76.5743741, 3.4581247], [-76.5749592, 3.457964], [-76.5751688, 3.4580387], [-76.5751576, 3.4584197], [-76.5752952, 3.4587299], [-76.5756955, 3.4592091], [-76.575729, 3.4594438], [-76.5756779, 3.459626], [-76.5756441, 3.4596857], [-76.5755774, 3.4597731], [-76.5755735, 3.4599088], [-76.5758388, 3.460086], [-76.5759771, 3.4601278], [-76.5761043, 3.460118], [-76.5762614, 3.4600047], [-76.57649, 3.4597331], [-76.5766315, 3.459662], [-76.5768206, 3.459658], [-76.5771505, 3.4596031], [-76.5773184, 3.4595144], [-76.577429, 3.4594343], [-76.577522, 3.4592992], [-76.5774871, 3.4591894], [-76.577514, 3.4591305], [-76.5774437, 3.4590939], [-76.57718, 3.4590971], [-76.5769562, 3.4590882], [-76.5768058, 3.4590007], [-76.5767595, 3.4588245], [-76.5767494, 3.4586416], [-76.5768904, 3.4585469], [-76.5771572, 3.4585388], [-76.5774936, 3.4586515], [-76.5778624, 3.4584895], [-76.5779659, 3.4585655], [-76.5781568, 3.4594671], [-76.5787344, 3.4601857], [-76.5789365, 3.4602293], [-76.5793907, 3.4600462], [-76.5795731, 3.4601089], [-76.5827379, 3.457614], [-76.5828449, 3.4575107], [-76.5829307, 3.4573541], [-76.5830728, 3.4572323], [-76.5832137, 3.457235], [-76.5838413, 3.4567745], [-76.5846607, 3.4561239]]]}}, {"type": "Feature", "properties": {"name": "Sector Patio Bonito", "comuna": ""}, "geometry": {"type": "Polygon", "coordinates": [[[-76.5831612, 3.4580955], [-76.5831856, 3.4581307], [-76.583258, 3.4583127], [-76.5832924, 3.4584205], [-76.5833414, 3.4585827], [-76.5833855, 3.4587761], [-76.5835566, 3.4595264], [-76.5835956, 3.4597085], [-76.5836427, 3.4599043], [-76.5837066, 3.4600602], [-76.5838401, 3.460235], [-76.5839634, 3.4603287], [-76.5842612, 3.4604813], [-76.5846528, 3.4606366], [-76.5851655, 3.4608469], [-76.5853019, 3.4609151], [-76.5853675, 3.4609713], [-76.5854118, 3.4610275], [-76.5854675, 3.461144], [-76.5856786, 3.4617074], [-76.585845, 3.4620904], [-76.5860341, 3.4623742], [-76.5863538, 3.4628967], [-76.5864724, 3.4630397], [-76.5866644, 3.4631627], [-76.587083, 3.463321], [-76.5872645, 3.4634314], [-76.587439, 3.463563], [-76.5875323, 3.4636593], [-76.5876144, 3.4637843], [-76.5877151, 3.4639523], [-76.587851, 3.464179], [-76.5879123, 3.4642989], [-76.587943, 3.464382], [-76.5880869, 3.4648041], [-76.5881211, 3.4648793], [-76.588173, 3.4649509], [-76.588243, 3.465024], [-76.5883557, 3.4650947], [-76.5886273, 3.4652463], [-76.5888209, 3.4653946], [-76.5889486, 3.4654947], [-76.5891078, 3.4656551], [-76.5892936, 3.4659489], [-76.589584, 3.466242], [-76.589684, 3.466369], [-76.589908, 3.466774], [-76.590024, 3.46691], [-76.590169, 3.467014], [-76.590422, 3.467149], [-76.590556, 3.467239], [-76.590603, 3.467294], [-76.590631, 3.467358], [-76.590811, 3.4672789], [-76.5928361, 3.4662669], [-76.5904999, 3.465544], [-76.5900627, 3.4649068], [-76.5899205, 3.464532], [-76.5896469, 3.4641144], [-76.5896148, 3.4640073], [-76.5893599, 3.463595], [-76.5889201, 3.4632041], [-76.5886626, 3.4627757], [-76.5886143, 3.4624758], [-76.5884614, 3.4618975], [-76.58822, 3.4615682], [-76.5872866, 3.4611439], [-76.5866402, 3.4608587], [-76.586038, 3.460587], [-76.5858731, 3.4604063], [-76.5855981, 3.4600221], [-76.5852535, 3.459674], [-76.5850805, 3.4592175], [-76.5848149, 3.458741], [-76.5846473, 3.4584251], [-76.5841953, 3.4578655], [-76.5836254, 3.4575067], [-76.5838413, 3.4567745], [-76.5832137, 3.457235], [-76.5830728, 3.4572323], [-76.5829307, 3.4573541], [-76.5828449, 3.4575107], [-76.5827379, 3.457614], [-76.5830254, 3.4579048], [-76.5831612, 3.4580955]]]}}, {"type": "Feature", "properties": {"name": "Granada", "comuna": ""}, "geometry": {"type": "Polygon", "coordinates": [[[-76.5367594, 3.4548468], [-76.5368544, 3.454646], [-76.5366315, 3.454737], [-76.5360644, 3.4549665], [-76.535702, 3.4551131], [-76.5355993, 3.4551547], [-76.5353551, 3.4552536], [-76.5351689, 3.4553258], [-76.5349696, 3.4554159], [-76.5347534, 3.4555137], [-76.5345528, 3.4556032], [-76.5343119, 3.4557133], [-76.5340072, 3.4558511], [-76.5338791, 3.4559081], [-76.5338169, 3.4557938], [-76.5336855, 3.4555525], [-76.5336399, 3.4554689], [-76.5335966, 3.4553895], [-76.5335787, 3.4553566], [-76.5331603, 3.4545883], [-76.5330913, 3.4544615], [-76.5328937, 3.4541092], [-76.5328051, 3.4539497], [-76.5327633, 3.4538883], [-76.5326191, 3.4539927], [-76.5324757, 3.4542565], [-76.5322986, 3.4544492], [-76.5321887, 3.4546607], [-76.5320304, 3.4555282], [-76.5318963, 3.4561922], [-76.5318024, 3.4565054], [-76.5314886, 3.4568267], [-76.5314242, 3.4568856], [-76.5311278, 3.4570743], [-76.5308315, 3.457231], [-76.5303487, 3.4576567], [-76.5301475, 3.4577638], [-76.5298685, 3.4577959], [-76.5292034, 3.4577557], [-76.5288821, 3.4577975], [-76.5290506, 3.4580798], [-76.5290915, 3.4581381], [-76.529125, 3.4581859], [-76.529154, 3.4582272], [-76.529184, 3.45827], [-76.5292114, 3.458309], [-76.5292711, 3.4583941], [-76.5297923, 3.4592539], [-76.5298229, 3.4593005], [-76.5298458, 3.4593357], [-76.5302173, 3.4599361], [-76.5302501, 3.4599817], [-76.5302761, 3.460023], [-76.5305122, 3.4603801], [-76.5306465, 3.4605974], [-76.5310014, 3.4611499], [-76.5310449, 3.4612124], [-76.531104, 3.4612366], [-76.5314395, 3.4613083], [-76.5318278, 3.4613801], [-76.5318803, 3.4613934], [-76.5319289, 3.4614232], [-76.5319754, 3.4614606], [-76.5323325, 3.4617924], [-76.5324031, 3.4618491], [-76.5324512, 3.4618807], [-76.5325834, 3.4619696], [-76.5326725, 3.462016], [-76.532855, 3.4620649], [-76.5329912, 3.4621243], [-76.5334227, 3.4623458], [-76.533495, 3.4623578], [-76.5335617, 3.4623513], [-76.5335748, 3.4624047], [-76.5335979, 3.4624532], [-76.5339893, 3.4628292], [-76.5340247, 3.4628646], [-76.5340485, 3.4629104], [-76.5340574, 3.4629611], [-76.5340538, 3.4629986], [-76.534039, 3.4630406], [-76.534013, 3.4630778], [-76.5339335, 3.4631249], [-76.5348588, 3.4633508], [-76.5352719, 3.4635069], [-76.5354717, 3.4630475], [-76.5355535, 3.4626329], [-76.535693, 3.4626058], [-76.5358251, 3.4625538], [-76.5359455, 3.4624786], [-76.5360502, 3.4623826], [-76.5361355, 3.4622693], [-76.5361987, 3.4621422], [-76.5362376, 3.4620058], [-76.5367256, 3.4618667], [-76.5368477, 3.4615147], [-76.5371668, 3.4611466], [-76.537534, 3.4611], [-76.537621, 3.460785], [-76.537636, 3.460601], [-76.537621, 3.460434], [-76.537568, 3.46014], [-76.5375832, 3.4598477], [-76.5375304, 3.4593521], [-76.537535, 3.4590889], [-76.5375625, 3.4589055], [-76.5375117, 3.4588764], [-76.5374122, 3.458809], [-76.5373523, 3.4587534], [-76.5372738, 3.458682], [-76.5371201, 3.4585766], [-76.5370548, 3.4586545], [-76.5369719, 3.4587024], [-76.5368869, 3.4586944], [-76.5368309, 3.4586564], [-76.5367919, 3.4586114], [-76.5367649, 3.4585484], [-76.536776, 3.458355], [-76.5367316, 3.4582499], [-76.536621, 3.458136], [-76.5364059, 3.4579694], [-76.5359475, 3.4585786], [-76.5357464, 3.458435], [-76.5352435, 3.4580759], [-76.5351875, 3.4580346], [-76.534587, 3.4575912], [-76.5345558, 3.4575682], [-76.5345761, 3.4575421], [-76.5349392, 3.4570778], [-76.5351063, 3.4569319], [-76.5355746, 3.4565003], [-76.5357082, 3.4563782], [-76.53611, 3.4559886], [-76.5365238, 3.4554717], [-76.536623, 3.4553328], [-76.5366881, 3.4552364], [-76.5367276, 3.4551774], [-76.5367471, 3.4551199], [-76.5367631, 3.4550462], [-76.5367625, 3.4549679], [-76.5367594, 3.4548468]]]}}, {"type": "Feature", "properties": {"name": "Centenario", "comuna": ""}, "geometry": {"type": "Polygon", "coordinates": [[[-76.5398585, 3.4518939], [-76.5399126, 3.4518124], [-76.5399778, 3.4517435], [-76.5400873, 3.4516574], [-76.540206, 3.451566], [-76.540305, 3.4515041], [-76.5404148, 3.4514536], [-76.5405076, 3.4514234], [-76.5408769, 3.451131], [-76.540761, 3.4510436], [-76.5404257, 3.4508348], [-76.5401937, 3.4507264], [-76.5399832, 3.4506862], [-76.5395969, 3.4506675], [-76.539082, 3.4506702], [-76.5384945, 3.4507866], [-76.5380278, 3.4509553], [-76.5377274, 3.4510999], [-76.5373519, 3.4513382], [-76.5369791, 3.451622], [-76.536684, 3.4518549], [-76.5362737, 3.4521869], [-76.5360162, 3.4524145], [-76.5355629, 3.4527143], [-76.5351176, 3.4529124], [-76.5349513, 3.4529901], [-76.5342942, 3.4531695], [-76.5331408, 3.4536648], [-76.5329343, 3.4537852], [-76.5327633, 3.4538883], [-76.5328051, 3.4539497], [-76.5328937, 3.4541092], [-76.5330913, 3.4544615], [-76.5331603, 3.4545883], [-76.5335787, 3.4553566], [-76.5335966, 3.4553895], [-76.5336399, 3.4554689], [-76.5336855, 3.4555525], [-76.5338169, 3.4557938], [-76.5338791, 3.4559081], [-76.5340072, 3.4558511], [-76.5343119, 3.4557133], [-76.5345528, 3.4556032], [-76.5347534, 3.4555137], [-76.5349696, 3.4554159], [-76.5351689, 3.4553258], [-76.5353551, 3.4552536], [-76.5355993, 3.4551547], [-76.535702, 3.4551131], [-76.5360644, 3.4549665], [-76.5366315, 3.454737], [-76.5368544, 3.454646], [-76.536874, 3.4546314], [-76.5372796, 3.4544503], [-76.5375503, 3.4543137], [-76.5379873, 3.4540344], [-76.5381621, 3.4539061], [-76.5382009, 3.4538745], [-76.5382373, 3.4538449], [-76.5387806, 3.45335], [-76.5393293, 3.4526629], [-76.5397291, 3.4520927], [-76.5398585, 3.4518939]]]}}, {"type": "Feature", "properties": {"name": "Juanamb\u00fa", "comuna": ""}, "geometry": {"type": "Polygon", "coordinates": [[[-76.5398585, 3.4518939], [-76.5397291, 3.4520927], [-76.5393293, 3.4526629], [-76.5387806, 3.45335], [-76.5382373, 3.4538449], [-76.5382009, 3.4538745], [-76.5381621, 3.4539061], [-76.5379873, 3.4540344], [-76.5375503, 3.4543137], [-76.5372796, 3.4544503], [-76.536874, 3.4546314], [-76.5368544, 3.454646], [-76.5367594, 3.4548468], [-76.5367625, 3.4549679], [-76.5367631, 3.4550462], [-76.5367471, 3.4551199], [-76.5367276, 3.4551774], [-76.5366881, 3.4552364], [-76.536623, 3.4553328], [-76.5365238, 3.4554717], [-76.53611, 3.4559886], [-76.5357082, 3.4563782], [-76.5355746, 3.4565003], [-76.5351063, 3.4569319], [-76.5349392, 3.4570778], [-76.5345761, 3.4575421], [-76.5345558, 3.4575682], [-76.534587, 3.4575912], [-76.5351875, 3.4580346], [-76.5352435, 3.4580759], [-76.5357464, 3.458435], [-76.5359475, 3.4585786], [-76.5364059, 3.4579694], [-76.536621, 3.458136], [-76.5367316, 3.4582499], [-76.536776, 3.458355], [-76.5367649, 3.4585484], [-76.5367919, 3.4586114], [-76.5368309, 3.4586564], [-76.5368869, 3.4586944], [-76.5369719, 3.4587024], [-76.5370548, 3.4586545], [-76.5371201, 3.4585766], [-76.5372738, 3.458682], [-76.5373523, 3.4587534], [-76.5374122, 3.458809], [-76.5375117, 3.4588764], [-76.5375625, 3.4589055], [-76.5376439, 3.4588986], [-76.5377164, 3.458826], [-76.5377891, 3.4587033], [-76.5378537, 3.4586149], [-76.5381485, 3.458764], [-76.5382555, 3.4585534], [-76.5382585, 3.4583733], [-76.5382188, 3.458294], [-76.5383105, 3.4582452], [-76.5384209, 3.4580793], [-76.5383001, 3.4579778], [-76.538656, 3.4573204], [-76.5387661, 3.4571464], [-76.5389312, 3.4567863], [-76.5390076, 3.4566856], [-76.5390963, 3.4566764], [-76.5391269, 3.4559409], [-76.5391758, 3.4557334], [-76.5393073, 3.4554587], [-76.5394479, 3.4552573], [-76.5395397, 3.4550467], [-76.5396146, 3.4550742], [-76.5396485, 3.4550583], [-76.5397793, 3.4549352], [-76.5398879, 3.4548133], [-76.5399496, 3.4546594], [-76.5401012, 3.4544546], [-76.5401709, 3.4542324], [-76.5401562, 3.4540449], [-76.5401642, 3.4538843], [-76.5402822, 3.4535202], [-76.5404995, 3.4529084], [-76.540529, 3.4527638], [-76.5405692, 3.4526126], [-76.5406671, 3.4524841], [-76.5407583, 3.4524519], [-76.5407449, 3.4522913], [-76.540702, 3.4521507], [-76.5406322, 3.4520584], [-76.5405719, 3.4518335], [-76.5405156, 3.4516086], [-76.5405076, 3.4514234], [-76.5404148, 3.4514536], [-76.540305, 3.4515041], [-76.540206, 3.451566], [-76.5400873, 3.4516574], [-76.5399778, 3.4517435], [-76.5399126, 3.4518124], [-76.5398585, 3.4518939]]]}}, {"type": "Feature", "properties": {"name": "Altos de Normand\u00eda - Batacl\u00e1n", "comuna": ""}, "geometry": {"type": "Polygon", "coordinates": [[[-76.5438592, 3.4556175], [-76.5438536, 3.4555282], [-76.5438133, 3.4553809], [-76.5437758, 3.4552953], [-76.5438053, 3.4552256], [-76.543816, 3.4551841], [-76.5437678, 3.4551186], [-76.543698, 3.4550757], [-76.543462, 3.4551172], [-76.5432192, 3.4551038], [-76.5431334, 3.4550704], [-76.5430221, 3.4549713], [-76.5429993, 3.4549151], [-76.5429698, 3.4548], [-76.5429483, 3.4545965], [-76.5429215, 3.4545188], [-76.5428276, 3.4544211], [-76.5427525, 3.4543542], [-76.5427177, 3.4542337], [-76.5425527, 3.4541012], [-76.5423609, 3.4539392], [-76.5422295, 3.4538267], [-76.5420981, 3.453713], [-76.5419653, 3.4535135], [-76.5418714, 3.4533368], [-76.5418138, 3.4532203], [-76.5418138, 3.4530583], [-76.5418325, 3.4528857], [-76.5418285, 3.4527518], [-76.5418607, 3.4526782], [-76.541858, 3.4525818], [-76.5418446, 3.4525269], [-76.541854, 3.4523957], [-76.5418486, 3.4522136], [-76.5418299, 3.4520918], [-76.541744, 3.4520169], [-76.5416908, 3.4519841], [-76.5416948, 3.4518977], [-76.5416904, 3.4517772], [-76.5417454, 3.4516581], [-76.5417494, 3.4515456], [-76.541739, 3.4515164], [-76.541681, 3.4515282], [-76.5413511, 3.4514613], [-76.5411124, 3.4513087], [-76.5408769, 3.451131], [-76.5405076, 3.4514234], [-76.5405156, 3.4516086], [-76.5405719, 3.4518335], [-76.5406322, 3.4520584], [-76.540702, 3.4521507], [-76.5407449, 3.4522913], [-76.5407583, 3.4524519], [-76.5406671, 3.4524841], [-76.5405692, 3.4526126], [-76.540529, 3.4527638], [-76.5404995, 3.4529084], [-76.5402822, 3.4535202], [-76.5401642, 3.4538843], [-76.5401562, 3.4540449], [-76.5401709, 3.4542324], [-76.5401012, 3.4544546], [-76.5399496, 3.4546594], [-76.5398879, 3.4548133], [-76.5397793, 3.4549352], [-76.5396485, 3.4550583], [-76.5396146, 3.4550742], [-76.5395397, 3.4550467], [-76.5394479, 3.4552573], [-76.5393073, 3.4554587], [-76.5391758, 3.4557334], [-76.5391269, 3.4559409], [-76.5390963, 3.4566764], [-76.5390076, 3.4566856], [-76.5389312, 3.4567863], [-76.5387661, 3.4571464], [-76.538656, 3.4573204], [-76.5383001, 3.4579778], [-76.5384209, 3.4580793], [-76.5383105, 3.4582452], [-76.5382188, 3.458294], [-76.5382585, 3.4583733], [-76.5382555, 3.4585534], [-76.5381485, 3.458764], [-76.5378537, 3.4586149], [-76.5377891, 3.4587033], [-76.5377164, 3.458826], [-76.5376439, 3.4588986], [-76.5375625, 3.4589055], [-76.537535, 3.4590889], [-76.5375304, 3.4593521], [-76.5375832, 3.4598477], [-76.537568, 3.46014], [-76.537621, 3.460434], [-76.537636, 3.460601], [-76.537621, 3.460785], [-76.537534, 3.4611], [-76.5371668, 3.4611466], [-76.5368477, 3.4615147], [-76.5367256, 3.4618667], [-76.5362376, 3.4620058], [-76.5361987, 3.4621422], [-76.5361355, 3.4622693], [-76.5360502, 3.4623826], [-76.5359455, 3.4624786], [-76.5358251, 3.4625538], [-76.535693, 3.4626058], [-76.5355535, 3.4626329], [-76.5354717, 3.4630475], [-76.5366814, 3.4636672], [-76.5377006, 3.4641692], [-76.538465, 3.46454], [-76.5400529, 3.4653513], [-76.5408415, 3.4588052], [-76.5418164, 3.4586178], [-76.5428987, 3.4576861], [-76.5414731, 3.4564398], [-76.5438592, 3.4556175]]]}}, {"type": "Feature", "properties": {"name": "Normand\u00eda", "comuna": ""}, "geometry": {"type": "Polygon", "coordinates": [[[-76.5476531, 3.4543961], [-76.5475631, 3.4544198], [-76.5471996, 3.4544211], [-76.5469757, 3.4543595], [-76.5467812, 3.4542498], [-76.5466565, 3.4541346], [-76.5465438, 3.4539673], [-76.546458, 3.4536018], [-76.5463212, 3.4531507], [-76.5461321, 3.4524265], [-76.546002, 3.4518776], [-76.5459645, 3.4516848], [-76.5458465, 3.4510825], [-76.5457311, 3.4509044], [-76.545589, 3.4508147], [-76.5453824, 3.4507732], [-76.5450646, 3.450804], [-76.5448983, 3.4508388], [-76.5447789, 3.4509058], [-76.5446113, 3.451049], [-76.5444356, 3.4511454], [-76.5442398, 3.4511534], [-76.543977, 3.4510918], [-76.5435371, 3.4510624], [-76.5432206, 3.4510517], [-76.5428987, 3.4511374], [-76.5424454, 3.451298], [-76.5422067, 3.4514212], [-76.541739, 3.4515164], [-76.5417494, 3.4515456], [-76.5417454, 3.4516581], [-76.5416904, 3.4517772], [-76.5416948, 3.4518977], [-76.5416908, 3.4519841], [-76.541744, 3.4520169], [-76.5418299, 3.4520918], [-76.5418486, 3.4522136], [-76.541854, 3.4523957], [-76.5418446, 3.4525269], [-76.541858, 3.4525818], [-76.5418607, 3.4526782], [-76.5418285, 3.4527518], [-76.5418325, 3.4528857], [-76.5418138, 3.4530583], [-76.5418138, 3.4532203], [-76.5418714, 3.4533368], [-76.5419653, 3.4535135], [-76.5420981, 3.453713], [-76.5422295, 3.4538267], [-76.5423609, 3.4539392], [-76.5425527, 3.4541012], [-76.5427177, 3.4542337], [-76.5427525, 3.4543542], [-76.5428276, 3.4544211], [-76.5429215, 3.4545188], [-76.5429483, 3.4545965], [-76.5429698, 3.4548], [-76.5429993, 3.4549151], [-76.5430221, 3.4549713], [-76.5431334, 3.4550704], [-76.5432192, 3.4551038], [-76.543462, 3.4551172], [-76.543698, 3.4550757], [-76.5437678, 3.4551186], [-76.543816, 3.4551841], [-76.5438053, 3.4552256], [-76.5437758, 3.4552953], [-76.5438133, 3.4553809], [-76.5438536, 3.4555282], [-76.5438592, 3.4556175], [-76.5441728, 3.4555094], [-76.5453529, 3.4559244], [-76.5466753, 3.4567343], [-76.5468777, 3.4551647], [-76.5477602, 3.4558629], [-76.5478096, 3.4561335], [-76.5485016, 3.4559049], [-76.5485659, 3.4558837], [-76.5480242, 3.4551919], [-76.547959, 3.4550292], [-76.5479614, 3.4549981], [-76.5479666, 3.4549318], [-76.5479988, 3.4548715], [-76.5480308, 3.4548072], [-76.5480844, 3.4547698], [-76.5481937, 3.454702], [-76.5481847, 3.4546748], [-76.5479909, 3.454571], [-76.5477891, 3.4544813], [-76.5476531, 3.4543961]]]}}, {"type": "Feature", "properties": {"name": "Arboledas", "comuna": ""}, "geometry": {"type": "Polygon", "coordinates": [[[-76.5543562, 3.4476883], [-76.5543515, 3.4475999], [-76.5543688, 3.4475103], [-76.5544133, 3.4474387], [-76.5544949, 3.4473309], [-76.554565, 3.447215], [-76.554589, 3.4470964], [-76.554565, 3.4469895], [-76.5544819, 3.4468187], [-76.5543746, 3.4466455], [-76.5541021, 3.4467249], [-76.5539921, 3.446749], [-76.5538741, 3.4467464], [-76.553764, 3.4467216], [-76.5536461, 3.446666], [-76.5535522, 3.4465884], [-76.5534557, 3.4465001], [-76.5533833, 3.4464452], [-76.5532881, 3.4464197], [-76.5532143, 3.4464278], [-76.5531512, 3.4464478], [-76.5531043, 3.4464706], [-76.5530587, 3.4465161], [-76.5530158, 3.446567], [-76.5529542, 3.4466687], [-76.5529192, 3.4467912], [-76.5528923, 3.4468777], [-76.5528736, 3.4469063], [-76.5527958, 3.4470215], [-76.5526958, 3.447089], [-76.55264, 3.4471077], [-76.5524337, 3.4471767], [-76.5523076, 3.4472062], [-76.552238, 3.4472015], [-76.5521709, 3.4471506], [-76.5520181, 3.4469846], [-76.5519161, 3.4468909], [-76.551841, 3.4468722], [-76.5517685, 3.4468796], [-76.5517014, 3.446909], [-76.5516317, 3.4469546], [-76.5515916, 3.4470114], [-76.5515099, 3.4469232], [-76.5513973, 3.4469553], [-76.5509521, 3.4472003], [-76.5509961, 3.4472791], [-76.5508379, 3.4473621], [-76.5507254, 3.4474398], [-76.5505605, 3.4475679], [-76.5504999, 3.4474933], [-76.5504355, 3.4474371], [-76.5503685, 3.4473836], [-76.5502988, 3.4473595], [-76.5502129, 3.4473488], [-76.5501137, 3.4473889], [-76.5500691, 3.4474083], [-76.549875, 3.4474933], [-76.5496211, 3.4475804], [-76.5495744, 3.4475863], [-76.5495263, 3.4475716], [-76.5494751, 3.4475355], [-76.5492897, 3.4473937], [-76.5489763, 3.4471339], [-76.5488905, 3.4470857], [-76.5488048, 3.447065], [-76.5487055, 3.4470703], [-76.5484695, 3.4471132], [-76.5482937, 3.4471072], [-76.5472172, 3.4469575], [-76.5469689, 3.4469653], [-76.546855, 3.446966], [-76.5467569, 3.446962], [-76.5466444, 3.4469446], [-76.5465546, 3.4469205], [-76.5464693, 3.4468799], [-76.5463575, 3.4467583], [-76.5462681, 3.4466215], [-76.5462214, 3.4464721], [-76.5461996, 3.4463139], [-76.5461665, 3.4464482], [-76.5461366, 3.4465715], [-76.5460904, 3.4466897], [-76.5460313, 3.4467879], [-76.5460135, 3.4468138], [-76.5459744, 3.446879], [-76.5459497, 3.4469304], [-76.545922, 3.4470145], [-76.5459088, 3.4470933], [-76.545921, 3.4471959], [-76.545985, 3.4473237], [-76.5460796, 3.4474289], [-76.5462267, 3.4475177], [-76.5463359, 3.4475485], [-76.5464418, 3.4476001], [-76.5465288, 3.4476752], [-76.546592, 3.4477712], [-76.5466347, 3.4478762], [-76.5466263, 3.4479372], [-76.5465926, 3.4479851], [-76.5465282, 3.4480522], [-76.5464374, 3.4481012], [-76.5463047, 3.4481152], [-76.5461291, 3.4481264], [-76.5455997, 3.4481044], [-76.5454668, 3.4480989], [-76.5449422, 3.4481288], [-76.5448712, 3.4481259], [-76.5448032, 3.4481785], [-76.544757, 3.4482508], [-76.5447441, 3.4482907], [-76.5447324, 3.4483406], [-76.5446204, 3.448615], [-76.544585, 3.4487187], [-76.5445595, 3.4488308], [-76.5445632, 3.4489359], [-76.5445955, 3.4490381], [-76.5446299, 3.4491196], [-76.5447131, 3.4492803], [-76.5447989, 3.4493967], [-76.5449228, 3.4494631], [-76.5450407, 3.4494979], [-76.5451556, 3.4495293], [-76.545466, 3.4496039], [-76.5456112, 3.4496693], [-76.5456668, 3.4496924], [-76.5458716, 3.4497941], [-76.5469943, 3.4504103], [-76.5471062, 3.4505169], [-76.547166, 3.4506151], [-76.5471887, 3.4507892], [-76.547186, 3.450911], [-76.5471908, 3.4510546], [-76.5472089, 3.4512214], [-76.5472585, 3.4513192], [-76.5473337, 3.4514062], [-76.5478566, 3.4518466], [-76.5479101, 3.4518683], [-76.5480649, 3.4519855], [-76.5480854, 3.4519957], [-76.5481444, 3.4520048], [-76.5481959, 3.4520092], [-76.5482297, 3.4520099], [-76.5482668, 3.4520089], [-76.5483418, 3.4520042], [-76.5486919, 3.4519517], [-76.5488701, 3.4519171], [-76.5493511, 3.4518213], [-76.5495431, 3.4517583], [-76.5506937, 3.4512359], [-76.5515542, 3.4508115], [-76.5517731, 3.4507028], [-76.5517366, 3.4505818], [-76.5517312, 3.4504747], [-76.5517572, 3.4503828], [-76.5518143, 3.4502588], [-76.5518835, 3.4501629], [-76.5520182, 3.4500651], [-76.5522234, 3.4499178], [-76.5525185, 3.4496822], [-76.5526445, 3.4495684], [-76.5527156, 3.449472], [-76.5527585, 3.4493542], [-76.5528254, 3.4491488], [-76.552843, 3.4490135], [-76.5528698, 3.4489158], [-76.5529134, 3.4488366], [-76.552989, 3.448783], [-76.5531112, 3.4487438], [-76.553472, 3.4486889], [-76.5537858, 3.4486836], [-76.5540486, 3.4486857], [-76.5542571, 3.4486841], [-76.5546159, 3.4486422], [-76.5547272, 3.4486395], [-76.5548423, 3.4486587], [-76.5549297, 3.4485484], [-76.5550558, 3.448365], [-76.5551738, 3.4482445], [-76.5553347, 3.4481293], [-76.5554419, 3.4480157], [-76.5553508, 3.4479594], [-76.5552636, 3.4479112], [-76.555175, 3.4478704], [-76.5550705, 3.4478603], [-76.5549632, 3.4478443], [-76.5547538, 3.4478516], [-76.5545743, 3.4478469], [-76.5544938, 3.4478309], [-76.5544454, 3.4478008], [-76.5544025, 3.447766], [-76.5543562, 3.4476883]]]}}, {"type": "Feature", "properties": {"name": "Santa Teresita", "comuna": ""}, "geometry": {"type": "Polygon", "coordinates": [[[-76.5564264, 3.448278], [-76.5563402, 3.4482099], [-76.5563211, 3.448188], [-76.556521, 3.4480089], [-76.5565707, 3.4479652], [-76.5566172, 3.4479244], [-76.5567162, 3.4478373], [-76.5563826, 3.4476354], [-76.556307, 3.4476354], [-76.5560139, 3.4477733], [-76.555767, 3.4480009], [-76.5556429, 3.4480531], [-76.5555565, 3.4480585], [-76.5554419, 3.4480157], [-76.5553347, 3.4481293], [-76.5551738, 3.4482445], [-76.5550558, 3.448365], [-76.5549297, 3.4485484], [-76.5548423, 3.4486587], [-76.5547272, 3.4486395], [-76.5546159, 3.4486422], [-76.5542571, 3.4486841], [-76.5540486, 3.4486857], [-76.5537858, 3.4486836], [-76.553472, 3.4486889], [-76.5531112, 3.4487438], [-76.552989, 3.448783], [-76.5529134, 3.4488366], [-76.5528698, 3.4489158], [-76.552843, 3.4490135], [-76.5528254, 3.4491488], [-76.5527585, 3.4493542], [-76.5527156, 3.449472], [-76.5526445, 3.4495684], [-76.5525185, 3.4496822], [-76.5522234, 3.4499178], [-76.5520182, 3.4500651], [-76.5518835, 3.4501629], [-76.5518143, 3.4502588], [-76.5517572, 3.4503828], [-76.5517312, 3.4504747], [-76.5517366, 3.4505818], [-76.5517731, 3.4507028], [-76.5515542, 3.4508115], [-76.5506937, 3.4512359], [-76.5495431, 3.4517583], [-76.5493511, 3.4518213], [-76.5488701, 3.4519171], [-76.5486919, 3.4519517], [-76.5483418, 3.4520042], [-76.5482668, 3.4520089], [-76.5482297, 3.4520099], [-76.5481959, 3.4520092], [-76.5481444, 3.4520048], [-76.5480854, 3.4519957], [-76.5480649, 3.4519855], [-76.5479101, 3.4518683], [-76.5478566, 3.4518466], [-76.5473337, 3.4514062], [-76.5472585, 3.4513192], [-76.5472089, 3.4512214], [-76.5471908, 3.4510546], [-76.547186, 3.450911], [-76.5471887, 3.4507892], [-76.547166, 3.4506151], [-76.5471062, 3.4505169], [-76.5469943, 3.4504103], [-76.5458716, 3.4497941], [-76.5456668, 3.4496924], [-76.5456112, 3.4496693], [-76.545466, 3.4496039], [-76.5451556, 3.4495293], [-76.5450407, 3.4494979], [-76.5449228, 3.4494631], [-76.5447989, 3.4493967], [-76.5447131, 3.4492803], [-76.5446299, 3.4491196], [-76.5445955, 3.4490381], [-76.5445632, 3.4489359], [-76.5445595, 3.4488308], [-76.544585, 3.4487187], [-76.5446204, 3.448615], [-76.5447324, 3.4483406], [-76.5447441, 3.4482907], [-76.544757, 3.4482508], [-76.5448032, 3.4481785], [-76.5448712, 3.4481259], [-76.5443693, 3.4481348], [-76.5442231, 3.4481402], [-76.5440956, 3.448173], [-76.5439427, 3.4482361], [-76.5433943, 3.44851], [-76.5427961, 3.4488066], [-76.5424112, 3.4489768], [-76.5426071, 3.4489431], [-76.542901, 3.4488931], [-76.5433036, 3.4487971], [-76.5436044, 3.4487304], [-76.5439135, 3.4486253], [-76.5440239, 3.448964], [-76.5440775, 3.4490671], [-76.5441547, 3.44914], [-76.5442549, 3.4492297], [-76.5443887, 3.4493536], [-76.5444524, 3.4494459], [-76.5444852, 3.4495771], [-76.5444858, 3.449618], [-76.544494, 3.4501958], [-76.5444945, 3.4502308], [-76.5444949, 3.4502716], [-76.5444973, 3.4505288], [-76.5444907, 3.4507564], [-76.5444864, 3.4507979], [-76.5444833, 3.450819], [-76.5444356, 3.4511454], [-76.5446113, 3.451049], [-76.5447789, 3.4509058], [-76.5448983, 3.4508388], [-76.5450646, 3.450804], [-76.5453824, 3.4507732], [-76.545589, 3.4508147], [-76.5457311, 3.4509044], [-76.5458465, 3.4510825], [-76.5459645, 3.4516848], [-76.546002, 3.4518776], [-76.5461321, 3.4524265], [-76.5463212, 3.4531507], [-76.546458, 3.4536018], [-76.5465438, 3.4539673], [-76.5466565, 3.4541346], [-76.5467812, 3.4542498], [-76.5469757, 3.4543595], [-76.5471996, 3.4544211], [-76.5475631, 3.4544198], [-76.5476531, 3.4543961], [-76.5476638, 3.45439], [-76.5478393, 3.4542123], [-76.5479963, 3.4540262], [-76.5482055, 3.4536929], [-76.548522, 3.453211], [-76.5487111, 3.4530289], [-76.5491684, 3.4528589], [-76.5494379, 3.4527679], [-76.5497383, 3.4526367], [-76.5500844, 3.4525001], [-76.5504009, 3.4523917], [-76.5507361, 3.4522538], [-76.5509292, 3.4522203], [-76.5511908, 3.4521748], [-76.5513772, 3.4520865], [-76.5518171, 3.4518656], [-76.5522274, 3.4516233], [-76.5527035, 3.4513368], [-76.5528135, 3.4512525], [-76.5530536, 3.4511333], [-76.5531823, 3.4510677], [-76.5534049, 3.4509071], [-76.5536436, 3.4507183], [-76.5539883, 3.4505175], [-76.554274, 3.4504011], [-76.5545435, 3.4503422], [-76.5547742, 3.4503047], [-76.5549633, 3.4503315], [-76.5551443, 3.4502993], [-76.5552235, 3.4502244], [-76.55543, 3.4500169], [-76.5556191, 3.4497224], [-76.555784, 3.4494935], [-76.5559249, 3.4491842], [-76.5560322, 3.4489593], [-76.5561059, 3.4487987], [-76.5561408, 3.4486407], [-76.5562601, 3.448373], [-76.5564264, 3.448278]]]}}, {"type": "Feature", "properties": {"name": "Santa Rita", "comuna": ""}, "geometry": {"type": "Polygon", "coordinates": [[[-76.5476531, 3.4543961], [-76.5477891, 3.4544813], [-76.5479909, 3.454571], [-76.5481847, 3.4546748], [-76.5481937, 3.454702], [-76.548323, 3.454622], [-76.5483961, 3.4545783], [-76.5487507, 3.4543831], [-76.5494476, 3.4539949], [-76.5496813, 3.4538773], [-76.5497573, 3.4538351], [-76.5498747, 3.45377], [-76.5500078, 3.4537592], [-76.550074, 3.453764], [-76.5503157, 3.4538338], [-76.5504237, 3.4538592], [-76.5506592, 3.4538937], [-76.5507356, 3.4539029], [-76.5508586, 3.4539062], [-76.5510453, 3.4539024], [-76.5513909, 3.4538732], [-76.5514715, 3.4538534], [-76.5519188, 3.4536953], [-76.5522915, 3.4535671], [-76.5528323, 3.4533597], [-76.553021, 3.4533044], [-76.5531047, 3.4532707], [-76.5531771, 3.4532381], [-76.5532439, 3.4531962], [-76.5532849, 3.4531675], [-76.5533269, 3.4531332], [-76.5533772, 3.4530868], [-76.5535922, 3.4528563], [-76.5541834, 3.4522325], [-76.5544913, 3.4518911], [-76.5546096, 3.4517599], [-76.5546745, 3.4516282], [-76.5546894, 3.4515423], [-76.5547195, 3.4514266], [-76.5547434, 3.4513492], [-76.5548027, 3.4512416], [-76.554885, 3.4511529], [-76.5549973, 3.4510814], [-76.5551398, 3.4510396], [-76.556247, 3.4507913], [-76.5563252, 3.450769], [-76.5563913, 3.4507467], [-76.5564523, 3.4507213], [-76.5565061, 3.4506909], [-76.556563, 3.4506523], [-76.5566189, 3.4506035], [-76.5566819, 3.4505419], [-76.5567436, 3.4504736], [-76.5567999, 3.450408], [-76.5568603, 3.4503317], [-76.5569164, 3.450266], [-76.5569777, 3.4502119], [-76.5570838, 3.4501467], [-76.557167, 3.450114], [-76.5572577, 3.4500935], [-76.5572898, 3.4500897], [-76.5575432, 3.4500587], [-76.5575508, 3.4499817], [-76.5575686, 3.4499065], [-76.5575964, 3.4498343], [-76.5576337, 3.4497665], [-76.5576798, 3.4497043], [-76.5577338, 3.4496489], [-76.5577948, 3.4496013], [-76.5578617, 3.4495623], [-76.5579332, 3.4495326], [-76.5576728, 3.4490333], [-76.5576575, 3.4490042], [-76.5575805, 3.4490249], [-76.5574899, 3.4490062], [-76.5572687, 3.4488629], [-76.5572164, 3.4488322], [-76.557097, 3.4487385], [-76.5569669, 3.4486327], [-76.5567912, 3.4484788], [-76.5566826, 3.4483891], [-76.5565793, 3.4483315], [-76.5564264, 3.448278], [-76.5562601, 3.448373], [-76.5561408, 3.4486407], [-76.5561059, 3.4487987], [-76.5560322, 3.4489593], [-76.5559249, 3.4491842], [-76.555784, 3.4494935], [-76.5556191, 3.4497224], [-76.55543, 3.4500169], [-76.5552235, 3.4502244], [-76.5551443, 3.4502993], [-76.5549633, 3.4503315], [-76.5547742, 3.4503047], [-76.5545435, 3.4503422], [-76.554274, 3.4504011], [-76.5539883, 3.4505175], [-76.5536436, 3.4507183], [-76.5534049, 3.4509071], [-76.5531823, 3.4510677], [-76.5530536, 3.4511333], [-76.5528135, 3.4512525], [-76.5527035, 3.4513368], [-76.5522274, 3.4516233], [-76.5518171, 3.4518656], [-76.5513772, 3.4520865], [-76.5511908, 3.4521748], [-76.5509292, 3.4522203], [-76.5507361, 3.4522538], [-76.5504009, 3.4523917], [-76.5500844, 3.4525001], [-76.5497383, 3.4526367], [-76.5494379, 3.4527679], [-76.5491684, 3.4528589], [-76.5487111, 3.4530289], [-76.548522, 3.453211], [-76.5482055, 3.4536929], [-76.5479963, 3.4540262], [-76.5478393, 3.4542123], [-76.5476638, 3.45439], [-76.5476531, 3.4543961]]]}}, {"type": "Feature", "properties": {"name": "Altos de Menga", "comuna": ""}, "geometry": {"type": "Polygon", "coordinates": [[[-76.5314108, 3.4880277], [-76.5313412, 3.4879854], [-76.5312795, 3.4879613], [-76.5307893, 3.4878308], [-76.5298406, 3.4875555], [-76.5297161, 3.487517], [-76.5295843, 3.4874794], [-76.5294823, 3.4874548], [-76.5294019, 3.4874553], [-76.5293823, 3.48746], [-76.5293349, 3.4874714], [-76.5291979, 3.4875244], [-76.5290022, 3.4876266], [-76.5288781, 3.487701], [-76.5287973, 3.4877567], [-76.52862, 3.4878635], [-76.5284419, 3.4879517], [-76.5283074, 3.4880021], [-76.5294045, 3.4888202], [-76.5300831, 3.4893262], [-76.5303165, 3.492057], [-76.5341896, 3.4925014], [-76.5355039, 3.4922765], [-76.5383953, 3.4900544], [-76.538229, 3.4894815], [-76.5348923, 3.4882071], [-76.5340179, 3.4866436], [-76.5338244, 3.4866718], [-76.5339823, 3.4874905], [-76.5334418, 3.4876033], [-76.5332267, 3.4881188], [-76.5318936, 3.4882687], [-76.5317354, 3.4881241], [-76.5316737, 3.4880813], [-76.5316415, 3.4879448], [-76.5314726, 3.4880764], [-76.5314108, 3.4880277]]]}}, {"type": "Feature", "properties": {"name": "El Bosque", "comuna": ""}, "geometry": {"type": "Polygon", "coordinates": [[[-76.5313852, 3.4838389], [-76.5310675, 3.4835702], [-76.5308958, 3.4835327], [-76.5307617, 3.4835541], [-76.5305525, 3.4835273], [-76.5304291, 3.4833827], [-76.530228, 3.4832382], [-76.5301475, 3.4830909], [-76.5300187, 3.4830508], [-76.5297398, 3.4830642], [-76.5296218, 3.4830749], [-76.5295326, 3.4831097], [-76.5290706, 3.4833453], [-76.5288533, 3.4833399], [-76.5286025, 3.4833707], [-76.5284443, 3.4835661], [-76.5282941, 3.4836786], [-76.5281627, 3.4837576], [-76.527873, 3.4837576], [-76.5266374, 3.4837539], [-76.5257787, 3.4837512], [-76.5258018, 3.483888], [-76.525823, 3.4840235], [-76.5258426, 3.4842009], [-76.5258483, 3.4842857], [-76.525849, 3.4843244], [-76.5258508, 3.4844194], [-76.5258517, 3.4844674], [-76.5258147, 3.4859896], [-76.5258087, 3.4862673], [-76.5257968, 3.4864102], [-76.5257679, 3.4867453], [-76.5257364, 3.487088], [-76.525714, 3.4872317], [-76.5256926, 3.4873699], [-76.5256643, 3.4874754], [-76.5256275, 3.4876122], [-76.525604, 3.4876857], [-76.5255395, 3.4878543], [-76.5257554, 3.4878365], [-76.5258057, 3.4878343], [-76.5266818, 3.4877769], [-76.5267894, 3.4877793], [-76.5269339, 3.4877826], [-76.5272049, 3.4877824], [-76.5274333, 3.4877943], [-76.5276138, 3.4878128], [-76.527796, 3.4878731], [-76.5279421, 3.4879748], [-76.5280524, 3.4880204], [-76.5281798, 3.4880341], [-76.5282443, 3.4880201], [-76.5283074, 3.4880021], [-76.5284419, 3.4879517], [-76.52862, 3.4878635], [-76.5287973, 3.4877567], [-76.5288781, 3.487701], [-76.5290022, 3.4876266], [-76.5291979, 3.4875244], [-76.5293349, 3.4874714], [-76.5293823, 3.48746], [-76.5294019, 3.4874553], [-76.5294823, 3.4874548], [-76.5295843, 3.4874794], [-76.5297161, 3.487517], [-76.5298406, 3.4875555], [-76.5307893, 3.4878308], [-76.5312795, 3.4879613], [-76.5313412, 3.4879854], [-76.5314108, 3.4880277], [-76.5314726, 3.4880764], [-76.5316415, 3.4879448], [-76.5316737, 3.4880813], [-76.5317354, 3.4881241], [-76.5318936, 3.4882687], [-76.5332267, 3.4881188], [-76.5334418, 3.4876033], [-76.5339823, 3.4874905], [-76.5338244, 3.4866718], [-76.5340179, 3.4866436], [-76.5334922, 3.4857334], [-76.5331033, 3.4857494], [-76.5327734, 3.485637], [-76.5326473, 3.4855553], [-76.5326259, 3.4854616], [-76.5326889, 3.4853666], [-76.5326969, 3.4852381], [-76.5326647, 3.4850868], [-76.5324944, 3.4848231], [-76.5323174, 3.4846518], [-76.5321685, 3.4845385], [-76.5321028, 3.4844884], [-76.5319446, 3.484285], [-76.5318722, 3.4841806], [-76.5317434, 3.4840762], [-76.5315074, 3.4839423], [-76.5313852, 3.4838389]]]}}, {"type": "Feature", "properties": {"name": "La Paz", "comuna": ""}, "geometry": {"type": "Polygon", "coordinates": [[[-76.5294863, 3.4830253], [-76.5294294, 3.4829135], [-76.5292992, 3.482767], [-76.5291187, 3.4826049], [-76.5290504, 3.4827435], [-76.5289852, 3.4828278], [-76.5288531, 3.4829199], [-76.5286592, 3.4829751], [-76.528326, 3.4829389], [-76.5280354, 3.4828326], [-76.5278233, 3.482719], [-76.5274968, 3.4825442], [-76.5267297, 3.4821114], [-76.5266383, 3.4820656], [-76.5261338, 3.4818131], [-76.5255255, 3.4815087], [-76.525358, 3.4814246], [-76.525317, 3.4814043], [-76.5251379, 3.4813147], [-76.5250389, 3.4812675], [-76.5248721, 3.481109], [-76.524849, 3.4811568], [-76.5248359, 3.4811898], [-76.5248273, 3.4812272], [-76.5248168, 3.481255], [-76.5248138, 3.4812686], [-76.5248089, 3.481296], [-76.5248048, 3.4813228], [-76.5248019, 3.4813723], [-76.5248021, 3.4814061], [-76.5248042, 3.4814388], [-76.5248164, 3.481516], [-76.5249189, 3.4817169], [-76.5249876, 3.4818494], [-76.5250359, 3.4819404], [-76.5250969, 3.482026], [-76.5251686, 3.4821044], [-76.5252015, 3.4821472], [-76.5252193, 3.4821811], [-76.5253011, 3.4823731], [-76.5257186, 3.4835125], [-76.5257787, 3.4837512], [-76.5266374, 3.4837539], [-76.527873, 3.4837576], [-76.5281627, 3.4837576], [-76.5282941, 3.4836786], [-76.5284443, 3.4835661], [-76.5286025, 3.4833707], [-76.5288533, 3.4833399], [-76.5290706, 3.4833453], [-76.5295326, 3.4831097], [-76.5294863, 3.4830253]]]}}, {"type": "Feature", "properties": {"name": "La Campi\u00f1a", "comuna": ""}, "geometry": {"type": "Polygon", "coordinates": [[[-76.5288422, 3.480232], [-76.5287714, 3.4802445], [-76.5287429, 3.4802469], [-76.5286669, 3.4802464], [-76.5285871, 3.4802424], [-76.5284241, 3.480188], [-76.5262084, 3.4795408], [-76.5258091, 3.4794147], [-76.5256669, 3.4793754], [-76.525437, 3.4792753], [-76.5252499, 3.4798], [-76.5251504, 3.4802297], [-76.5251286, 3.4803228], [-76.5248721, 3.481109], [-76.5250389, 3.4812675], [-76.5251379, 3.4813147], [-76.525317, 3.4814043], [-76.525358, 3.4814246], [-76.5255255, 3.4815087], [-76.5261338, 3.4818131], [-76.5266383, 3.4820656], [-76.5267297, 3.4821114], [-76.5274968, 3.4825442], [-76.5278233, 3.482719], [-76.5280354, 3.4828326], [-76.528326, 3.4829389], [-76.5286592, 3.4829751], [-76.5288531, 3.4829199], [-76.5289852, 3.4828278], [-76.5290504, 3.4827435], [-76.5291187, 3.4826049], [-76.5292992, 3.482767], [-76.5294294, 3.4829135], [-76.5294863, 3.4830253], [-76.5295326, 3.4831097], [-76.5296218, 3.4830749], [-76.5297398, 3.4830642], [-76.5300187, 3.4830508], [-76.5301475, 3.4830909], [-76.530228, 3.4832382], [-76.5304291, 3.4833827], [-76.5305525, 3.4835273], [-76.5307617, 3.4835541], [-76.5308958, 3.4835327], [-76.5310675, 3.4835702], [-76.5313852, 3.4838389], [-76.5315074, 3.4839423], [-76.5317434, 3.4840762], [-76.5318722, 3.4841806], [-76.5319446, 3.484285], [-76.5321028, 3.4844884], [-76.5321685, 3.4845385], [-76.5323174, 3.4846518], [-76.5324944, 3.4848231], [-76.5326647, 3.4850868], [-76.5326969, 3.4852381], [-76.5326889, 3.4853666], [-76.5326259, 3.4854616], [-76.5326473, 3.4855553], [-76.5327734, 3.485637], [-76.5331033, 3.4857494], [-76.5334922, 3.4857334], [-76.5313478, 3.4821137], [-76.5313317, 3.4820855], [-76.531229, 3.482083], [-76.531126, 3.482065], [-76.5309832, 3.4820141], [-76.530921, 3.481992], [-76.5307946, 3.4819732], [-76.5304613, 3.4819979], [-76.5303453, 3.4819859], [-76.530228, 3.4819645], [-76.530055, 3.48195], [-76.529916, 3.481965], [-76.529524, 3.48207], [-76.5294054, 3.4820988], [-76.5293544, 3.48211], [-76.5293257, 3.4821155], [-76.5291305, 3.4821325], [-76.5284902, 3.4817734], [-76.528396, 3.4817028], [-76.5283564, 3.4815883], [-76.5283665, 3.4814464], [-76.5286664, 3.4810469], [-76.5287326, 3.4809334], [-76.5287927, 3.480804], [-76.5288278, 3.4806945], [-76.5288518, 3.4805999], [-76.5288605, 3.4804799], [-76.5288422, 3.480232]]]}}, {"type": "Feature", "properties": {"name": "Menga", "comuna": ""}, "geometry": {"type": "Polygon", "coordinates": [[[-76.5283611, 3.4974904], [-76.5283665, 3.496627], [-76.5282914, 3.4885016], [-76.5283074, 3.4880021], [-76.5282443, 3.4880201], [-76.5281798, 3.4880341], [-76.5280524, 3.4880204], [-76.5279421, 3.4879748], [-76.527796, 3.4878731], [-76.5276138, 3.4878128], [-76.5274333, 3.4877943], [-76.5272049, 3.4877824], [-76.5269339, 3.4877826], [-76.5267894, 3.4877793], [-76.5266818, 3.4877769], [-76.5258057, 3.4878343], [-76.5257554, 3.4878365], [-76.5255395, 3.4878543], [-76.525467, 3.4880084], [-76.5253859, 3.4881529], [-76.5252146, 3.4884329], [-76.5250833, 3.4886501], [-76.525007, 3.4887506], [-76.5249489, 3.4888261], [-76.5248904, 3.4888818], [-76.5248202, 3.4889413], [-76.5246929, 3.4890555], [-76.5246101, 3.4891311], [-76.5245149, 3.4892419], [-76.5244251, 3.4893612], [-76.524324, 3.4895457], [-76.5241732, 3.489851], [-76.523918, 3.4903721], [-76.5237594, 3.4907267], [-76.5237108, 3.4909131], [-76.5236807, 3.4911548], [-76.5235175, 3.4921435], [-76.5235006, 3.4923787], [-76.5234813, 3.4926889], [-76.5233454, 3.4933012], [-76.5232485, 3.4935548], [-76.5227789, 3.4948605], [-76.5230611, 3.495018], [-76.523442, 3.4955378], [-76.5241916, 3.4960755], [-76.5242748, 3.4962455], [-76.5242493, 3.496362], [-76.5241836, 3.496457], [-76.5241165, 3.4965855], [-76.5241045, 3.4966699], [-76.5241179, 3.4967421], [-76.5241796, 3.496785], [-76.5242238, 3.4967769], [-76.5242855, 3.4966886], [-76.5243593, 3.496623], [-76.5244277, 3.496619], [-76.5245463, 3.4966992], [-76.52483, 3.4970862], [-76.5250312, 3.4972535], [-76.5252967, 3.4972776], [-76.5255582, 3.4971699], [-76.5258023, 3.4971183], [-76.5259002, 3.497204], [-76.5259351, 3.4972455], [-76.5260585, 3.4972495], [-76.5261939, 3.4971625], [-76.5262355, 3.497133], [-76.5263267, 3.497125], [-76.5266231, 3.4972562], [-76.5267196, 3.4973351], [-76.5267842, 3.4974208], [-76.5268403, 3.4974677], [-76.5269248, 3.4976109], [-76.5269972, 3.4976832], [-76.5270388, 3.4976939], [-76.5271166, 3.4976323], [-76.5271837, 3.4975989], [-76.5273768, 3.4976377], [-76.5276385, 3.4975805], [-76.5277322, 3.4976644], [-76.5278743, 3.4976765], [-76.5279897, 3.4976644], [-76.5281023, 3.4975507], [-76.5283611, 3.4974904]]]}}, {"type": "Feature", "properties": {"name": "Zona Parque del Amor", "comuna": ""}, "geometry": {"type": "Polygon", "coordinates": [[[-76.5227789, 3.4948605], [-76.5232485, 3.4935548], [-76.5233454, 3.4933012], [-76.5234813, 3.4926889], [-76.5235006, 3.4923787], [-76.5235175, 3.4921435], [-76.5236807, 3.4911548], [-76.5237108, 3.4909131], [-76.5237594, 3.4907267], [-76.523918, 3.4903721], [-76.5241732, 3.489851], [-76.524324, 3.4895457], [-76.5244251, 3.4893612], [-76.5243602, 3.4893431], [-76.5243003, 3.4893244], [-76.5241907, 3.4892886], [-76.5239035, 3.4891825], [-76.5237082, 3.4891242], [-76.5236665, 3.4891091], [-76.5233498, 3.4889906], [-76.5231585, 3.4889252], [-76.522581, 3.4886979], [-76.5225328, 3.4886802], [-76.5217738, 3.4883984], [-76.5214296, 3.4882728], [-76.5213819, 3.4882567], [-76.5205435, 3.4879482], [-76.5204556, 3.4879158], [-76.5200255, 3.4877646], [-76.5199081, 3.4877144], [-76.5198659, 3.4876988], [-76.519769, 3.4876367], [-76.5197218, 3.4876131], [-76.5196868, 3.4875958], [-76.5195354, 3.4875145], [-76.5195178, 3.4875636], [-76.5176527, 3.4927682], [-76.5176248, 3.4928458], [-76.5175955, 3.4929277], [-76.5175761, 3.4929817], [-76.5175638, 3.4930161], [-76.5221841, 3.4944325], [-76.5223577, 3.494502], [-76.5224352, 3.494581], [-76.5225253, 3.4947091], [-76.5227789, 3.4948605]]]}}, {"type": "Feature", "properties": {"name": "La Flora", "comuna": ""}, "geometry": {"type": "Polygon", "coordinates": [[[-76.5261688, 3.4737078], [-76.5259844, 3.4736827], [-76.525748, 3.4736589], [-76.5255428, 3.4736198], [-76.5253413, 3.4735679], [-76.5251448, 3.4734829], [-76.5249564, 3.4733711], [-76.5247945, 3.4732433], [-76.5246869, 3.4731301], [-76.5245313, 3.4729263], [-76.5244216, 3.4727272], [-76.5243479, 3.4725468], [-76.5242952, 3.4723721], [-76.5242276, 3.472178], [-76.5241695, 3.4720197], [-76.5240962, 3.4718377], [-76.5241052, 3.4718987], [-76.5241499, 3.4723207], [-76.5241419, 3.4725991], [-76.5240721, 3.4735522], [-76.5240453, 3.4739913], [-76.5239487, 3.4750033], [-76.5239246, 3.4751747], [-76.5238951, 3.4753005], [-76.5238347, 3.4755767], [-76.5235597, 3.4763289], [-76.5235114, 3.4764611], [-76.5234899, 3.4765197], [-76.5231501, 3.4774493], [-76.5230942, 3.4776024], [-76.5224184, 3.4794508], [-76.5220573, 3.4804349], [-76.5220278, 3.4805131], [-76.5219503, 3.4807118], [-76.5219324, 3.480765], [-76.5212123, 3.4828571], [-76.521192, 3.482916], [-76.5210568, 3.4832495], [-76.5203013, 3.4853774], [-76.519616, 3.4872715], [-76.5195929, 3.4873355], [-76.5195354, 3.4875145], [-76.5196868, 3.4875958], [-76.5197218, 3.4876131], [-76.519769, 3.4876367], [-76.5198659, 3.4876988], [-76.5199081, 3.4877144], [-76.5200255, 3.4877646], [-76.5204556, 3.4879158], [-76.5205435, 3.4879482], [-76.5213819, 3.4882567], [-76.5214296, 3.4882728], [-76.5217738, 3.4883984], [-76.5225328, 3.4886802], [-76.522581, 3.4886979], [-76.5231585, 3.4889252], [-76.5233498, 3.4889906], [-76.5236665, 3.4891091], [-76.5237082, 3.4891242], [-76.5239035, 3.4891825], [-76.5241907, 3.4892886], [-76.5243003, 3.4893244], [-76.5243602, 3.4893431], [-76.5244251, 3.4893612], [-76.5245149, 3.4892419], [-76.5246101, 3.4891311], [-76.5246929, 3.4890555], [-76.5248202, 3.4889413], [-76.5248904, 3.4888818], [-76.5249489, 3.4888261], [-76.525007, 3.4887506], [-76.5250833, 3.4886501], [-76.5252146, 3.4884329], [-76.5253859, 3.4881529], [-76.525467, 3.4880084], [-76.5255395, 3.4878543], [-76.525604, 3.4876857], [-76.5256275, 3.4876122], [-76.5256643, 3.4874754], [-76.5256926, 3.4873699], [-76.525714, 3.4872317], [-76.5257364, 3.487088], [-76.5257679, 3.4867453], [-76.5257968, 3.4864102], [-76.5258087, 3.4862673], [-76.5258147, 3.4859896], [-76.5258517, 3.4844674], [-76.5258508, 3.4844194], [-76.525849, 3.4843244], [-76.5258483, 3.4842857], [-76.5258426, 3.4842009], [-76.525823, 3.4840235], [-76.5258018, 3.483888], [-76.5257787, 3.4837512], [-76.5257186, 3.4835125], [-76.5253011, 3.4823731], [-76.5252193, 3.4821811], [-76.5252015, 3.4821472], [-76.5251686, 3.4821044], [-76.5250969, 3.482026], [-76.5250359, 3.4819404], [-76.5249876, 3.4818494], [-76.5249189, 3.4817169], [-76.5248164, 3.481516], [-76.5248042, 3.4814388], [-76.5248021, 3.4814061], [-76.5248019, 3.4813723], [-76.5248048, 3.4813228], [-76.5248089, 3.481296], [-76.5248138, 3.4812686], [-76.5248168, 3.481255], [-76.5248273, 3.4812272], [-76.5248359, 3.4811898], [-76.524849, 3.4811568], [-76.5248721, 3.481109], [-76.5251286, 3.4803228], [-76.5251504, 3.4802297], [-76.5252499, 3.4798], [-76.525437, 3.4792753], [-76.5254841, 3.4791851], [-76.5255951, 3.4790014], [-76.5256427, 3.4789311], [-76.5256825, 3.4788556], [-76.5257798, 3.4786057], [-76.5264081, 3.4769569], [-76.5264978, 3.4767245], [-76.5266263, 3.4763472], [-76.5266432, 3.4762974], [-76.5266593, 3.4762358], [-76.5266713, 3.4761827], [-76.5266781, 3.4761341], [-76.5266821, 3.4760765], [-76.5266828, 3.4760026], [-76.5266807, 3.4759386], [-76.5266754, 3.475861], [-76.5266647, 3.4758033], [-76.5264144, 3.4747605], [-76.5263461, 3.4743804], [-76.5263242, 3.4741878], [-76.5262703, 3.4738132], [-76.526241, 3.4736698], [-76.5261688, 3.4737078]]]}}, {"type": "Feature", "properties": {"name": "Chipichape", "comuna": ""}, "geometry": {"type": "Polygon", "coordinates": [[[-76.5304969, 3.4748843], [-76.5305834, 3.4747244], [-76.5303654, 3.4744907], [-76.5296654, 3.4738511], [-76.5295155, 3.4737692], [-76.529428, 3.4737155], [-76.5293656, 3.4736904], [-76.5292046, 3.4736419], [-76.5291211, 3.4736242], [-76.5287282, 3.4735503], [-76.5282934, 3.4734791], [-76.5281452, 3.473435], [-76.5280181, 3.4733494], [-76.5277327, 3.4731127], [-76.5275792, 3.4732448], [-76.5274611, 3.4733403], [-76.5272156, 3.4735389], [-76.5270792, 3.4736375], [-76.5268209, 3.4738533], [-76.5267659, 3.473899], [-76.5266558, 3.4740001], [-76.5263461, 3.4743804], [-76.5264144, 3.4747605], [-76.5266647, 3.4758033], [-76.5266754, 3.475861], [-76.5266807, 3.4759386], [-76.5266828, 3.4760026], [-76.5266821, 3.4760765], [-76.5266781, 3.4761341], [-76.5266713, 3.4761827], [-76.5266593, 3.4762358], [-76.5266432, 3.4762974], [-76.5266263, 3.4763472], [-76.5264978, 3.4767245], [-76.5264081, 3.4769569], [-76.5257798, 3.4786057], [-76.5256825, 3.4788556], [-76.5256427, 3.4789311], [-76.5255951, 3.4790014], [-76.5254841, 3.4791851], [-76.525437, 3.4792753], [-76.5256669, 3.4793754], [-76.5258091, 3.4794147], [-76.5262084, 3.4795408], [-76.5284241, 3.480188], [-76.5285871, 3.4802424], [-76.5286669, 3.4802464], [-76.5287429, 3.4802469], [-76.5287714, 3.4802445], [-76.5288422, 3.480232], [-76.5288288, 3.4801255], [-76.52883, 3.4797281], [-76.5288567, 3.4795613], [-76.5289403, 3.4789287], [-76.5289856, 3.4783982], [-76.5290076, 3.4782734], [-76.5300553, 3.4757993], [-76.5304969, 3.4748843]]]}}, {"type": "Feature", "properties": {"name": "San Vicente", "comuna": ""}, "geometry": {"type": "Polygon", "coordinates": [[[-76.5258627, 3.461123], [-76.5252934, 3.4607042], [-76.5251505, 3.4607945], [-76.5249842, 3.4609739], [-76.5247911, 3.4613112], [-76.5245363, 3.4617744], [-76.5244076, 3.4619779], [-76.5242225, 3.4621894], [-76.5240079, 3.4623313], [-76.5235895, 3.46235], [-76.5233213, 3.4622643], [-76.5229592, 3.4621439], [-76.5227795, 3.4621198], [-76.5225139, 3.4621251], [-76.5222779, 3.4621305], [-76.5219547, 3.462105], [-76.5216221, 3.4621157], [-76.5213425, 3.4621629], [-76.5214057, 3.462379], [-76.5214721, 3.4626185], [-76.5215276, 3.4628052], [-76.5216216, 3.4631229], [-76.52265, 3.4665995], [-76.5231286, 3.4682579], [-76.5232411, 3.4686511], [-76.5232641, 3.468763], [-76.5232898, 3.468935], [-76.5233045, 3.4690127], [-76.523386, 3.4692898], [-76.5235669, 3.4699235], [-76.5237597, 3.4706127], [-76.5238506, 3.4709171], [-76.5239227, 3.4711273], [-76.523993, 3.4713811], [-76.5240518, 3.4716183], [-76.5240695, 3.4717027], [-76.5240962, 3.4718377], [-76.5241695, 3.4720197], [-76.5242276, 3.472178], [-76.5242952, 3.4723721], [-76.5243479, 3.4725468], [-76.5244216, 3.4727272], [-76.5245313, 3.4729263], [-76.5246869, 3.4731301], [-76.5247945, 3.4732433], [-76.5249564, 3.4733711], [-76.5251448, 3.4734829], [-76.5253413, 3.4735679], [-76.5255428, 3.4736198], [-76.525748, 3.4736589], [-76.5259844, 3.4736827], [-76.5261688, 3.4737078], [-76.526241, 3.4736698], [-76.5262441, 3.473319], [-76.5262865, 3.4730913], [-76.5263297, 3.4729103], [-76.5265133, 3.4724417], [-76.5266491, 3.4720951], [-76.5266984, 3.4719983], [-76.5267159, 3.471964], [-76.5270164, 3.4714772], [-76.5270372, 3.4714447], [-76.5270602, 3.4714089], [-76.5273309, 3.4709682], [-76.5273996, 3.4708566], [-76.5274304, 3.4708065], [-76.5274777, 3.4707297], [-76.5276601, 3.4704334], [-76.5277805, 3.4702356], [-76.5283035, 3.4693814], [-76.5283415, 3.4693254], [-76.5283778, 3.4692811], [-76.5284805, 3.4691503], [-76.5288631, 3.4686846], [-76.5291435, 3.4683462], [-76.5291749, 3.4683038], [-76.5293253, 3.4680622], [-76.5293468, 3.4680272], [-76.5297891, 3.4673021], [-76.529839, 3.4672203], [-76.5299661, 3.4670175], [-76.5301028, 3.4668067], [-76.5301408, 3.4666939], [-76.5301831, 3.4665632], [-76.5302125, 3.4663562], [-76.5302092, 3.4659673], [-76.5302077, 3.4659234], [-76.5302059, 3.4658733], [-76.5301999, 3.4649281], [-76.5301984, 3.4648562], [-76.5301989, 3.4647757], [-76.5301985, 3.4646351], [-76.5302099, 3.4641103], [-76.5302094, 3.4639796], [-76.5302092, 3.4639213], [-76.530146, 3.4639102], [-76.5297556, 3.463778], [-76.5292712, 3.4635299], [-76.5286664, 3.4631004], [-76.5286212, 3.4630667], [-76.5281886, 3.4627442], [-76.5281432, 3.4627116], [-76.5281034, 3.462683], [-76.5280715, 3.4626611], [-76.5279331, 3.462565], [-76.5275529, 3.4622817], [-76.5275113, 3.4622525], [-76.5274739, 3.4622263], [-76.5270448, 3.4619253], [-76.5267886, 3.4617455], [-76.5267523, 3.4617201], [-76.5267188, 3.4616966], [-76.5266598, 3.4616552], [-76.5266067, 3.4616179], [-76.5265667, 3.4615899], [-76.525898, 3.4611482], [-76.5258627, 3.461123]]]}}, {"type": "Feature", "properties": {"name": "Santa M\u00f3nica Recidencial", "comuna": ""}, "geometry": {"type": "Polygon", "coordinates": [[[-76.5320936, 3.4731855], [-76.5320988, 3.4731235], [-76.5317125, 3.4730539], [-76.5313888, 3.4729787], [-76.5313062, 3.4729575], [-76.5312251, 3.4728105], [-76.5312103, 3.4727741], [-76.5311535, 3.4727012], [-76.5311116, 3.472619], [-76.5310927, 3.4725367], [-76.5311076, 3.4724571], [-76.5311495, 3.4723734], [-76.5312076, 3.4722844], [-76.5313224, 3.4721374], [-76.5315337, 3.4719343], [-76.5312681, 3.4716594], [-76.5313319, 3.4715829], [-76.5316211, 3.4712956], [-76.5317049, 3.471158], [-76.5317698, 3.4709975], [-76.5326473, 3.4697206], [-76.5332133, 3.4686015], [-76.5336156, 3.4678224], [-76.5341601, 3.4664329], [-76.5346268, 3.4652094], [-76.5352719, 3.4635069], [-76.5348588, 3.4633508], [-76.5339335, 3.4631249], [-76.534013, 3.4630778], [-76.534039, 3.4630406], [-76.5340538, 3.4629986], [-76.5340574, 3.4629611], [-76.5340485, 3.4629104], [-76.5340247, 3.4628646], [-76.5339893, 3.4628292], [-76.5335979, 3.4624532], [-76.5335748, 3.4624047], [-76.5335617, 3.4623513], [-76.533495, 3.4623578], [-76.5334227, 3.4623458], [-76.5329912, 3.4621243], [-76.532855, 3.4620649], [-76.5326725, 3.462016], [-76.5325834, 3.4619696], [-76.5324512, 3.4618807], [-76.5324031, 3.4618491], [-76.5323325, 3.4617924], [-76.5319754, 3.4614606], [-76.5319289, 3.4614232], [-76.5318803, 3.4613934], [-76.5318278, 3.4613801], [-76.5314395, 3.4613083], [-76.531104, 3.4612366], [-76.5310449, 3.4612124], [-76.5310148, 3.4612667], [-76.5309789, 3.4613421], [-76.5307486, 3.4618612], [-76.5306499, 3.4621654], [-76.5306429, 3.4621963], [-76.530497, 3.4627471], [-76.5304248, 3.4630018], [-76.5304153, 3.4630403], [-76.530403, 3.4630841], [-76.5303129, 3.4634758], [-76.5302179, 3.4638501], [-76.5302092, 3.4639213], [-76.5302094, 3.4639796], [-76.5302099, 3.4641103], [-76.5301985, 3.4646351], [-76.5301989, 3.4647757], [-76.5301984, 3.4648562], [-76.5301999, 3.4649281], [-76.5302059, 3.4658733], [-76.5302077, 3.4659234], [-76.5302092, 3.4659673], [-76.5302125, 3.4663562], [-76.5301831, 3.4665632], [-76.5301408, 3.4666939], [-76.5301028, 3.4668067], [-76.5299661, 3.4670175], [-76.529839, 3.4672203], [-76.5297891, 3.4673021], [-76.5293468, 3.4680272], [-76.5293253, 3.4680622], [-76.5291749, 3.4683038], [-76.5291435, 3.4683462], [-76.5288631, 3.4686846], [-76.5284805, 3.4691503], [-76.5283778, 3.4692811], [-76.5283415, 3.4693254], [-76.5283035, 3.4693814], [-76.5277805, 3.4702356], [-76.5276601, 3.4704334], [-76.5274777, 3.4707297], [-76.5274304, 3.4708065], [-76.5273996, 3.4708566], [-76.5273309, 3.4709682], [-76.5270602, 3.4714089], [-76.5270372, 3.4714447], [-76.5270164, 3.4714772], [-76.5267159, 3.471964], [-76.5266984, 3.4719983], [-76.5266491, 3.4720951], [-76.5265133, 3.4724417], [-76.5263297, 3.4729103], [-76.5262865, 3.4730913], [-76.5262441, 3.473319], [-76.526241, 3.4736698], [-76.5262703, 3.4738132], [-76.5263242, 3.4741878], [-76.5263461, 3.4743804], [-76.5266558, 3.4740001], [-76.5267659, 3.473899], [-76.5268209, 3.4738533], [-76.5270792, 3.4736375], [-76.5272156, 3.4735389], [-76.5274611, 3.4733403], [-76.5275792, 3.4732448], [-76.5277327, 3.4731127], [-76.5280181, 3.4733494], [-76.5281452, 3.473435], [-76.5282934, 3.4734791], [-76.5287282, 3.4735503], [-76.5291211, 3.4736242], [-76.5292046, 3.4736419], [-76.5293656, 3.4736904], [-76.529428, 3.4737155], [-76.5295155, 3.4737692], [-76.5296654, 3.4738511], [-76.5303654, 3.4744907], [-76.5305834, 3.4747244], [-76.5304969, 3.4748843], [-76.5300553, 3.4757993], [-76.5302103, 3.475885], [-76.5303118, 3.4759277], [-76.5304307, 3.4759384], [-76.5304752, 3.4759322], [-76.530525, 3.475918], [-76.5306524, 3.4758481], [-76.5308012, 3.4757676], [-76.5308945, 3.4757361], [-76.5309796, 3.4757367], [-76.5310749, 3.4757566], [-76.5311616, 3.4758044], [-76.5312427, 3.4758739], [-76.5313306, 3.4759568], [-76.5314284, 3.4760744], [-76.531544, 3.4761661], [-76.531603, 3.4762035], [-76.5316781, 3.4762409], [-76.5318079, 3.4762573], [-76.5319768, 3.4762537], [-76.53228, 3.47622], [-76.532385, 3.476175], [-76.53249, 3.476069], [-76.53252, 3.476007], [-76.532526, 3.475941], [-76.532503, 3.475818], [-76.5324671, 3.4756359], [-76.5324622, 3.4755852], [-76.5324756, 3.4755323], [-76.5325025, 3.4754862], [-76.5325467, 3.4754514], [-76.5326118, 3.47546], [-76.5326844, 3.4752609], [-76.5327043, 3.4751415], [-76.5326984, 3.4749985], [-76.5326803, 3.4748958], [-76.5326782, 3.4747191], [-76.532624, 3.4746001], [-76.5324868, 3.4744836], [-76.5321604, 3.4743808], [-76.532096, 3.4743006], [-76.5320343, 3.4741332], [-76.5320936, 3.4731855]]]}}, {"type": "Feature", "properties": {"name": "Versalles", "comuna": ""}, "geometry": {"type": "Polygon", "coordinates": [[[-76.5302501, 3.4599817], [-76.5302173, 3.4599361], [-76.5298458, 3.4593357], [-76.5298229, 3.4593005], [-76.5297923, 3.4592539], [-76.5292711, 3.4583941], [-76.5292114, 3.458309], [-76.529184, 3.45827], [-76.529154, 3.4582272], [-76.529125, 3.4581859], [-76.5290915, 3.4581381], [-76.5290506, 3.4580798], [-76.5288821, 3.4577975], [-76.5288118, 3.4578066], [-76.528573, 3.4578896], [-76.5280661, 3.457986], [-76.527873, 3.458077], [-76.527653, 3.4583822], [-76.5273392, 3.4589364], [-76.5271193, 3.4593461], [-76.5269503, 3.4596406], [-76.5267811, 3.4597725], [-76.5263307, 3.4601747], [-76.5259498, 3.4604156], [-76.5255019, 3.4605723], [-76.5252934, 3.4607042], [-76.5258627, 3.461123], [-76.525898, 3.4611482], [-76.5265667, 3.4615899], [-76.5266067, 3.4616179], [-76.5266598, 3.4616552], [-76.5267188, 3.4616966], [-76.5267523, 3.4617201], [-76.5267886, 3.4617455], [-76.5270448, 3.4619253], [-76.5274739, 3.4622263], [-76.5275113, 3.4622525], [-76.5275529, 3.4622817], [-76.5279331, 3.462565], [-76.5280715, 3.4626611], [-76.5281034, 3.462683], [-76.5281432, 3.4627116], [-76.5281886, 3.4627442], [-76.5286212, 3.4630667], [-76.5286664, 3.4631004], [-76.5292712, 3.4635299], [-76.5297556, 3.463778], [-76.530146, 3.4639102], [-76.5302092, 3.4639213], [-76.5302179, 3.4638501], [-76.5303129, 3.4634758], [-76.530403, 3.4630841], [-76.5304153, 3.4630403], [-76.5304248, 3.4630018], [-76.530497, 3.4627471], [-76.5306429, 3.4621963], [-76.5306499, 3.4621654], [-76.5307486, 3.4618612], [-76.5309789, 3.4613421], [-76.5310148, 3.4612667], [-76.5310449, 3.4612124], [-76.5310014, 3.4611499], [-76.5306465, 3.4605974], [-76.5305122, 3.4603801], [-76.5302761, 3.460023], [-76.5302501, 3.4599817]]]}}, {"type": "Feature", "properties": {"name": "Brisas de Los Alamos", "comuna": ""}, "geometry": {"type": "Polygon", "coordinates": [[[-76.4972822, 3.4982108], [-76.4987428, 3.4976792], [-76.4994598, 3.4973709], [-76.500729, 3.4968251], [-76.5009069, 3.4967486], [-76.5016819, 3.4964153], [-76.5024534, 3.4960836], [-76.5029248, 3.4958874], [-76.5031844, 3.4957693], [-76.5043347, 3.4952746], [-76.5055857, 3.4947367], [-76.5061036, 3.494514], [-76.5078235, 3.4938775], [-76.5087923, 3.4902549], [-76.5077863, 3.489921], [-76.5069765, 3.4896848], [-76.5064347, 3.4894798], [-76.5060358, 3.4893289], [-76.5054631, 3.4891482], [-76.5049012, 3.4889969], [-76.504261, 3.4887806], [-76.5038809, 3.4886547], [-76.5036507, 3.4885597], [-76.5035006, 3.4885015], [-76.5031631, 3.4883825], [-76.5031028, 3.4884427], [-76.5030009, 3.4886636], [-76.5029271, 3.4887921], [-76.5026321, 3.4894239], [-76.5025435, 3.4896368], [-76.502447, 3.48995], [-76.5023156, 3.4903141], [-76.5018502, 3.4907947], [-76.5013258, 3.4912753], [-76.5011247, 3.4917103], [-76.500788, 3.4921333], [-76.5006714, 3.4923113], [-76.5002154, 3.4929833], [-76.4999726, 3.4934251], [-76.4996253, 3.4938882], [-76.4993531, 3.4944438], [-76.4991573, 3.4947289], [-76.4989333, 3.495097], [-76.4988994, 3.4951557], [-76.4988086, 3.4953125], [-76.4985162, 3.4956927], [-76.4983834, 3.4960367], [-76.498193, 3.4964825], [-76.4979851, 3.4969831], [-76.4978658, 3.4972374], [-76.4975385, 3.4977702], [-76.4973696, 3.497971], [-76.4972822, 3.4982108]]]}}, {"type": "Feature", "properties": {"name": "Ciudad Los Alamos", "comuna": ""}, "geometry": {"type": "Polygon", "coordinates": [[[-76.5031631, 3.4883825], [-76.5035006, 3.4885015], [-76.5036507, 3.4885597], [-76.5038809, 3.4886547], [-76.504261, 3.4887806], [-76.5049012, 3.4889969], [-76.5054631, 3.4891482], [-76.5060358, 3.4893289], [-76.5064347, 3.4894798], [-76.5069765, 3.4896848], [-76.5077863, 3.489921], [-76.5087923, 3.4902549], [-76.5099149, 3.4906228], [-76.5099608, 3.4906365], [-76.5101961, 3.4898919], [-76.5103408, 3.4894553], [-76.5107903, 3.4885155], [-76.5109546, 3.4882496], [-76.5112632, 3.4876511], [-76.5114284, 3.4873769], [-76.5118525, 3.4866732], [-76.5120529, 3.4863415], [-76.5125068, 3.4856453], [-76.5127729, 3.4853687], [-76.5130201, 3.484987], [-76.5131986, 3.4846944], [-76.5134117, 3.4843511], [-76.5136471, 3.4839819], [-76.5136888, 3.4839144], [-76.513743, 3.4838328], [-76.513619, 3.4837586], [-76.5112413, 3.4823286], [-76.5108678, 3.4821057], [-76.5104648, 3.4819022], [-76.5100873, 3.481682], [-76.509821, 3.4815247], [-76.5094683, 3.4812918], [-76.5091753, 3.481083], [-76.5090251, 3.4809679], [-76.5087864, 3.4812958], [-76.5083277, 3.4816198], [-76.5077685, 3.4820013], [-76.507051, 3.4823654], [-76.506245, 3.4825541], [-76.5057582, 3.4828165], [-76.5050554, 3.4832007], [-76.5042937, 3.4835581], [-76.5039745, 3.4839289], [-76.5039423, 3.4843037], [-76.5039288, 3.4845172], [-76.5039155, 3.4847321], [-76.5039571, 3.4850413], [-76.503949, 3.4855219], [-76.5038042, 3.4859556], [-76.5038095, 3.4862019], [-76.5039074, 3.486558], [-76.5039141, 3.48708], [-76.503886, 3.4876704], [-76.5038624, 3.4877953], [-76.5038297, 3.4879689], [-76.5035185, 3.4882138], [-76.5032248, 3.488333], [-76.5031631, 3.4883825]]]}}, {"type": "Feature", "properties": {"name": "Rinc\u00f3n De La Flora", "comuna": ""}, "geometry": {"type": "Polygon", "coordinates": [[[-76.5134117, 3.4843511], [-76.5131986, 3.4846944], [-76.5130201, 3.484987], [-76.5127729, 3.4853687], [-76.5125068, 3.4856453], [-76.5120529, 3.4863415], [-76.5118525, 3.4866732], [-76.5114284, 3.4873769], [-76.5112632, 3.4876511], [-76.5109546, 3.4882496], [-76.5107903, 3.4885155], [-76.5103408, 3.4894553], [-76.5101961, 3.4898919], [-76.5099608, 3.4906365], [-76.5100068, 3.4906503], [-76.5106871, 3.490863], [-76.5137274, 3.4918151], [-76.515655, 3.4924191], [-76.5167495, 3.4927561], [-76.5175638, 3.4930161], [-76.5175761, 3.4929817], [-76.5175955, 3.4929277], [-76.5176248, 3.4928458], [-76.5176527, 3.4927682], [-76.5195178, 3.4875636], [-76.5195354, 3.4875145], [-76.5195929, 3.4873355], [-76.519616, 3.4872715], [-76.5203013, 3.4853774], [-76.5201545, 3.4853201], [-76.5200914, 3.4852968], [-76.5196223, 3.4851256], [-76.5192248, 3.4849817], [-76.5191571, 3.4849572], [-76.51836, 3.4846671], [-76.517011, 3.4838179], [-76.5161953, 3.4833042], [-76.5160389, 3.4832057], [-76.5157464, 3.4830215], [-76.5148537, 3.482461], [-76.5147918, 3.482418], [-76.5146669, 3.482342], [-76.5142411, 3.4830267], [-76.5141154, 3.4832441], [-76.5137972, 3.4837512], [-76.513743, 3.4838328], [-76.5136888, 3.4839144], [-76.5136471, 3.4839819], [-76.5134117, 3.4843511]]]}}, {"type": "Feature", "properties": {"name": "La Merced", "comuna": ""}, "geometry": {"type": "Polygon", "coordinates": [[[-76.5141154, 3.4832441], [-76.5142411, 3.4830267], [-76.5146669, 3.482342], [-76.51528, 3.4813903], [-76.5154122, 3.4811824], [-76.5157803, 3.4806036], [-76.5160517, 3.4801478], [-76.5165365, 3.4793869], [-76.5166295, 3.479234], [-76.516597, 3.4792102], [-76.5164806, 3.479135], [-76.5163524, 3.4790458], [-76.5131345, 3.4769927], [-76.5129473, 3.4768691], [-76.5125872, 3.4766302], [-76.5125309, 3.4766202], [-76.5120627, 3.4764219], [-76.511934, 3.4766213], [-76.5117106, 3.4768562], [-76.5115571, 3.4770176], [-76.5111963, 3.4775557], [-76.5108581, 3.4780983], [-76.5107967, 3.4781969], [-76.5103984, 3.4788448], [-76.5098271, 3.479569], [-76.5095052, 3.4801607], [-76.5091981, 3.4807189], [-76.5090251, 3.4809679], [-76.5091753, 3.481083], [-76.5094683, 3.4812918], [-76.509821, 3.4815247], [-76.5100873, 3.481682], [-76.5104648, 3.4819022], [-76.5108678, 3.4821057], [-76.5112413, 3.4823286], [-76.513619, 3.4837586], [-76.513743, 3.4838328], [-76.5137972, 3.4837512], [-76.5141154, 3.4832441]]]}}, {"type": "Feature", "properties": {"name": "Vipasa", "comuna": ""}, "geometry": {"type": "Polygon", "coordinates": [[[-76.5157464, 3.4830215], [-76.5160389, 3.4832057], [-76.5161953, 3.4833042], [-76.517011, 3.4838179], [-76.51836, 3.4846671], [-76.5191571, 3.4849572], [-76.5192248, 3.4849817], [-76.5196223, 3.4851256], [-76.5200914, 3.4852968], [-76.5201545, 3.4853201], [-76.5203013, 3.4853774], [-76.5210568, 3.4832495], [-76.521192, 3.482916], [-76.5212123, 3.4828571], [-76.5219324, 3.480765], [-76.5219503, 3.4807118], [-76.5220278, 3.4805131], [-76.5220573, 3.4804349], [-76.5224184, 3.4794508], [-76.5230942, 3.4776024], [-76.5229458, 3.4775711], [-76.5228788, 3.4775466], [-76.5223952, 3.4773699], [-76.5219157, 3.4771859], [-76.5218138, 3.4771427], [-76.5216824, 3.4770885], [-76.5210205, 3.4766828], [-76.5203903, 3.4762824], [-76.5200664, 3.4760923], [-76.5191629, 3.4755042], [-76.519105, 3.4754665], [-76.5188636, 3.4753401], [-76.5187933, 3.475296], [-76.5187381, 3.4752601], [-76.5186951, 3.4752327], [-76.5175161, 3.4744704], [-76.5174206, 3.4744149], [-76.5165577, 3.4738746], [-76.5161278, 3.4736073], [-76.5159237, 3.4734809], [-76.5157418, 3.4733674], [-76.5156876, 3.4733337], [-76.5156331, 3.4732998], [-76.5155716, 3.4732604], [-76.51496, 3.4728683], [-76.5148446, 3.4727881], [-76.5146926, 3.4726864], [-76.514183, 3.4735532], [-76.5138491, 3.4741194], [-76.5134682, 3.4745545], [-76.5129693, 3.4750457], [-76.5124194, 3.4758623], [-76.5120627, 3.4764219], [-76.5125309, 3.4766202], [-76.5125872, 3.4766302], [-76.5129473, 3.4768691], [-76.5131345, 3.4769927], [-76.5163524, 3.4790458], [-76.5164806, 3.479135], [-76.516597, 3.4792102], [-76.5166295, 3.479234], [-76.5165365, 3.4793869], [-76.5160517, 3.4801478], [-76.5157803, 3.4806036], [-76.5154122, 3.4811824], [-76.51528, 3.4813903], [-76.5146669, 3.482342], [-76.5147918, 3.482418], [-76.5148537, 3.482461], [-76.5157464, 3.4830215]]]}}, {"type": "Feature", "properties": {"name": "Prados del Norte", "comuna": ""}, "geometry": {"type": "Polygon", "coordinates": [[[-76.5191371, 3.4647342], [-76.5190847, 3.4648332], [-76.5189654, 3.4649979], [-76.5187427, 3.4654878], [-76.5185241, 3.4660139], [-76.5184584, 3.4661625], [-76.5182023, 3.4665949], [-76.5180695, 3.4668974], [-76.5179099, 3.4672843], [-76.517584, 3.46805], [-76.5175123, 3.4682294], [-76.5174534, 3.4683599], [-76.5174094, 3.4684227], [-76.517352, 3.4685453], [-76.5169913, 3.4693538], [-76.5164709, 3.4703123], [-76.5160015, 3.4709241], [-76.5155026, 3.4716081], [-76.5150788, 3.4722092], [-76.5146926, 3.4726864], [-76.5148446, 3.4727881], [-76.51496, 3.4728683], [-76.5155716, 3.4732604], [-76.5156331, 3.4732998], [-76.5156876, 3.4733337], [-76.5157418, 3.4733674], [-76.5159237, 3.4734809], [-76.5161278, 3.4736073], [-76.5165577, 3.4738746], [-76.5174206, 3.4744149], [-76.5175161, 3.4744704], [-76.5186951, 3.4752327], [-76.5187381, 3.4752601], [-76.5187933, 3.475296], [-76.5188636, 3.4753401], [-76.519105, 3.4754665], [-76.5191629, 3.4755042], [-76.5200664, 3.4760923], [-76.5203903, 3.4762824], [-76.5210205, 3.4766828], [-76.5216824, 3.4770885], [-76.5218138, 3.4771427], [-76.5219157, 3.4771859], [-76.5223952, 3.4773699], [-76.5228788, 3.4775466], [-76.5229458, 3.4775711], [-76.5230942, 3.4776024], [-76.5231501, 3.4774493], [-76.5234899, 3.4765197], [-76.5235114, 3.4764611], [-76.5235597, 3.4763289], [-76.5238347, 3.4755767], [-76.5238951, 3.4753005], [-76.5239246, 3.4751747], [-76.5239487, 3.4750033], [-76.5240453, 3.4739913], [-76.5240721, 3.4735522], [-76.5241419, 3.4725991], [-76.5241499, 3.4723207], [-76.5241052, 3.4718987], [-76.5240962, 3.4718377], [-76.5240695, 3.4717027], [-76.5240518, 3.4716183], [-76.523993, 3.4713811], [-76.5239227, 3.4711273], [-76.5238506, 3.4709171], [-76.5237597, 3.4706127], [-76.5235669, 3.4699235], [-76.523386, 3.4692898], [-76.5233045, 3.4690127], [-76.5232898, 3.468935], [-76.5232641, 3.468763], [-76.5232411, 3.4686511], [-76.5231286, 3.4682579], [-76.52265, 3.4665995], [-76.5216216, 3.4631229], [-76.5215276, 3.4628052], [-76.5214721, 3.4626185], [-76.5214057, 3.462379], [-76.5213425, 3.4621629], [-76.5209945, 3.4622797], [-76.5206035, 3.4624999], [-76.5202971, 3.4628386], [-76.5200597, 3.4630635], [-76.5199175, 3.4632108], [-76.5198438, 3.4633794], [-76.5197915, 3.4636887], [-76.5197325, 3.4639082], [-76.5196466, 3.4641237], [-76.5195273, 3.4643285], [-76.5191371, 3.4647342]]]}}, {"type": "Feature", "properties": {"name": "La Isla", "comuna": ""}, "geometry": {"type": "Polygon", "coordinates": [[[-76.5107097, 3.4780118], [-76.5108581, 3.4780983], [-76.5111963, 3.4775557], [-76.5115571, 3.4770176], [-76.5117106, 3.4768562], [-76.511934, 3.4766213], [-76.5120627, 3.4764219], [-76.5124194, 3.4758623], [-76.5129693, 3.4750457], [-76.5134682, 3.4745545], [-76.5138491, 3.4741194], [-76.514183, 3.4735532], [-76.5146926, 3.4726864], [-76.5150788, 3.4722092], [-76.5155026, 3.4716081], [-76.5160015, 3.4709241], [-76.5164709, 3.4703123], [-76.5169913, 3.4693538], [-76.517352, 3.4685453], [-76.5174094, 3.4684227], [-76.5172913, 3.4683156], [-76.5172487, 3.4682834], [-76.517234, 3.4683173], [-76.5172206, 3.4683445], [-76.5171223, 3.4685744], [-76.5167025, 3.4694843], [-76.5165186, 3.4697662], [-76.5163516, 3.4696082], [-76.5162349, 3.4698264], [-76.5160498, 3.470066], [-76.5158956, 3.4702146], [-76.5158044, 3.4702802], [-76.5156716, 3.4703458], [-76.5157343, 3.4704897], [-76.5156468, 3.4705496], [-76.5155885, 3.4704395], [-76.5154838, 3.4705025], [-76.5154296, 3.4705315], [-76.5153604, 3.4705614], [-76.5153009, 3.4706011], [-76.5152097, 3.4706654], [-76.5151614, 3.4706922], [-76.5150576, 3.4707288], [-76.5147281, 3.4708427], [-76.5144451, 3.4709516], [-76.5139572, 3.4714071], [-76.5137521, 3.4715779], [-76.513398, 3.4718806], [-76.5130688, 3.4721668], [-76.5135154, 3.4727124], [-76.5131679, 3.4730091], [-76.5128278, 3.4733007], [-76.5127873, 3.4733355], [-76.5127246, 3.4733879], [-76.5126929, 3.4734153], [-76.5124804, 3.4735989], [-76.5119943, 3.4740424], [-76.511628, 3.4744322], [-76.5115531, 3.4745063], [-76.5113065, 3.4747589], [-76.5109865, 3.4750724], [-76.5106261, 3.4754495], [-76.5111099, 3.4759888], [-76.5112539, 3.4761493], [-76.5108957, 3.4765542], [-76.5108161, 3.4766722], [-76.5107846, 3.4767465], [-76.5107685, 3.4768161], [-76.5107229, 3.4770109], [-76.5106834, 3.477093], [-76.5106116, 3.4771809], [-76.5102875, 3.4775003], [-76.5105131, 3.4777736], [-76.5107097, 3.4780118]]]}}, {"type": "Feature", "properties": {"name": "Unidad Residencial Bueno Madrid", "comuna": ""}, "geometry": {"type": "Polygon", "coordinates": [[[-76.5167175, 3.4677743], [-76.516709, 3.4677547], [-76.5166342, 3.4675856], [-76.5165565, 3.4672343], [-76.5164864, 3.4667782], [-76.5164744, 3.4666617], [-76.5164444, 3.466498], [-76.5163962, 3.4662433], [-76.5163361, 3.4660688], [-76.5163146, 3.4661383], [-76.5162454, 3.4663623], [-76.515725, 3.4665934], [-76.5154563, 3.4666035], [-76.514746, 3.4671696], [-76.5148669, 3.4673145], [-76.5150065, 3.4674818], [-76.5151478, 3.4676512], [-76.5152744, 3.4678029], [-76.5154047, 3.4679591], [-76.5155311, 3.4681106], [-76.5156793, 3.4682883], [-76.5158452, 3.4684871], [-76.5158909, 3.4685419], [-76.5155993, 3.468842], [-76.5162044, 3.4694728], [-76.5163516, 3.4696082], [-76.5165186, 3.4697662], [-76.5167025, 3.4694843], [-76.5171223, 3.4685744], [-76.5172206, 3.4683445], [-76.517234, 3.4683173], [-76.5172487, 3.4682834], [-76.516979, 3.468078], [-76.5168293, 3.4679234], [-76.5167633, 3.4678405], [-76.5167492, 3.4678227], [-76.5167175, 3.4677743]]]}}, {"type": "Feature", "properties": {"name": "Bolivariano", "comuna": ""}, "geometry": {"type": "Polygon", "coordinates": [[[-76.5134063, 3.4660953], [-76.5131736, 3.466415], [-76.5130736, 3.4665499], [-76.5130015, 3.4666511], [-76.5127597, 3.4669771], [-76.5121279, 3.4677972], [-76.5122299, 3.4678964], [-76.5122655, 3.4679332], [-76.5129661, 3.4686579], [-76.513485, 3.4695244], [-76.5136834, 3.4697834], [-76.5138599, 3.4699734], [-76.51402, 3.4701062], [-76.5141472, 3.4701192], [-76.5145173, 3.4705031], [-76.5143698, 3.4706687], [-76.5142485, 3.4707678], [-76.5140128, 3.4709251], [-76.5137541, 3.4711718], [-76.5139572, 3.4714071], [-76.5144451, 3.4709516], [-76.5147281, 3.4708427], [-76.5150576, 3.4707288], [-76.5151614, 3.4706922], [-76.5152097, 3.4706654], [-76.5153009, 3.4706011], [-76.5153604, 3.4705614], [-76.5154296, 3.4705315], [-76.5154838, 3.4705025], [-76.5155885, 3.4704395], [-76.5156468, 3.4705496], [-76.5157343, 3.4704897], [-76.5156716, 3.4703458], [-76.5158044, 3.4702802], [-76.5158956, 3.4702146], [-76.5160498, 3.470066], [-76.5162349, 3.4698264], [-76.5163516, 3.4696082], [-76.5162044, 3.4694728], [-76.5155993, 3.468842], [-76.5158909, 3.4685419], [-76.5158452, 3.4684871], [-76.5156793, 3.4682883], [-76.5155311, 3.4681106], [-76.5154047, 3.4679591], [-76.5152744, 3.4678029], [-76.5151478, 3.4676512], [-76.5150065, 3.4674818], [-76.5148669, 3.4673145], [-76.514746, 3.4671696], [-76.5154563, 3.4666035], [-76.515725, 3.4665934], [-76.5162454, 3.4663623], [-76.5163146, 3.4661383], [-76.5163361, 3.4660688], [-76.51628, 3.4659452], [-76.5162028, 3.4658168], [-76.5158926, 3.4654256], [-76.5153968, 3.4649259], [-76.5153256, 3.4648426], [-76.5151409, 3.4646692], [-76.5150554, 3.4645735], [-76.5141079, 3.4652589], [-76.5134063, 3.4660953]]]}}, {"type": "Feature", "properties": {"name": "Ignacio Rengifo", "comuna": ""}, "geometry": {"type": "Polygon", "coordinates": [[[-76.5141472, 3.4701192], [-76.51402, 3.4701062], [-76.5138599, 3.4699734], [-76.5136834, 3.4697834], [-76.513485, 3.4695244], [-76.5129751, 3.4698906], [-76.5125883, 3.4701598], [-76.5121965, 3.470446], [-76.5118072, 3.4707285], [-76.5117024, 3.470816], [-76.5114665, 3.4710425], [-76.5111348, 3.4713528], [-76.5111063, 3.4713885], [-76.5110601, 3.4714481], [-76.5116194, 3.472111], [-76.5116475, 3.4721442], [-76.5116923, 3.4721972], [-76.5117225, 3.4722331], [-76.5122295, 3.4728158], [-76.5122829, 3.4728769], [-76.5127246, 3.4733879], [-76.5127873, 3.4733355], [-76.5128278, 3.4733007], [-76.5131679, 3.4730091], [-76.5135154, 3.4727124], [-76.5130688, 3.4721668], [-76.513398, 3.4718806], [-76.5137521, 3.4715779], [-76.5139572, 3.4714071], [-76.5137541, 3.4711718], [-76.5140128, 3.4709251], [-76.5142485, 3.4707678], [-76.5143698, 3.4706687], [-76.5145173, 3.4705031], [-76.5141472, 3.4701192]]]}}, {"type": "Feature", "properties": {"name": "Popular", "comuna": ""}, "geometry": {"type": "Polygon", "coordinates": [[[-76.5121279, 3.4677972], [-76.5111855, 3.4689799], [-76.5109516, 3.4692704], [-76.510869, 3.4693731], [-76.5108042, 3.4694537], [-76.5101717, 3.470238], [-76.5104865, 3.470738], [-76.5106605, 3.4709635], [-76.5107481, 3.4710727], [-76.5108139, 3.4711617], [-76.5110601, 3.4714481], [-76.5111063, 3.4713885], [-76.5111348, 3.4713528], [-76.5114665, 3.4710425], [-76.5117024, 3.470816], [-76.5118072, 3.4707285], [-76.5121965, 3.470446], [-76.5125883, 3.4701598], [-76.5129751, 3.4698906], [-76.513485, 3.4695244], [-76.5129661, 3.4686579], [-76.5122655, 3.4679332], [-76.5122299, 3.4678964], [-76.5121279, 3.4677972]]]}}, {"type": "Feature", "properties": {"name": "Guillermo Le\u00f3n Valencia", "comuna": ""}, "geometry": {"type": "Polygon", "coordinates": [[[-76.5077802, 3.4742256], [-76.5081442, 3.473707], [-76.5084892, 3.4732781], [-76.5087929, 3.4735604], [-76.5092719, 3.4730146], [-76.510071, 3.4739082], [-76.5100996, 3.4739377], [-76.5096928, 3.474393], [-76.5097108, 3.4744097], [-76.5106261, 3.4754495], [-76.5109865, 3.4750724], [-76.5113065, 3.4747589], [-76.5115531, 3.4745063], [-76.511628, 3.4744322], [-76.5119943, 3.4740424], [-76.5124804, 3.4735989], [-76.5126929, 3.4734153], [-76.5127246, 3.4733879], [-76.5122829, 3.4728769], [-76.5122295, 3.4728158], [-76.5117225, 3.4722331], [-76.5116923, 3.4721972], [-76.5116475, 3.4721442], [-76.5116194, 3.472111], [-76.5110601, 3.4714481], [-76.5108139, 3.4711617], [-76.5107481, 3.4710727], [-76.5106605, 3.4709635], [-76.5104865, 3.470738], [-76.5101717, 3.470238], [-76.5095066, 3.4710753], [-76.5089352, 3.4716402], [-76.5078168, 3.4726884], [-76.5068993, 3.4735816], [-76.5070104, 3.4736458], [-76.507052, 3.4736772], [-76.5077802, 3.4742256]]]}}, {"type": "Feature", "properties": {"name": "Marco Fidel Suarez", "comuna": ""}, "geometry": {"type": "Polygon", "coordinates": [[[-76.5087929, 3.4735604], [-76.5084892, 3.4732781], [-76.5081442, 3.473707], [-76.5077802, 3.4742256], [-76.5078365, 3.4742702], [-76.5081338, 3.4745074], [-76.5089472, 3.4751532], [-76.5089755, 3.4751797], [-76.5093463, 3.4747749], [-76.5096928, 3.474393], [-76.5100996, 3.4739377], [-76.510071, 3.4739082], [-76.5092719, 3.4730146], [-76.5087929, 3.4735604]]]}}, {"type": "Feature", "properties": {"name": "Olaya Herrera", "comuna": ""}, "geometry": {"type": "Polygon", "coordinates": [[[-76.5062945, 3.4783771], [-76.5066203, 3.4786833], [-76.5070818, 3.4791554], [-76.5081299, 3.4801486], [-76.5085731, 3.4805904], [-76.5090251, 3.4809679], [-76.5091981, 3.4807189], [-76.5095052, 3.4801607], [-76.5098271, 3.479569], [-76.5103984, 3.4788448], [-76.5107967, 3.4781969], [-76.5108581, 3.4780983], [-76.5107097, 3.4780118], [-76.5105131, 3.4777736], [-76.5102875, 3.4775003], [-76.5106116, 3.4771809], [-76.5106834, 3.477093], [-76.5107229, 3.4770109], [-76.5107685, 3.4768161], [-76.5107846, 3.4767465], [-76.5108161, 3.4766722], [-76.5108957, 3.4765542], [-76.5112539, 3.4761493], [-76.5111099, 3.4759888], [-76.5106261, 3.4754495], [-76.5097108, 3.4744097], [-76.5096928, 3.474393], [-76.5093463, 3.4747749], [-76.5089755, 3.4751797], [-76.50867, 3.4755421], [-76.5082237, 3.4760556], [-76.5080468, 3.4762655], [-76.507828, 3.4765184], [-76.5075593, 3.4768373], [-76.507281, 3.4771699], [-76.5069678, 3.4775402], [-76.5063062, 3.4783047], [-76.5062677, 3.4783522], [-76.5062945, 3.4783771]]]}}, {"type": "Feature", "properties": {"name": "Evaristo Garc\u00eda", "comuna": ""}, "geometry": {"type": "Polygon", "coordinates": [[[-76.5047845, 3.4764245], [-76.5053371, 3.4773321], [-76.5055677, 3.4776507], [-76.5057514, 3.4778877], [-76.506241, 3.4783274], [-76.5062677, 3.4783522], [-76.5063062, 3.4783047], [-76.5069678, 3.4775402], [-76.507281, 3.4771699], [-76.5075593, 3.4768373], [-76.507828, 3.4765184], [-76.5080468, 3.4762655], [-76.5082237, 3.4760556], [-76.50867, 3.4755421], [-76.5089755, 3.4751797], [-76.5089472, 3.4751532], [-76.5081338, 3.4745074], [-76.5078365, 3.4742702], [-76.5077802, 3.4742256], [-76.507052, 3.4736772], [-76.5070104, 3.4736458], [-76.5068993, 3.4735816], [-76.5051572, 3.4753252], [-76.5045248, 3.4759653], [-76.5044876, 3.4760011], [-76.5045306, 3.4760502], [-76.5046547, 3.4762099], [-76.5046862, 3.4762802], [-76.5047845, 3.4764245]]]}}, {"type": "Feature", "properties": {"name": "Flora Industrial", "comuna": ""}, "geometry": {"type": "Polygon", "coordinates": [[[-76.5003463, 3.4796653], [-76.4997956, 3.4800623], [-76.4993129, 3.4804289], [-76.4986429, 3.4810432], [-76.4985791, 3.4811111], [-76.4986378, 3.4811541], [-76.4986849, 3.4811882], [-76.498721, 3.4812137], [-76.4988642, 3.4813101], [-76.4991965, 3.481529], [-76.5001491, 3.4821437], [-76.5006955, 3.4824993], [-76.5018794, 3.4832639], [-76.501909, 3.4832839], [-76.5019399, 3.4833039], [-76.5023962, 3.4836013], [-76.5025342, 3.4836895], [-76.5026119, 3.4837389], [-76.5034495, 3.484283], [-76.5039288, 3.4845172], [-76.5039423, 3.4843037], [-76.5039745, 3.4839289], [-76.5042937, 3.4835581], [-76.5050554, 3.4832007], [-76.5057582, 3.4828165], [-76.506245, 3.4825541], [-76.507051, 3.4823654], [-76.5077685, 3.4820013], [-76.5083277, 3.4816198], [-76.5087864, 3.4812958], [-76.5090251, 3.4809679], [-76.5085731, 3.4805904], [-76.5081299, 3.4801486], [-76.5070818, 3.4791554], [-76.5066203, 3.4786833], [-76.5062945, 3.4783771], [-76.5062677, 3.4783522], [-76.506241, 3.4783274], [-76.5057514, 3.4778877], [-76.5055677, 3.4776507], [-76.5053371, 3.4773321], [-76.5047845, 3.4764245], [-76.5046862, 3.4762802], [-76.5046547, 3.4762099], [-76.5045306, 3.4760502], [-76.5044876, 3.4760011], [-76.504432, 3.4760639], [-76.5030813, 3.477553], [-76.5028037, 3.4778462], [-76.5022109, 3.4782946], [-76.5018827, 3.4785525], [-76.501755, 3.4786503], [-76.5007308, 3.4793688], [-76.5003463, 3.4796653]]]}}, {"type": "Feature", "properties": {"name": "Calima", "comuna": ""}, "geometry": {"type": "Polygon", "coordinates": [[[-76.4988642, 3.4813101], [-76.498721, 3.4812137], [-76.4986849, 3.4811882], [-76.4986378, 3.4811541], [-76.4985791, 3.4811111], [-76.4983837, 3.4813391], [-76.4979685, 3.4818001], [-76.4974916, 3.4823707], [-76.497151, 3.4827777], [-76.4967017, 3.4834457], [-76.496299, 3.4841446], [-76.4962686, 3.4841993], [-76.4953293, 3.4859212], [-76.4952991, 3.4859766], [-76.495604, 3.486076], [-76.4963483, 3.4862701], [-76.4980617, 3.4868042], [-76.498779, 3.4869083], [-76.4995976, 3.487129], [-76.5003608, 3.4873628], [-76.5006719, 3.4874571], [-76.50205, 3.4878912], [-76.5030166, 3.4883202], [-76.5031631, 3.4883825], [-76.5032248, 3.488333], [-76.5035185, 3.4882138], [-76.5038297, 3.4879689], [-76.5038624, 3.4877953], [-76.503886, 3.4876704], [-76.5039141, 3.48708], [-76.5039074, 3.486558], [-76.5038095, 3.4862019], [-76.5038042, 3.4859556], [-76.503949, 3.4855219], [-76.5039571, 3.4850413], [-76.5039155, 3.4847321], [-76.5039288, 3.4845172], [-76.5034495, 3.484283], [-76.5026119, 3.4837389], [-76.5025342, 3.4836895], [-76.5023962, 3.4836013], [-76.5019399, 3.4833039], [-76.501909, 3.4832839], [-76.5018794, 3.4832639], [-76.5006955, 3.4824993], [-76.5001491, 3.4821437], [-76.4991965, 3.481529], [-76.4988642, 3.4813101]]]}}, {"type": "Feature", "properties": {"name": "La Alianza", "comuna": ""}, "geometry": {"type": "Polygon", "coordinates": [[[-76.5089098, 3.4676741], [-76.5088601, 3.4676903], [-76.5081723, 3.4678997], [-76.5071516, 3.4682079], [-76.507119, 3.4682177], [-76.5069714, 3.4682625], [-76.5067233, 3.4683378], [-76.5063721, 3.4684443], [-76.5060078, 3.4686058], [-76.5054472, 3.4688369], [-76.5056001, 3.4691931], [-76.5057939, 3.4696447], [-76.505978, 3.4700738], [-76.5060036, 3.4701334], [-76.5061748, 3.4705322], [-76.506187, 3.4705606], [-76.5052543, 3.4708637], [-76.5052009, 3.470881], [-76.505132, 3.4709017], [-76.5050541, 3.470925], [-76.5043203, 3.4711485], [-76.5040617, 3.4712299], [-76.5037125, 3.4713399], [-76.5035557, 3.4713893], [-76.5030504, 3.4715484], [-76.5030036, 3.4715599], [-76.5028694, 3.4716202], [-76.5038002, 3.4748664], [-76.5040845, 3.4754152], [-76.5043293, 3.4757585], [-76.5044523, 3.4759474], [-76.5044876, 3.4760011], [-76.5045248, 3.4759653], [-76.5051572, 3.4753252], [-76.5068993, 3.4735816], [-76.5078168, 3.4726884], [-76.5089352, 3.4716402], [-76.5095066, 3.4710753], [-76.5101717, 3.470238], [-76.5097104, 3.4696042], [-76.5094744, 3.4692735], [-76.5094154, 3.4691624], [-76.5093309, 3.4689844], [-76.5092719, 3.4688251], [-76.5091123, 3.4682655], [-76.5089647, 3.4676568], [-76.5089098, 3.4676741]]]}}, {"type": "Feature", "properties": {"name": "Salomia", "comuna": ""}, "geometry": {"type": "Polygon", "coordinates": [[[-76.5017505, 3.460183], [-76.5020628, 3.460965], [-76.5022941, 3.461535], [-76.5025413, 3.4621498], [-76.5025602, 3.4621968], [-76.5025763, 3.4622369], [-76.5025918, 3.4622754], [-76.5026073, 3.4623139], [-76.5027785, 3.4627398], [-76.502971, 3.4631021], [-76.5030662, 3.463322], [-76.5031682, 3.4635574], [-76.5032673, 3.4637864], [-76.5033728, 3.4640299], [-76.5034645, 3.4642416], [-76.5035498, 3.4644385], [-76.5036666, 3.4647082], [-76.5036849, 3.4647504], [-76.503703, 3.4647923], [-76.5037396, 3.46488], [-76.5040131, 3.4655343], [-76.5042016, 3.4659435], [-76.5042438, 3.466041], [-76.5043686, 3.466329], [-76.5044122, 3.4664298], [-76.5045376, 3.4667192], [-76.5045674, 3.4667843], [-76.5047349, 3.4671748], [-76.5047565, 3.4672247], [-76.5047637, 3.4672221], [-76.5047884, 3.4673526], [-76.504808, 3.4673476], [-76.5048258, 3.4673891], [-76.5049919, 3.467776], [-76.5051318, 3.4681021], [-76.5051432, 3.4681286], [-76.5052814, 3.4684505], [-76.5052969, 3.4684868], [-76.5054472, 3.4688369], [-76.5060078, 3.4686058], [-76.5063721, 3.4684443], [-76.5067233, 3.4683378], [-76.5069714, 3.4682625], [-76.507119, 3.4682177], [-76.5071516, 3.4682079], [-76.5081723, 3.4678997], [-76.5079613, 3.4674323], [-76.5074797, 3.4663653], [-76.5074505, 3.4663007], [-76.5074296, 3.4662543], [-76.5073841, 3.4661536], [-76.5073607, 3.4661016], [-76.5073266, 3.4660261], [-76.507233, 3.4658189], [-76.5071336, 3.4655986], [-76.5069592, 3.4652121], [-76.5066093, 3.464437], [-76.5062916, 3.4636934], [-76.5062706, 3.4636427], [-76.5062527, 3.4636032], [-76.5061423, 3.4633474], [-76.5060482, 3.4631296], [-76.5060027, 3.4630241], [-76.5059582, 3.462921], [-76.5058529, 3.4626822], [-76.5057578, 3.4624658], [-76.5057014, 3.4623374], [-76.505655, 3.4622319], [-76.5055437, 3.4619786], [-76.5054887, 3.4618536], [-76.5053237, 3.4614783], [-76.5053101, 3.4614473], [-76.5052958, 3.461411], [-76.5052814, 3.4613758], [-76.5052653, 3.4613378], [-76.5049624, 3.4606031], [-76.5044605, 3.4593717], [-76.5043772, 3.4591292], [-76.5016638, 3.4599886], [-76.5017505, 3.460183]]]}}, {"type": "Feature", "properties": {"name": "Manzanares", "comuna": ""}, "geometry": {"type": "Polygon", "coordinates": [[[-76.5127597, 3.4669771], [-76.5130015, 3.4666511], [-76.5128919, 3.4666102], [-76.5121427, 3.466245], [-76.5119984, 3.4661495], [-76.5119311, 3.4661061], [-76.5117585, 3.4659323], [-76.5116183, 3.465717], [-76.5114997, 3.4654448], [-76.5111731, 3.4645682], [-76.510962, 3.4640177], [-76.5108372, 3.4636901], [-76.5106569, 3.4631699], [-76.5106217, 3.4631869], [-76.5100203, 3.4635052], [-76.5095075, 3.463643], [-76.5090691, 3.4637592], [-76.5081395, 3.4640056], [-76.5080933, 3.4640178], [-76.5079643, 3.4640545], [-76.5079174, 3.4640673], [-76.5073465, 3.4642235], [-76.5072726, 3.4642437], [-76.5066093, 3.464437], [-76.5069592, 3.4652121], [-76.5071336, 3.4655986], [-76.507233, 3.4658189], [-76.5073266, 3.4660261], [-76.5073607, 3.4661016], [-76.5073841, 3.4661536], [-76.5074296, 3.4662543], [-76.5074505, 3.4663007], [-76.5074797, 3.4663653], [-76.5079613, 3.4674323], [-76.5081723, 3.4678997], [-76.5088601, 3.4676903], [-76.5089098, 3.4676741], [-76.5089647, 3.4676568], [-76.5091123, 3.4682655], [-76.5092719, 3.4688251], [-76.5093309, 3.4689844], [-76.5094154, 3.4691624], [-76.5094744, 3.4692735], [-76.5097104, 3.4696042], [-76.5101717, 3.470238], [-76.5108042, 3.4694537], [-76.510869, 3.4693731], [-76.5109516, 3.4692704], [-76.5111855, 3.4689799], [-76.5121279, 3.4677972], [-76.5127597, 3.4669771]]]}}, {"type": "Feature", "properties": {"name": "Las Delicias", "comuna": ""}, "geometry": {"type": "Polygon", "coordinates": [[[-76.5087968, 3.46035], [-76.508254, 3.4605293], [-76.5077747, 3.4606856], [-76.5072846, 3.4608455], [-76.5072491, 3.460857], [-76.507155, 3.4608857], [-76.5071193, 3.4608966], [-76.5065371, 3.4610738], [-76.5061363, 3.4611958], [-76.5053465, 3.4614359], [-76.5053101, 3.4614473], [-76.5053237, 3.4614783], [-76.5054887, 3.4618536], [-76.5055437, 3.4619786], [-76.505655, 3.4622319], [-76.5057014, 3.4623374], [-76.5057578, 3.4624658], [-76.5058529, 3.4626822], [-76.5059582, 3.462921], [-76.5060027, 3.4630241], [-76.5060482, 3.4631296], [-76.5061423, 3.4633474], [-76.5062527, 3.4636032], [-76.5062706, 3.4636427], [-76.5062916, 3.4636934], [-76.5066093, 3.464437], [-76.5072726, 3.4642437], [-76.5073465, 3.4642235], [-76.5079174, 3.4640673], [-76.5079643, 3.4640545], [-76.5080933, 3.4640178], [-76.5081395, 3.4640056], [-76.5090691, 3.4637592], [-76.5095075, 3.463643], [-76.5100203, 3.4635052], [-76.5106217, 3.4631869], [-76.5106569, 3.4631699], [-76.5107203, 3.4631348], [-76.5113913, 3.4627796], [-76.5119968, 3.4624592], [-76.512535, 3.4622576], [-76.5129271, 3.4621376], [-76.5127717, 3.4616123], [-76.5125788, 3.4609737], [-76.5123247, 3.4602156], [-76.5116651, 3.460423], [-76.511519, 3.4599469], [-76.5114006, 3.4595609], [-76.5113919, 3.4595326], [-76.5113754, 3.4594749], [-76.5105106, 3.4597762], [-76.5087968, 3.46035]]]}}, {"type": "Feature", "properties": {"name": "La Esmeralda", "comuna": ""}, "geometry": {"type": "Polygon", "coordinates": [[[-76.5113754, 3.4594749], [-76.5113659, 3.4594478], [-76.5113563, 3.4594165], [-76.5112319, 3.4590109], [-76.5110883, 3.4585428], [-76.5117213, 3.4583289], [-76.5118878, 3.4588012], [-76.5125475, 3.4585906], [-76.5131052, 3.4584124], [-76.5131399, 3.4584013], [-76.5131929, 3.4583706], [-76.5129803, 3.4577601], [-76.5126683, 3.4567143], [-76.5126216, 3.4565475], [-76.5125548, 3.4565701], [-76.5125185, 3.4565814], [-76.5103313, 3.4572624], [-76.5086426, 3.4577864], [-76.5067691, 3.4583725], [-76.5067312, 3.4583831], [-76.5066188, 3.4584198], [-76.5065756, 3.4584335], [-76.5043772, 3.4591292], [-76.5044605, 3.4593717], [-76.5049624, 3.4606031], [-76.5052653, 3.4613378], [-76.5052814, 3.4613758], [-76.5052958, 3.461411], [-76.5053101, 3.4614473], [-76.5053465, 3.4614359], [-76.5061363, 3.4611958], [-76.5065371, 3.4610738], [-76.5071193, 3.4608966], [-76.507155, 3.4608857], [-76.5072491, 3.460857], [-76.5072846, 3.4608455], [-76.5077747, 3.4606856], [-76.508254, 3.4605293], [-76.5087968, 3.46035], [-76.5105106, 3.4597762], [-76.5113754, 3.4594749]]]}}, {"type": "Feature", "properties": {"name": "Porvenir", "comuna": ""}, "geometry": {"type": "Polygon", "coordinates": [[[-76.5155134, 3.4566366], [-76.5153005, 3.4557817], [-76.5152892, 3.455693], [-76.5132822, 3.4563353], [-76.5127281, 3.4565126], [-76.5126639, 3.4565332], [-76.5126216, 3.4565475], [-76.5126683, 3.4567143], [-76.5129803, 3.4577601], [-76.5131929, 3.4583706], [-76.5131399, 3.4584013], [-76.5131052, 3.4584124], [-76.5125475, 3.4585906], [-76.5118878, 3.4588012], [-76.5117213, 3.4583289], [-76.5110883, 3.4585428], [-76.5112319, 3.4590109], [-76.5113563, 3.4594165], [-76.5113659, 3.4594478], [-76.5113754, 3.4594749], [-76.5113919, 3.4595326], [-76.5114006, 3.4595609], [-76.511519, 3.4599469], [-76.5116651, 3.460423], [-76.5123247, 3.4602156], [-76.5125788, 3.4609737], [-76.5127717, 3.4616123], [-76.5129271, 3.4621376], [-76.5135794, 3.4619328], [-76.5141831, 3.4617432], [-76.5142247, 3.4617301], [-76.5143222, 3.4616995], [-76.5143747, 3.461683], [-76.5148861, 3.4615225], [-76.5155408, 3.4613169], [-76.5159963, 3.4610793], [-76.5165342, 3.4607952], [-76.5163384, 3.4599677], [-76.5162091, 3.4595184], [-76.5160873, 3.4590076], [-76.515872, 3.4580815], [-76.5158634, 3.4580438], [-76.5158522, 3.4579991], [-76.5156264, 3.4570925], [-76.515558, 3.4568216], [-76.5155134, 3.4566366]]]}}, {"type": "Feature", "properties": {"name": "Santander", "comuna": ""}, "geometry": {"type": "Polygon", "coordinates": [[[-76.5197689, 3.4591554], [-76.5196903, 3.4591735], [-76.519632, 3.4591871], [-76.5190059, 3.4593332], [-76.518558, 3.4594314], [-76.5183861, 3.4594691], [-76.5185287, 3.459848], [-76.5178502, 3.4601665], [-76.5174141, 3.4603712], [-76.5173229, 3.4604143], [-76.5165342, 3.4607952], [-76.5159963, 3.4610793], [-76.5155408, 3.4613169], [-76.5148861, 3.4615225], [-76.5143747, 3.461683], [-76.5143222, 3.4616995], [-76.5142247, 3.4617301], [-76.5141831, 3.4617432], [-76.5135794, 3.4619328], [-76.5129271, 3.4621376], [-76.512535, 3.4622576], [-76.5119968, 3.4624592], [-76.5113913, 3.4627796], [-76.5107203, 3.4631348], [-76.5106569, 3.4631699], [-76.5108372, 3.4636901], [-76.510962, 3.4640177], [-76.5111731, 3.4645682], [-76.5114997, 3.4654448], [-76.5116183, 3.465717], [-76.5117585, 3.4659323], [-76.5119311, 3.4661061], [-76.5119984, 3.4661495], [-76.5121427, 3.466245], [-76.5128919, 3.4666102], [-76.5130015, 3.4666511], [-76.5130736, 3.4665499], [-76.5131736, 3.466415], [-76.5134063, 3.4660953], [-76.5141079, 3.4652589], [-76.5150554, 3.4645735], [-76.5157686, 3.4640761], [-76.5165591, 3.4634924], [-76.5171915, 3.4630425], [-76.5183157, 3.462247], [-76.5188683, 3.4619169], [-76.5195482, 3.4615302], [-76.5201174, 3.4612233], [-76.5203477, 3.461132], [-76.5204771, 3.4610812], [-76.5197689, 3.4591554]]]}}, {"type": "Feature", "properties": {"name": "Jorge Isaacs", "comuna": ""}, "geometry": {"type": "Polygon", "coordinates": [[[-76.5190578, 3.4544886], [-76.5190042, 3.454323], [-76.5189399, 3.4541696], [-76.5188644, 3.4540529], [-76.5187766, 3.4539458], [-76.5186767, 3.4538509], [-76.5185425, 3.4537569], [-76.5184157, 3.4536888], [-76.5182973, 3.4536549], [-76.5181581, 3.4536279], [-76.5181213, 3.4536152], [-76.5180291, 3.4536088], [-76.5178779, 3.4536134], [-76.5177168, 3.4536402], [-76.5175594, 3.4536864], [-76.5174131, 3.4537569], [-76.5172423, 3.4538775], [-76.5171277, 3.4540066], [-76.5170239, 3.454172], [-76.5167313, 3.4546992], [-76.5166142, 3.4549281], [-76.5165045, 3.4550979], [-76.5164384, 3.4551799], [-76.5163509, 3.4552727], [-76.5162593, 3.4553482], [-76.5161154, 3.4554212], [-76.5157886, 3.4555332], [-76.5152892, 3.455693], [-76.5153005, 3.4557817], [-76.5155134, 3.4566366], [-76.515558, 3.4568216], [-76.5156264, 3.4570925], [-76.5158522, 3.4579991], [-76.5158634, 3.4580438], [-76.515872, 3.4580815], [-76.5160873, 3.4590076], [-76.5162091, 3.4595184], [-76.5163384, 3.4599677], [-76.5165342, 3.4607952], [-76.5173229, 3.4604143], [-76.5174141, 3.4603712], [-76.5178502, 3.4601665], [-76.5185287, 3.459848], [-76.5183861, 3.4594691], [-76.518558, 3.4594314], [-76.5190059, 3.4593332], [-76.519632, 3.4591871], [-76.5196903, 3.4591735], [-76.5197689, 3.4591554], [-76.5204771, 3.4610812], [-76.520672, 3.4610146], [-76.520973, 3.4609157], [-76.520925, 3.460755], [-76.5208892, 3.4606871], [-76.5190822, 3.4545706], [-76.5190665, 3.4545178], [-76.5190578, 3.4544886]]]}}, {"type": "Feature", "properties": {"name": "Industria de Licores", "comuna": ""}, "geometry": {"type": "Polygon", "coordinates": [[[-76.5204771, 3.4610812], [-76.5203477, 3.461132], [-76.5201174, 3.4612233], [-76.5195482, 3.4615302], [-76.5188683, 3.4619169], [-76.5183157, 3.462247], [-76.5183453, 3.4622934], [-76.5183811, 3.4623494], [-76.5184139, 3.4624008], [-76.5187142, 3.4629596], [-76.5190006, 3.4634926], [-76.5191207, 3.463716], [-76.5192188, 3.4638985], [-76.5193076, 3.4640638], [-76.5195273, 3.4643285], [-76.5196466, 3.4641237], [-76.5197325, 3.4639082], [-76.5197915, 3.4636887], [-76.5198438, 3.4633794], [-76.5199175, 3.4632108], [-76.5200597, 3.4630635], [-76.5202971, 3.4628386], [-76.5206035, 3.4624999], [-76.5209945, 3.4622797], [-76.5213425, 3.4621629], [-76.5213008, 3.4620431], [-76.521046, 3.4612152], [-76.520973, 3.4609157], [-76.520672, 3.4610146], [-76.5204771, 3.4610812]]]}}, {"type": "Feature", "properties": {"name": "F\u00e1tima", "comuna": ""}, "geometry": {"type": "Polygon", "coordinates": [[[-76.5181074, 3.4643018], [-76.5191371, 3.4647342], [-76.5195273, 3.4643285], [-76.5193076, 3.4640638], [-76.5192188, 3.4638985], [-76.5191207, 3.463716], [-76.5190006, 3.4634926], [-76.5187142, 3.4629596], [-76.5184139, 3.4624008], [-76.5183811, 3.4623494], [-76.5183453, 3.4622934], [-76.5183157, 3.462247], [-76.5171915, 3.4630425], [-76.5172284, 3.4630968], [-76.5172612, 3.4631453], [-76.5172878, 3.4631846], [-76.5176772, 3.4637123], [-76.5180207, 3.464188], [-76.5181074, 3.4643018]]]}}, {"type": "Feature", "properties": {"name": "Sultana - Berl\u00edn - San Francisco", "comuna": ""}, "geometry": {"type": "Polygon", "coordinates": [[[-76.5163361, 3.4660688], [-76.5163962, 3.4662433], [-76.5164444, 3.466498], [-76.5164744, 3.4666617], [-76.5164864, 3.4667782], [-76.5165565, 3.4672343], [-76.5166342, 3.4675856], [-76.516709, 3.4677547], [-76.5167175, 3.4677743], [-76.5167492, 3.4678227], [-76.5167633, 3.4678405], [-76.5168293, 3.4679234], [-76.516979, 3.468078], [-76.5172487, 3.4682834], [-76.5172913, 3.4683156], [-76.5174094, 3.4684227], [-76.5174534, 3.4683599], [-76.5175123, 3.4682294], [-76.517584, 3.46805], [-76.5179099, 3.4672843], [-76.5180695, 3.4668974], [-76.5182023, 3.4665949], [-76.5184584, 3.4661625], [-76.5185241, 3.4660139], [-76.5187427, 3.4654878], [-76.5189654, 3.4649979], [-76.5190847, 3.4648332], [-76.5191371, 3.4647342], [-76.5181074, 3.4643018], [-76.5180207, 3.464188], [-76.5176772, 3.4637123], [-76.5172878, 3.4631846], [-76.5172612, 3.4631453], [-76.5172284, 3.4630968], [-76.5171915, 3.4630425], [-76.5165591, 3.4634924], [-76.5157686, 3.4640761], [-76.5150554, 3.4645735], [-76.5151409, 3.4646692], [-76.5153256, 3.4648426], [-76.5153968, 3.4649259], [-76.5158926, 3.4654256], [-76.5162028, 3.4658168], [-76.51628, 3.4659452], [-76.5163361, 3.4660688]]]}}, {"type": "Feature", "properties": {"name": "Paseo de los Almendros", "comuna": ""}, "geometry": {"type": "Polygon", "coordinates": [[[-76.4922948, 3.4711396], [-76.4924853, 3.4717661], [-76.4926516, 3.4723002], [-76.4928755, 3.4730471], [-76.4930633, 3.473687], [-76.4932819, 3.4743456], [-76.493361, 3.4746334], [-76.4971289, 3.4734712], [-76.4970946, 3.4733735], [-76.4970815, 3.4733363], [-76.4969967, 3.4730675], [-76.4969708, 3.4729831], [-76.4968645, 3.4726366], [-76.496758, 3.4722896], [-76.4966417, 3.4719107], [-76.4965268, 3.4715364], [-76.4964206, 3.4711903], [-76.4963521, 3.4709672], [-76.4963113, 3.4708342], [-76.4962032, 3.4704818], [-76.4961412, 3.47028], [-76.4960918, 3.4701253], [-76.496073, 3.4700603], [-76.4960895, 3.4700017], [-76.4950562, 3.4702936], [-76.4939269, 3.4706563], [-76.4934026, 3.470813], [-76.4922948, 3.4711396]]]}}, {"type": "Feature", "properties": {"name": "Los Andes B - La Riviera", "comuna": ""}, "geometry": {"type": "Polygon", "coordinates": [[[-76.4922948, 3.4711396], [-76.4934026, 3.470813], [-76.4939269, 3.4706563], [-76.4950562, 3.4702936], [-76.4960895, 3.4700017], [-76.4986382, 3.4692106], [-76.4979583, 3.4666203], [-76.4915465, 3.4686229], [-76.4917544, 3.4693498], [-76.4919703, 3.4700754], [-76.4922452, 3.4709816], [-76.4922948, 3.4711396]]]}}, {"type": "Feature", "properties": {"name": "Los Guayacanes", "comuna": ""}, "geometry": {"type": "Polygon", "coordinates": [[[-76.493361, 3.4746334], [-76.4932819, 3.4743456], [-76.4930633, 3.473687], [-76.4928755, 3.4730471], [-76.4926516, 3.4723002], [-76.4924853, 3.4717661], [-76.4922948, 3.4711396], [-76.4922452, 3.4709816], [-76.4919703, 3.4700754], [-76.4917544, 3.4693498], [-76.4915465, 3.4686229], [-76.491345, 3.4686924], [-76.4864104, 3.470209], [-76.4859329, 3.4703451], [-76.4859608, 3.470431], [-76.4864932, 3.4721375], [-76.4872422, 3.4745223], [-76.4877753, 3.4761907], [-76.4877976, 3.4762619], [-76.4878258, 3.4763519], [-76.488289, 3.4762051], [-76.4890494, 3.4759694], [-76.4901719, 3.4756294], [-76.4921099, 3.4750275], [-76.4930797, 3.4747213], [-76.493361, 3.4746334]]]}}, {"type": "Feature", "properties": {"name": "Villa del Prado - El Guabito", "comuna": ""}, "geometry": {"type": "Polygon", "coordinates": [[[-76.4859329, 3.4703451], [-76.4864104, 3.470209], [-76.491345, 3.4686924], [-76.4915465, 3.4686229], [-76.4979583, 3.4666203], [-76.4970832, 3.4639376], [-76.4969586, 3.4638455], [-76.4969453, 3.4638022], [-76.4967637, 3.4632135], [-76.4965386, 3.4624834], [-76.4962696, 3.4617101], [-76.493027, 3.4627449], [-76.4887957, 3.4640918], [-76.4875817, 3.4644782], [-76.4862612, 3.4648985], [-76.4847591, 3.4653727], [-76.4846938, 3.4653951], [-76.4846487, 3.4654102], [-76.4843926, 3.4654959], [-76.4847457, 3.4665895], [-76.4849882, 3.4673641], [-76.4850491, 3.4675838], [-76.485905, 3.4702592], [-76.4859329, 3.4703451]]]}}, {"type": "Feature", "properties": {"name": "Los Andes", "comuna": ""}, "geometry": {"type": "Polygon", "coordinates": [[[-76.4960895, 3.4700017], [-76.496073, 3.4700603], [-76.4960918, 3.4701253], [-76.4961412, 3.47028], [-76.4962032, 3.4704818], [-76.4963113, 3.4708342], [-76.4963521, 3.4709672], [-76.4964206, 3.4711903], [-76.4965268, 3.4715364], [-76.4966417, 3.4719107], [-76.496758, 3.4722896], [-76.4968645, 3.4726366], [-76.4969708, 3.4729831], [-76.4969967, 3.4730675], [-76.4970815, 3.4733363], [-76.4970946, 3.4733735], [-76.4971289, 3.4734712], [-76.4996414, 3.4727379], [-76.5028694, 3.4716202], [-76.5020171, 3.4681765], [-76.4986382, 3.4692106], [-76.4960895, 3.4700017]]]}}, {"type": "Feature", "properties": {"name": "El Sena", "comuna": ""}, "geometry": {"type": "Polygon", "coordinates": [[[-76.5025602, 3.4621968], [-76.5025413, 3.4621498], [-76.5022941, 3.461535], [-76.5020628, 3.460965], [-76.5017505, 3.460183], [-76.5016638, 3.4599886], [-76.4962696, 3.4617101], [-76.4965386, 3.4624834], [-76.4967637, 3.4632135], [-76.4969453, 3.4638022], [-76.4969586, 3.4638455], [-76.4970832, 3.4639376], [-76.4979583, 3.4666203], [-76.4986382, 3.4692106], [-76.5020171, 3.4681765], [-76.5028694, 3.4716202], [-76.5030036, 3.4715599], [-76.5030504, 3.4715484], [-76.5035557, 3.4713893], [-76.5037125, 3.4713399], [-76.5040617, 3.4712299], [-76.5043203, 3.4711485], [-76.5050541, 3.470925], [-76.505132, 3.4709017], [-76.5052009, 3.470881], [-76.5052543, 3.4708637], [-76.506187, 3.4705606], [-76.5061748, 3.4705322], [-76.5060036, 3.4701334], [-76.505978, 3.4700738], [-76.5057939, 3.4696447], [-76.5056001, 3.4691931], [-76.5054472, 3.4688369], [-76.5052969, 3.4684868], [-76.5052814, 3.4684505], [-76.5051432, 3.4681286], [-76.5051318, 3.4681021], [-76.5049919, 3.467776], [-76.5048258, 3.4673891], [-76.504808, 3.4673476], [-76.5047884, 3.4673526], [-76.5047637, 3.4672221], [-76.5047565, 3.4672247], [-76.5047349, 3.4671748], [-76.5045674, 3.4667843], [-76.5045376, 3.4667192], [-76.5044122, 3.4664298], [-76.5043686, 3.466329], [-76.5042438, 3.466041], [-76.5042016, 3.4659435], [-76.5040131, 3.4655343], [-76.5037396, 3.46488], [-76.503703, 3.4647923], [-76.5036849, 3.4647504], [-76.5036666, 3.4647082], [-76.5035498, 3.4644385], [-76.5034645, 3.4642416], [-76.5033728, 3.4640299], [-76.5032673, 3.4637864], [-76.5031682, 3.4635574], [-76.5030662, 3.463322], [-76.502971, 3.4631021], [-76.5027785, 3.4627398], [-76.5026073, 3.4623139], [-76.5025918, 3.4622754], [-76.5025763, 3.4622369], [-76.5025602, 3.4621968]]]}}, {"type": "Feature", "properties": {"name": "Metropolitano del Norte", "comuna": ""}, "geometry": {"type": "Polygon", "coordinates": [[[-76.4878258, 3.4763519], [-76.4878543, 3.4764428], [-76.4878777, 3.4765178], [-76.4879909, 3.4768884], [-76.4882561, 3.477731], [-76.4887765, 3.4793833], [-76.4891409, 3.4805659], [-76.48955, 3.4819989], [-76.4898249, 3.4827586], [-76.4898576, 3.4828396], [-76.4898885, 3.4829169], [-76.4900753, 3.4833078], [-76.4903408, 3.4837027], [-76.4909551, 3.4843265], [-76.4914124, 3.4846491], [-76.4916261, 3.4847597], [-76.4919728, 3.4849146], [-76.4925979, 3.4851337], [-76.4930906, 3.4852624], [-76.4934281, 3.4853197], [-76.4937556, 3.4853851], [-76.4941308, 3.4855312], [-76.4948707, 3.4858351], [-76.4952991, 3.4859766], [-76.4953293, 3.4859212], [-76.4962686, 3.4841993], [-76.496299, 3.4841446], [-76.4961459, 3.4840118], [-76.4961154, 3.483982], [-76.4958922, 3.4837641], [-76.4953953, 3.4832755], [-76.4951947, 3.4830852], [-76.4951531, 3.4830466], [-76.4949406, 3.4828495], [-76.494365, 3.4823156], [-76.4943121, 3.4822665], [-76.4942854, 3.4822417], [-76.4939312, 3.4819132], [-76.4938657, 3.4818525], [-76.4936136, 3.4816187], [-76.4933577, 3.4813814], [-76.4931115, 3.4811529], [-76.4929604, 3.4810114], [-76.4922944, 3.4803762], [-76.4921424, 3.4802376], [-76.4913473, 3.4795226], [-76.4912922, 3.4794731], [-76.4906434, 3.4788214], [-76.4905621, 3.4787484], [-76.4899002, 3.4781334], [-76.4895315, 3.4777778], [-76.4892925, 3.4775419], [-76.4891806, 3.4774314], [-76.4889773, 3.477004], [-76.4888056, 3.4766472], [-76.4890494, 3.4759694], [-76.488289, 3.4762051], [-76.4878258, 3.4763519]]]}}, {"type": "Feature", "properties": {"name": "Chiminangos I", "comuna": ""}, "geometry": {"type": "Polygon", "coordinates": [[[-76.4888056, 3.4766472], [-76.4889773, 3.477004], [-76.4891806, 3.4774314], [-76.4892925, 3.4775419], [-76.4895315, 3.4777778], [-76.4899002, 3.4781334], [-76.4905621, 3.4787484], [-76.4906434, 3.4788214], [-76.4912922, 3.4794731], [-76.4913473, 3.4795226], [-76.4918965, 3.4771113], [-76.4916598, 3.477053], [-76.4918337, 3.4763183], [-76.4920567, 3.4752604], [-76.4920725, 3.4751811], [-76.4920822, 3.4751292], [-76.4921099, 3.4750275], [-76.4901719, 3.4756294], [-76.4890494, 3.4759694], [-76.4888056, 3.4766472]]]}}, {"type": "Feature", "properties": {"name": "Chiminangos II", "comuna": ""}, "geometry": {"type": "Polygon", "coordinates": [[[-76.4930797, 3.4747213], [-76.4921099, 3.4750275], [-76.4920822, 3.4751292], [-76.4920725, 3.4751811], [-76.4920567, 3.4752604], [-76.4918337, 3.4763183], [-76.4916598, 3.477053], [-76.4918965, 3.4771113], [-76.4913473, 3.4795226], [-76.4921424, 3.4802376], [-76.4922944, 3.4803762], [-76.4929604, 3.4810114], [-76.4938912, 3.4805389], [-76.4945951, 3.4801807], [-76.4951999, 3.4798536], [-76.4958743, 3.479487], [-76.496255, 3.4792847], [-76.4963117, 3.4792566], [-76.4963579, 3.4792217], [-76.4957971, 3.4787457], [-76.4953318, 3.4783336], [-76.4949759, 3.4780014], [-76.4946385, 3.4775662], [-76.4942019, 3.476951], [-76.4940237, 3.4765866], [-76.4938435, 3.4761606], [-76.4936802, 3.4756854], [-76.493361, 3.4746334], [-76.4930797, 3.4747213]]]}}, {"type": "Feature", "properties": {"name": "Villa del Sol", "comuna": ""}, "geometry": {"type": "Polygon", "coordinates": [[[-76.4958743, 3.479487], [-76.4951999, 3.4798536], [-76.4945951, 3.4801807], [-76.4938912, 3.4805389], [-76.4929604, 3.4810114], [-76.4931115, 3.4811529], [-76.4933577, 3.4813814], [-76.4936136, 3.4816187], [-76.4938657, 3.4818525], [-76.4939312, 3.4819132], [-76.4942854, 3.4822417], [-76.4943121, 3.4822665], [-76.494365, 3.4823156], [-76.4949406, 3.4828495], [-76.4951531, 3.4830466], [-76.4951947, 3.4830852], [-76.4953953, 3.4832755], [-76.4958922, 3.4837641], [-76.4961154, 3.483982], [-76.4961459, 3.4840118], [-76.496299, 3.4841446], [-76.4967017, 3.4834457], [-76.497151, 3.4827777], [-76.4974916, 3.4823707], [-76.4979685, 3.4818001], [-76.4983837, 3.4813391], [-76.4985791, 3.4811111], [-76.4983346, 3.4808925], [-76.4980187, 3.4806272], [-76.4977707, 3.4804227], [-76.4972777, 3.4799921], [-76.4969356, 3.4797068], [-76.4964707, 3.4793201], [-76.4963579, 3.4792217], [-76.4963117, 3.4792566], [-76.496255, 3.4792847], [-76.4958743, 3.479487]]]}}, {"type": "Feature", "properties": {"name": "Los Parques Barranquilla", "comuna": ""}, "geometry": {"type": "Polygon", "coordinates": [[[-76.4985791, 3.4811111], [-76.4986429, 3.4810432], [-76.4993129, 3.4804289], [-76.4997956, 3.4800623], [-76.5003463, 3.4796653], [-76.5003059, 3.4796185], [-76.5002684, 3.4795607], [-76.5002235, 3.4795183], [-76.4997207, 3.4790446], [-76.4996447, 3.4789731], [-76.4994418, 3.4787781], [-76.4994103, 3.4787476], [-76.4990045, 3.4783542], [-76.4986164, 3.4779779], [-76.4984354, 3.4778024], [-76.4980573, 3.4774358], [-76.4974878, 3.4768836], [-76.4974439, 3.476841], [-76.4978136, 3.4767184], [-76.498018, 3.476656], [-76.4980829, 3.4766362], [-76.4980068, 3.4763803], [-76.4979491, 3.4761865], [-76.4978105, 3.4757207], [-76.4978032, 3.4756962], [-76.4977989, 3.4756815], [-76.4977383, 3.475478], [-76.4976867, 3.4753058], [-76.4976123, 3.4750539], [-76.4974035, 3.4743531], [-76.4973695, 3.4742391], [-76.4972656, 3.4738898], [-76.4971703, 3.4735889], [-76.497158, 3.473554], [-76.4971289, 3.4734712], [-76.493361, 3.4746334], [-76.4936802, 3.4756854], [-76.4938435, 3.4761606], [-76.4940237, 3.4765866], [-76.4942019, 3.476951], [-76.4946385, 3.4775662], [-76.4949759, 3.4780014], [-76.4953318, 3.4783336], [-76.4957971, 3.4787457], [-76.4963579, 3.4792217], [-76.4964707, 3.4793201], [-76.4969356, 3.4797068], [-76.4972777, 3.4799921], [-76.4977707, 3.4804227], [-76.4980187, 3.4806272], [-76.4983346, 3.4808925], [-76.4985791, 3.4811111]]]}}, {"type": "Feature", "properties": {"name": "Torres de Comfandi", "comuna": ""}, "geometry": {"type": "Polygon", "coordinates": [[[-76.4971289, 3.4734712], [-76.497158, 3.473554], [-76.4971703, 3.4735889], [-76.4972656, 3.4738898], [-76.4973695, 3.4742391], [-76.4974035, 3.4743531], [-76.4976123, 3.4750539], [-76.4976867, 3.4753058], [-76.4977383, 3.475478], [-76.4977989, 3.4756815], [-76.4978032, 3.4756962], [-76.4978105, 3.4757207], [-76.4979491, 3.4761865], [-76.4980068, 3.4763803], [-76.4980829, 3.4766362], [-76.498018, 3.476656], [-76.4978136, 3.4767184], [-76.4974439, 3.476841], [-76.4974878, 3.4768836], [-76.4980573, 3.4774358], [-76.4984354, 3.4778024], [-76.4986164, 3.4779779], [-76.4990045, 3.4783542], [-76.4994103, 3.4787476], [-76.4994418, 3.4787781], [-76.4996447, 3.4789731], [-76.4997207, 3.4790446], [-76.5002235, 3.4795183], [-76.5002684, 3.4795607], [-76.5003059, 3.4796185], [-76.5003463, 3.4796653], [-76.5007308, 3.4793688], [-76.501755, 3.4786503], [-76.5018827, 3.4785525], [-76.5022109, 3.4782946], [-76.5028037, 3.4778462], [-76.5030813, 3.477553], [-76.504432, 3.4760639], [-76.5044876, 3.4760011], [-76.5044523, 3.4759474], [-76.5043293, 3.4757585], [-76.5040845, 3.4754152], [-76.5038002, 3.4748664], [-76.5028694, 3.4716202], [-76.4996414, 3.4727379], [-76.4971289, 3.4734712]]]}}, {"type": "Feature", "properties": {"name": "San Luis II", "comuna": ""}, "geometry": {"type": "Polygon", "coordinates": [[[-76.4852411, 3.4922917], [-76.4860553, 3.492154], [-76.4868877, 3.4919859], [-76.4873745, 3.491908], [-76.4904026, 3.4914226], [-76.4907156, 3.4913578], [-76.4908824, 3.4913005], [-76.4911407, 3.4911984], [-76.4914621, 3.4910344], [-76.4916141, 3.490952], [-76.4916469, 3.4909342], [-76.4918644, 3.4907935], [-76.4919993, 3.4906965], [-76.4921197, 3.4906109], [-76.4918656, 3.490581], [-76.4917607, 3.4905487], [-76.4916115, 3.4902724], [-76.4915671, 3.4901921], [-76.491348, 3.4898055], [-76.4912685, 3.4896642], [-76.4912315, 3.4895983], [-76.4909464, 3.489091], [-76.4907785, 3.4887925], [-76.4906791, 3.4886152], [-76.4903474, 3.4880195], [-76.4903096, 3.4879578], [-76.4900466, 3.4874897], [-76.4898415, 3.4871247], [-76.4897995, 3.4870501], [-76.4895967, 3.4866892], [-76.4894463, 3.4864214], [-76.4893491, 3.4862486], [-76.489278, 3.486122], [-76.4890071, 3.4856399], [-76.4886873, 3.4858176], [-76.4883916, 3.4859873], [-76.488346, 3.4860177], [-76.4881921, 3.4857331], [-76.4880487, 3.4854598], [-76.4880041, 3.4853726], [-76.4878969, 3.4851829], [-76.4877483, 3.4849013], [-76.4875938, 3.4846189], [-76.487391, 3.4842349], [-76.4873675, 3.4841597], [-76.4869455, 3.4843019], [-76.485969, 3.4846102], [-76.4853012, 3.4848151], [-76.4849277, 3.4848232], [-76.4849859, 3.4850459], [-76.4853206, 3.486366], [-76.4856036, 3.487478], [-76.4858833, 3.4886044], [-76.4859997, 3.4890547], [-76.4860724, 3.4894517], [-76.4860854, 3.4896696], [-76.4860676, 3.4898293], [-76.4859237, 3.4903522], [-76.4857703, 3.4907971], [-76.4855454, 3.4914496], [-76.4852411, 3.4922917]]]}}, {"type": "Feature", "properties": {"name": "Fonaviemcali", "comuna": ""}, "geometry": {"type": "Polygon", "coordinates": [[[-76.4907308, 3.4845085], [-76.4907977, 3.4844542], [-76.4908225, 3.4844298], [-76.4909551, 3.4843265], [-76.4903408, 3.4837027], [-76.4900753, 3.4833078], [-76.4898885, 3.4829169], [-76.4898576, 3.4828396], [-76.4896472, 3.4829525], [-76.4896159, 3.4829693], [-76.4895545, 3.4830039], [-76.4894984, 3.4830344], [-76.4891068, 3.4832649], [-76.4875111, 3.484103], [-76.4873675, 3.4841597], [-76.487391, 3.4842349], [-76.4875938, 3.4846189], [-76.4877483, 3.4849013], [-76.4878969, 3.4851829], [-76.4880041, 3.4853726], [-76.4880487, 3.4854598], [-76.4881921, 3.4857331], [-76.488346, 3.4860177], [-76.4883916, 3.4859873], [-76.4886873, 3.4858176], [-76.4890071, 3.4856399], [-76.4895715, 3.4853114], [-76.4900901, 3.4850005], [-76.4902074, 3.4849185], [-76.4904432, 3.4847375], [-76.4906817, 3.4845484], [-76.4907308, 3.4845085]]]}}, {"type": "Feature", "properties": {"name": "Los Alc\u00e1zares", "comuna": ""}, "geometry": {"type": "Polygon", "coordinates": [[[-76.4904432, 3.4847375], [-76.4902074, 3.4849185], [-76.4900901, 3.4850005], [-76.4895715, 3.4853114], [-76.4890071, 3.4856399], [-76.489278, 3.486122], [-76.4893491, 3.4862486], [-76.4894463, 3.4864214], [-76.4895967, 3.4866892], [-76.4897995, 3.4870501], [-76.4898415, 3.4871247], [-76.4900466, 3.4874897], [-76.4903096, 3.4879578], [-76.4903474, 3.4880195], [-76.4906791, 3.4886152], [-76.4907785, 3.4887925], [-76.4909464, 3.489091], [-76.4912315, 3.4895983], [-76.4912685, 3.4896642], [-76.491348, 3.4898055], [-76.4915671, 3.4901921], [-76.4916115, 3.4902724], [-76.4917607, 3.4905487], [-76.4918656, 3.490581], [-76.4921197, 3.4906109], [-76.4922807, 3.4904943], [-76.4925349, 3.4902928], [-76.4927925, 3.4900439], [-76.4930397, 3.4897955], [-76.4933134, 3.4894707], [-76.4935711, 3.4891186], [-76.4938697, 3.4886478], [-76.4942364, 3.4879389], [-76.4946739, 3.4871131], [-76.4952622, 3.4860437], [-76.4952991, 3.4859766], [-76.4948707, 3.4858351], [-76.4941308, 3.4855312], [-76.4937556, 3.4853851], [-76.4934281, 3.4853197], [-76.4930906, 3.4852624], [-76.4925979, 3.4851337], [-76.4919728, 3.4849146], [-76.4916261, 3.4847597], [-76.4914124, 3.4846491], [-76.4909551, 3.4843265], [-76.4908225, 3.4844298], [-76.4907977, 3.4844542], [-76.4907308, 3.4845085], [-76.4906817, 3.4845484], [-76.4904432, 3.4847375]]]}}, {"type": "Feature", "properties": {"name": "Paso del Comercio", "comuna": ""}, "geometry": {"type": "Polygon", "coordinates": [[[-76.4921197, 3.4906109], [-76.4919993, 3.4906965], [-76.4918644, 3.4907935], [-76.4916469, 3.4909342], [-76.4916141, 3.490952], [-76.4914621, 3.4910344], [-76.4911407, 3.4911984], [-76.4908824, 3.4913005], [-76.4907156, 3.4913578], [-76.4904026, 3.4914226], [-76.4873745, 3.491908], [-76.4868877, 3.4919859], [-76.4860553, 3.492154], [-76.4852411, 3.4922917], [-76.4842281, 3.4924478], [-76.4832395, 3.4925937], [-76.4838538, 3.4952096], [-76.4850131, 3.4968103], [-76.4858422, 3.4974739], [-76.4867225, 3.4964483], [-76.4868126, 3.496316], [-76.4868623, 3.4962423], [-76.4870348, 3.4960419], [-76.4872755, 3.4958509], [-76.48757, 3.495671], [-76.4878985, 3.4955365], [-76.488377, 3.4953445], [-76.4887931, 3.4951552], [-76.4892376, 3.4949178], [-76.4893107, 3.4948503], [-76.4893803, 3.4947859], [-76.489505, 3.4946328], [-76.4896883, 3.4943656], [-76.4898069, 3.4941435], [-76.4901167, 3.4936339], [-76.4902723, 3.4933352], [-76.4905818, 3.4928002], [-76.4907954, 3.4925077], [-76.4910412, 3.4922245], [-76.4919106, 3.4913603], [-76.4920139, 3.4912576], [-76.4921791, 3.4910919], [-76.4927575, 3.4904844], [-76.4928774, 3.4903214], [-76.4930418, 3.490098], [-76.4933382, 3.4896783], [-76.4934414, 3.4895359], [-76.4933134, 3.4894707], [-76.4930397, 3.4897955], [-76.4927925, 3.4900439], [-76.4925349, 3.4902928], [-76.4922807, 3.4904943], [-76.4921197, 3.4906109]]]}}, {"type": "Feature", "properties": {"name": "Puente del Comercio", "comuna": ""}, "geometry": {"type": "Polygon", "coordinates": [[[-76.4935711, 3.4891186], [-76.4933134, 3.4894707], [-76.4934414, 3.4895359], [-76.4937463, 3.4897106], [-76.49447, 3.490047], [-76.4945705, 3.4901008], [-76.4952507, 3.4904654], [-76.4956659, 3.490688], [-76.4959425, 3.4908362], [-76.4965711, 3.4911731], [-76.4967553, 3.4912715], [-76.4967915, 3.4912888], [-76.4970124, 3.4909676], [-76.4971605, 3.4907523], [-76.4971813, 3.4907221], [-76.4973487, 3.4904741], [-76.4976713, 3.4900107], [-76.4977129, 3.4899487], [-76.4978738, 3.4897091], [-76.4979528, 3.4895958], [-76.4981572, 3.4892993], [-76.4982989, 3.4890946], [-76.4983432, 3.4890307], [-76.4984224, 3.48892], [-76.4985556, 3.4887339], [-76.4987697, 3.4884354], [-76.4989759, 3.4881474], [-76.4991017, 3.4879711], [-76.4992732, 3.487716], [-76.4993917, 3.4875397], [-76.4994137, 3.487507], [-76.4994675, 3.4874269], [-76.4994954, 3.487363], [-76.4995976, 3.487129], [-76.498779, 3.4869083], [-76.4980617, 3.4868042], [-76.4963483, 3.4862701], [-76.495604, 3.486076], [-76.4952991, 3.4859766], [-76.4952622, 3.4860437], [-76.4946739, 3.4871131], [-76.4942364, 3.4879389], [-76.4938697, 3.4886478], [-76.4935711, 3.4891186]]]}}, {"type": "Feature", "properties": {"name": "Ciudadela Floralia", "comuna": ""}, "geometry": {"type": "Polygon", "coordinates": [[[-76.4933382, 3.4896783], [-76.4930418, 3.490098], [-76.4928774, 3.4903214], [-76.4927575, 3.4904844], [-76.4921791, 3.4910919], [-76.4920139, 3.4912576], [-76.4919106, 3.4913603], [-76.4910412, 3.4922245], [-76.4907954, 3.4925077], [-76.4905818, 3.4928002], [-76.4902723, 3.4933352], [-76.4901167, 3.4936339], [-76.4898069, 3.4941435], [-76.4896883, 3.4943656], [-76.489505, 3.4946328], [-76.4893803, 3.4947859], [-76.4893107, 3.4948503], [-76.4892376, 3.4949178], [-76.4887931, 3.4951552], [-76.488377, 3.4953445], [-76.4878985, 3.4955365], [-76.48757, 3.495671], [-76.4872755, 3.4958509], [-76.4870348, 3.4960419], [-76.4868623, 3.4962423], [-76.4870799, 3.4963523], [-76.4874109, 3.4965114], [-76.4879393, 3.4967862], [-76.4887185, 3.4971917], [-76.4893781, 3.4975429], [-76.4895764, 3.4976453], [-76.4903292, 3.4980435], [-76.4912286, 3.4985145], [-76.4920035, 3.4989494], [-76.4921625, 3.4990646], [-76.49229, 3.4992494], [-76.4924598, 3.4995328], [-76.4925292, 3.4996605], [-76.4925861, 3.4998427], [-76.4926339, 3.5000521], [-76.4926668, 3.5002424], [-76.4927073, 3.5005991], [-76.4927223, 3.5007217], [-76.4927821, 3.5012112], [-76.4928234, 3.5013507], [-76.4928758, 3.5014498], [-76.4929359, 3.5015553], [-76.4930207, 3.5016396], [-76.4931071, 3.5017207], [-76.4932021, 3.5017787], [-76.4933163, 3.5018305], [-76.4934301, 3.5018603], [-76.4935646, 3.5018702], [-76.4936904, 3.5018563], [-76.4938046, 3.501831], [-76.493912, 3.5017756], [-76.4940611, 3.5016575], [-76.4942078, 3.5014952], [-76.4943536, 3.5013339], [-76.4944148, 3.5012662], [-76.4944799, 3.5011941], [-76.49467, 3.5009733], [-76.494847, 3.5007402], [-76.4950184, 3.5005204], [-76.4951647, 3.500282], [-76.4951699, 3.5002729], [-76.4953142, 3.5000223], [-76.4954436, 3.4997997], [-76.4955921, 3.4995397], [-76.4956707, 3.4994032], [-76.4957325, 3.4992959], [-76.4958736, 3.4990508], [-76.4960094, 3.4988149], [-76.496157, 3.4985585], [-76.4962069, 3.4984705], [-76.4962945, 3.4983163], [-76.4964244, 3.4980939], [-76.4964397, 3.4980676], [-76.4965871, 3.4978115], [-76.496725, 3.4975721], [-76.4968856, 3.4972838], [-76.4969883, 3.4971147], [-76.497029, 3.4970396], [-76.4971701, 3.4967991], [-76.497309, 3.4965552], [-76.4974349, 3.4963283], [-76.4975761, 3.496083], [-76.4977185, 3.4958241], [-76.4978694, 3.4955672], [-76.4980323, 3.4953015], [-76.4981767, 3.4950508], [-76.4983187, 3.4948041], [-76.4979889, 3.4946133], [-76.497675, 3.4944317], [-76.4973646, 3.4942521], [-76.4969668, 3.4940199], [-76.4965504, 3.493781], [-76.4964687, 3.4937337], [-76.4962821, 3.4936258], [-76.4960286, 3.4934791], [-76.4958087, 3.4933519], [-76.4955365, 3.4931914], [-76.4954908, 3.4931647], [-76.4955253, 3.4931297], [-76.4959165, 3.492567], [-76.4961045, 3.4922936], [-76.4962239, 3.4921205], [-76.4963154, 3.4919872], [-76.496344, 3.4919453], [-76.4963796, 3.4918889], [-76.4967915, 3.4912888], [-76.4967553, 3.4912715], [-76.4965711, 3.4911731], [-76.4959425, 3.4908362], [-76.4956659, 3.490688], [-76.4952507, 3.4904654], [-76.4945705, 3.4901008], [-76.49447, 3.490047], [-76.4937463, 3.4897106], [-76.4934414, 3.4895359], [-76.4933382, 3.4896783]]]}}, {"type": "Feature", "properties": {"name": "Los Guaduales", "comuna": ""}, "geometry": {"type": "Polygon", "coordinates": [[[-76.4994137, 3.487507], [-76.4993917, 3.4875397], [-76.4992732, 3.487716], [-76.4991017, 3.4879711], [-76.4989759, 3.4881474], [-76.4987697, 3.4884354], [-76.4985556, 3.4887339], [-76.4984224, 3.48892], [-76.4983432, 3.4890307], [-76.4982989, 3.4890946], [-76.4981572, 3.4892993], [-76.4979528, 3.4895958], [-76.4978738, 3.4897091], [-76.4977129, 3.4899487], [-76.4976713, 3.4900107], [-76.4973487, 3.4904741], [-76.4971813, 3.4907221], [-76.4971605, 3.4907523], [-76.4970124, 3.4909676], [-76.4967915, 3.4912888], [-76.4963796, 3.4918889], [-76.496344, 3.4919453], [-76.4963154, 3.4919872], [-76.4962239, 3.4921205], [-76.4961045, 3.4922936], [-76.4959165, 3.492567], [-76.4955253, 3.4931297], [-76.4954908, 3.4931647], [-76.4955365, 3.4931914], [-76.4958087, 3.4933519], [-76.4960286, 3.4934791], [-76.4962821, 3.4936258], [-76.4964687, 3.4937337], [-76.4965504, 3.493781], [-76.4969668, 3.4940199], [-76.4973646, 3.4942521], [-76.497675, 3.4944317], [-76.4979889, 3.4946133], [-76.4983187, 3.4948041], [-76.4988994, 3.4951557], [-76.4989333, 3.495097], [-76.4991573, 3.4947289], [-76.4993531, 3.4944438], [-76.4996253, 3.4938882], [-76.4999726, 3.4934251], [-76.5002154, 3.4929833], [-76.5006714, 3.4923113], [-76.500788, 3.4921333], [-76.5011247, 3.4917103], [-76.5013258, 3.4912753], [-76.5018502, 3.4907947], [-76.5023156, 3.4903141], [-76.502447, 3.48995], [-76.5025435, 3.4896368], [-76.5026321, 3.4894239], [-76.5029271, 3.4887921], [-76.5030009, 3.4886636], [-76.5031028, 3.4884427], [-76.5031631, 3.4883825], [-76.5030166, 3.4883202], [-76.50205, 3.4878912], [-76.5006719, 3.4874571], [-76.5003608, 3.4873628], [-76.4995976, 3.487129], [-76.4994954, 3.487363], [-76.4994675, 3.4874269], [-76.4994137, 3.487507]]]}}, {"type": "Feature", "properties": {"name": "Jorge Eli\u00e9cer Gait\u00e1n", "comuna": ""}, "geometry": {"type": "Polygon", "coordinates": [[[-76.4759058, 3.4682413], [-76.4761858, 3.468742], [-76.4763984, 3.4690988], [-76.4765925, 3.4695355], [-76.476651, 3.4699692], [-76.4766079, 3.4707289], [-76.4763648, 3.4719875], [-76.476278, 3.4726105], [-76.4762887, 3.4729012], [-76.4763526, 3.4731111], [-76.4765239, 3.4733459], [-76.4765456, 3.4732871], [-76.4765879, 3.4732553], [-76.4767581, 3.4731865], [-76.4773064, 3.4729867], [-76.478072, 3.4727299], [-76.4794999, 3.4722686], [-76.4801572, 3.4720751], [-76.480245, 3.4720493], [-76.4810015, 3.4718269], [-76.4810739, 3.4718052], [-76.4811837, 3.4717762], [-76.4822314, 3.4750764], [-76.4831103, 3.4778437], [-76.4836134, 3.477683], [-76.4853277, 3.4771576], [-76.4852984, 3.4770628], [-76.4852803, 3.477005], [-76.4851515, 3.4765836], [-76.4850235, 3.4761675], [-76.484897, 3.4757566], [-76.4847658, 3.4753301], [-76.4851919, 3.475206], [-76.4848372, 3.4740434], [-76.485468, 3.4738461], [-76.4853429, 3.4734079], [-76.4852143, 3.4729838], [-76.4850927, 3.472584], [-76.484983, 3.4721707], [-76.4851122, 3.4721295], [-76.4849833, 3.4716631], [-76.4848723, 3.4712611], [-76.4847466, 3.4708063], [-76.4847028, 3.4707186], [-76.4854819, 3.4704865], [-76.4859329, 3.4703451], [-76.485905, 3.4702592], [-76.4850491, 3.4675838], [-76.4849882, 3.4673641], [-76.4847457, 3.4665895], [-76.4843926, 3.4654959], [-76.4841775, 3.4655693], [-76.4841424, 3.4655814], [-76.4840883, 3.4655971], [-76.4840326, 3.4656128], [-76.4830443, 3.4659261], [-76.4799908, 3.4669538], [-76.4799054, 3.466978], [-76.4798473, 3.4669945], [-76.4796474, 3.4670511], [-76.479569, 3.4670733], [-76.4795252, 3.4670857], [-76.4759058, 3.4682413]]]}}, {"type": "Feature", "properties": {"name": "La Rivera I", "comuna": ""}, "geometry": {"type": "Polygon", "coordinates": [[[-76.4868445, 3.4766708], [-76.4873114, 3.4765172], [-76.4878258, 3.4763519], [-76.4877976, 3.4762619], [-76.4877753, 3.4761907], [-76.4872422, 3.4745223], [-76.4864932, 3.4721375], [-76.4859608, 3.470431], [-76.4859329, 3.4703451], [-76.4854819, 3.4704865], [-76.4847028, 3.4707186], [-76.4847466, 3.4708063], [-76.4848723, 3.4712611], [-76.4849833, 3.4716631], [-76.4851122, 3.4721295], [-76.484983, 3.4721707], [-76.4850927, 3.472584], [-76.4852143, 3.4729838], [-76.4853429, 3.4734079], [-76.485468, 3.4738461], [-76.4848372, 3.4740434], [-76.4851919, 3.475206], [-76.4847658, 3.4753301], [-76.484897, 3.4757566], [-76.4850235, 3.4761675], [-76.4851515, 3.4765836], [-76.4852803, 3.477005], [-76.4852984, 3.4770628], [-76.4853277, 3.4771576], [-76.4854077, 3.4771384], [-76.4860358, 3.4769338], [-76.4861191, 3.4769067], [-76.4866823, 3.4767232], [-76.4868445, 3.4766708]]]}}, {"type": "Feature", "properties": {"name": "Petecuy I", "comuna": ""}, "geometry": {"type": "Polygon", "coordinates": [[[-76.476562, 3.4736087], [-76.4766045, 3.4737137], [-76.4768367, 3.4741032], [-76.4770194, 3.4743536], [-76.4774839, 3.4748578], [-76.477863, 3.4753185], [-76.4786804, 3.476231], [-76.4788456, 3.4761821], [-76.4795368, 3.4759581], [-76.4797232, 3.4758977], [-76.4798407, 3.4758596], [-76.4805494, 3.4756299], [-76.4812728, 3.4753954], [-76.4820377, 3.4751475], [-76.48209, 3.4751305], [-76.4822314, 3.4750764], [-76.4811837, 3.4717762], [-76.4810739, 3.4718052], [-76.4810015, 3.4718269], [-76.480245, 3.4720493], [-76.4801572, 3.4720751], [-76.4794999, 3.4722686], [-76.478072, 3.4727299], [-76.4773064, 3.4729867], [-76.4767581, 3.4731865], [-76.4765879, 3.4732553], [-76.4765456, 3.4732871], [-76.4765239, 3.4733459], [-76.4765255, 3.4733891], [-76.476562, 3.4736087]]]}}, {"type": "Feature", "properties": {"name": "Petecuy III", "comuna": ""}, "geometry": {"type": "Polygon", "coordinates": [[[-76.4793719, 3.4786934], [-76.4794335, 3.4788272], [-76.4795319, 3.478791], [-76.4799512, 3.4787814], [-76.4803333, 3.4787119], [-76.4831103, 3.4778437], [-76.4822314, 3.4750764], [-76.48209, 3.4751305], [-76.4820377, 3.4751475], [-76.4812728, 3.4753954], [-76.4805494, 3.4756299], [-76.4798407, 3.4758596], [-76.4797232, 3.4758977], [-76.4795368, 3.4759581], [-76.4788456, 3.4761821], [-76.4786804, 3.476231], [-76.4788489, 3.4764446], [-76.4789736, 3.4765932], [-76.4791024, 3.4767739], [-76.4791748, 3.4769479], [-76.4792284, 3.4771715], [-76.4792727, 3.4773669], [-76.4792995, 3.4776534], [-76.479325, 3.4779626], [-76.4793424, 3.4782973], [-76.4793719, 3.4786934]]]}}, {"type": "Feature", "properties": {"name": "Petecuy II", "comuna": ""}, "geometry": {"type": "Polygon", "coordinates": [[[-76.4843691, 3.4824553], [-76.4839716, 3.4809402], [-76.4837859, 3.4802097], [-76.4835202, 3.4791901], [-76.4831103, 3.4778437], [-76.4803333, 3.4787119], [-76.4799512, 3.4787814], [-76.4795319, 3.478791], [-76.4794335, 3.4788272], [-76.4793719, 3.4786934], [-76.4793851, 3.4788713], [-76.4794095, 3.4792651], [-76.479451, 3.4796076], [-76.4795839, 3.4799251], [-76.4797581, 3.4801886], [-76.4800933, 3.4805834], [-76.4806674, 3.4811216], [-76.4807667, 3.4812014], [-76.4811542, 3.4815781], [-76.4814464, 3.4818954], [-76.4817389, 3.4822592], [-76.4820319, 3.4828265], [-76.482148, 3.4832533], [-76.4823493, 3.4831818], [-76.483136, 3.4828994], [-76.48336, 3.482819], [-76.4841222, 3.4825454], [-76.484189, 3.4825227], [-76.4843691, 3.4824553]]]}}, {"type": "Feature", "properties": {"name": "San Luis", "comuna": ""}, "geometry": {"type": "Polygon", "coordinates": [[[-76.4873675, 3.4841597], [-76.4875111, 3.484103], [-76.4891068, 3.4832649], [-76.4894984, 3.4830344], [-76.4895545, 3.4830039], [-76.4896159, 3.4829693], [-76.4896472, 3.4829525], [-76.4898576, 3.4828396], [-76.4898249, 3.4827586], [-76.48955, 3.4819989], [-76.4891409, 3.4805659], [-76.4887765, 3.4793833], [-76.4882561, 3.477731], [-76.4879909, 3.4768884], [-76.4878777, 3.4765178], [-76.4878543, 3.4764428], [-76.4878258, 3.4763519], [-76.4873114, 3.4765172], [-76.4868445, 3.4766708], [-76.4866823, 3.4767232], [-76.4861191, 3.4769067], [-76.4860358, 3.4769338], [-76.4854077, 3.4771384], [-76.4853277, 3.4771576], [-76.4836134, 3.477683], [-76.4831103, 3.4778437], [-76.4835202, 3.4791901], [-76.4837859, 3.4802097], [-76.4839716, 3.4809402], [-76.4843691, 3.4824553], [-76.4846056, 3.4834991], [-76.484849, 3.4844895], [-76.4849277, 3.4848232], [-76.4853012, 3.4848151], [-76.485969, 3.4846102], [-76.4869455, 3.4843019], [-76.4873675, 3.4841597]]]}}, {"type": "Feature", "properties": {"name": "Calimio", "comuna": ""}, "geometry": {"type": "Polygon", "coordinates": [[[-76.4841293, 3.4911626], [-76.4841647, 3.4918735], [-76.484179, 3.492162], [-76.4841957, 3.4923405], [-76.4842281, 3.4924478], [-76.4852411, 3.4922917], [-76.4855454, 3.4914496], [-76.4857703, 3.4907971], [-76.4859237, 3.4903522], [-76.4860676, 3.4898293], [-76.4860854, 3.4896696], [-76.4860724, 3.4894517], [-76.4859997, 3.4890547], [-76.4858833, 3.4886044], [-76.4856036, 3.487478], [-76.4853206, 3.486366], [-76.4849859, 3.4850459], [-76.4849277, 3.4848232], [-76.484849, 3.4844895], [-76.4846056, 3.4834991], [-76.4843691, 3.4824553], [-76.484189, 3.4825227], [-76.4841222, 3.4825454], [-76.48336, 3.482819], [-76.483136, 3.4828994], [-76.4823493, 3.4831818], [-76.482148, 3.4832533], [-76.4822271, 3.4835925], [-76.4827326, 3.4853061], [-76.4829565, 3.4861816], [-76.4830635, 3.4865683], [-76.483159, 3.4869138], [-76.4834179, 3.4877934], [-76.483886, 3.4895081], [-76.4840778, 3.4903448], [-76.48409, 3.4905591], [-76.4841293, 3.4911626]]]}}, {"type": "Feature", "properties": {"name": "Alfonso L\u00f3pez III", "comuna": ""}, "geometry": {"type": "Polygon", "coordinates": [[[-76.4847002, 3.4556437], [-76.4848302, 3.4554024], [-76.4851918, 3.4547591], [-76.485522, 3.454124], [-76.4858409, 3.4534816], [-76.4862597, 3.4527206], [-76.4865348, 3.4522164], [-76.4862193, 3.4522013], [-76.4857644, 3.4521702], [-76.4855118, 3.4521446], [-76.4849904, 3.4520332], [-76.4843754, 3.4518843], [-76.4831465, 3.4515847], [-76.4828219, 3.4514734], [-76.4825801, 3.451404], [-76.4820448, 3.4512409], [-76.4814149, 3.4510494], [-76.4807462, 3.4508453], [-76.4801012, 3.4506325], [-76.4796315, 3.4504915], [-76.4790056, 3.45033], [-76.4788201, 3.4502864], [-76.4787047, 3.450306], [-76.4786201, 3.4503255], [-76.4776055, 3.4505327], [-76.4772426, 3.4506008], [-76.4772473, 3.4506659], [-76.4772504, 3.4507136], [-76.4773195, 3.4508641], [-76.4774362, 3.4516184], [-76.4774733, 3.4521431], [-76.4774333, 3.452395], [-76.4773406, 3.4530824], [-76.477253, 3.4536853], [-76.4771727, 3.4542103], [-76.4771866, 3.4545438], [-76.477212, 3.4548243], [-76.4772534, 3.4550306], [-76.4772807, 3.4552439], [-76.4773243, 3.4555257], [-76.4773685, 3.4558436], [-76.4773982, 3.4560308], [-76.4774323, 3.4562565], [-76.477438, 3.4563165], [-76.4775146, 3.4567019], [-76.4775503, 3.4568556], [-76.4777386, 3.4568318], [-76.4783235, 3.4567562], [-76.4802287, 3.4569675], [-76.4815179, 3.4570628], [-76.481831, 3.4570924], [-76.4838806, 3.457267], [-76.4839159, 3.4572041], [-76.4839695, 3.4571051], [-76.4841277, 3.4567197], [-76.484633, 3.4557781], [-76.4847002, 3.4556437]]]}}, {"type": "Feature", "properties": {"name": "Puerto Nuevo", "comuna": ""}, "geometry": {"type": "Polygon", "coordinates": [[[-76.4775503, 3.4568556], [-76.4775146, 3.4567019], [-76.477438, 3.4563165], [-76.4774323, 3.4562565], [-76.4773982, 3.4560308], [-76.4773685, 3.4558436], [-76.4773243, 3.4555257], [-76.4772807, 3.4552439], [-76.4772534, 3.4550306], [-76.477212, 3.4548243], [-76.4771866, 3.4545438], [-76.4771727, 3.4542103], [-76.477253, 3.4536853], [-76.4773406, 3.4530824], [-76.4774333, 3.452395], [-76.4774733, 3.4521431], [-76.4774362, 3.4516184], [-76.4773195, 3.4508641], [-76.4771567, 3.4508034], [-76.4769995, 3.4507652], [-76.476888, 3.4507796], [-76.4768016, 3.4508049], [-76.4765917, 3.4508368], [-76.4765382, 3.4508723], [-76.4764872, 3.4510249], [-76.4764577, 3.4511936], [-76.4764577, 3.4513435], [-76.4764524, 3.4515309], [-76.4764078, 3.4518232], [-76.4763064, 3.4522577], [-76.4761986, 3.4526652], [-76.476191, 3.4527083], [-76.4761267, 3.453276], [-76.4761158, 3.4534205], [-76.4761144, 3.4535523], [-76.4761788, 3.4538656], [-76.4762297, 3.4540075], [-76.476329, 3.4542377], [-76.4766991, 3.4548401], [-76.476702, 3.4548475], [-76.4767477, 3.455065], [-76.4771066, 3.4574072], [-76.4776386, 3.4573404], [-76.4776002, 3.4572065], [-76.477583, 3.4571117], [-76.4775745, 3.4570249], [-76.4775585, 3.4569218], [-76.4775503, 3.4568556]]]}}, {"type": "Feature", "properties": {"name": "Alfonso L\u00f3pez II", "comuna": ""}, "geometry": {"type": "Polygon", "coordinates": [[[-76.4765622, 3.4574756], [-76.4766044, 3.4577234], [-76.4765358, 3.4585801], [-76.4771526, 3.4603461], [-76.4771795, 3.461296], [-76.4782218, 3.4613491], [-76.4783295, 3.4614726], [-76.4783885, 3.4614776], [-76.4784945, 3.4614803], [-76.478986, 3.4614338], [-76.4791523, 3.461432], [-76.4792187, 3.4619143], [-76.4793869, 3.4619497], [-76.4802287, 3.4620968], [-76.4802965, 3.4621081], [-76.4804344, 3.4621601], [-76.4805675, 3.462156], [-76.4806339, 3.4621358], [-76.4813931, 3.4619053], [-76.4826924, 3.461463], [-76.4827649, 3.4614479], [-76.4828282, 3.4614346], [-76.4828769, 3.4614244], [-76.483127, 3.4613859], [-76.4830535, 3.4609536], [-76.4830077, 3.4599665], [-76.4830955, 3.4591948], [-76.4832506, 3.4586494], [-76.483794, 3.4574307], [-76.4838452, 3.4573311], [-76.4838806, 3.457267], [-76.481831, 3.4570924], [-76.4815179, 3.4570628], [-76.4802287, 3.4569675], [-76.4783235, 3.4567562], [-76.4777386, 3.4568318], [-76.4775503, 3.4568556], [-76.4775585, 3.4569218], [-76.4775745, 3.4570249], [-76.477583, 3.4571117], [-76.4776002, 3.4572065], [-76.4776386, 3.4573404], [-76.4771066, 3.4574072], [-76.4765622, 3.4574756]]]}}, {"type": "Feature", "properties": {"name": "Alfonso L\u00f3pez I", "comuna": ""}, "geometry": {"type": "Polygon", "coordinates": [[[-76.483127, 3.4613859], [-76.4828769, 3.4614244], [-76.4828282, 3.4614346], [-76.4827649, 3.4614479], [-76.4826924, 3.461463], [-76.4813931, 3.4619053], [-76.4806339, 3.4621358], [-76.4805675, 3.462156], [-76.4804344, 3.4621601], [-76.4802965, 3.4621081], [-76.4802287, 3.4620968], [-76.4793869, 3.4619497], [-76.4792187, 3.4619143], [-76.4791523, 3.461432], [-76.478986, 3.4614338], [-76.4784945, 3.4614803], [-76.4783885, 3.4614776], [-76.4783295, 3.4614726], [-76.4782218, 3.4613491], [-76.4771795, 3.461296], [-76.4768156, 3.4623113], [-76.4747557, 3.4647102], [-76.4739027, 3.4665415], [-76.4749365, 3.4685369], [-76.4753928, 3.4684065], [-76.4759058, 3.4682413], [-76.4795252, 3.4670857], [-76.479569, 3.4670733], [-76.4796474, 3.4670511], [-76.4798473, 3.4669945], [-76.4799054, 3.466978], [-76.4799908, 3.4669538], [-76.4830443, 3.4659261], [-76.4840326, 3.4656128], [-76.4840883, 3.4655971], [-76.4841424, 3.4655814], [-76.4841775, 3.4655693], [-76.4843926, 3.4654959], [-76.4843477, 3.46535], [-76.4838418, 3.4637037], [-76.4837032, 3.4632758], [-76.4836609, 3.4631381], [-76.483127, 3.4613859]]]}}, {"type": "Feature", "properties": {"name": "Las Ceibas", "comuna": ""}, "geometry": {"type": "Polygon", "coordinates": [[[-76.4858902, 3.456233], [-76.4860393, 3.4559485], [-76.4862883, 3.4559593], [-76.4866948, 3.455977], [-76.4871291, 3.4559955], [-76.48711, 3.4562253], [-76.4870855, 3.4565204], [-76.4870603, 3.4568238], [-76.4870471, 3.456983], [-76.4870389, 3.4570817], [-76.4870057, 3.4574659], [-76.4869994, 3.4575449], [-76.4855254, 3.4574233], [-76.4855069, 3.4574217], [-76.4855207, 3.4574849], [-76.4856118, 3.4578351], [-76.4856808, 3.458094], [-76.4857533, 3.4583523], [-76.4858359, 3.4586753], [-76.4859128, 3.4589638], [-76.4859881, 3.4592458], [-76.4860827, 3.4595974], [-76.4863135, 3.4595219], [-76.4864389, 3.4599144], [-76.48702, 3.4597307], [-76.4875651, 3.4595585], [-76.4880714, 3.4593986], [-76.4888255, 3.4591598], [-76.4894002, 3.458979], [-76.4900422, 3.4587759], [-76.4896797, 3.4571279], [-76.4894383, 3.4571654], [-76.4893658, 3.4567745], [-76.4891913, 3.4561337], [-76.489215, 3.4561362], [-76.4897346, 3.4561787], [-76.4897659, 3.4558686], [-76.4897971, 3.4555597], [-76.489827, 3.4552641], [-76.4898577, 3.45496], [-76.4898876, 3.4546643], [-76.4899179, 3.4543642], [-76.4899487, 3.4540592], [-76.4899794, 3.4537559], [-76.4900086, 3.4534667], [-76.490038, 3.4531755], [-76.4900872, 3.4526922], [-76.4900888, 3.4526767], [-76.4898755, 3.4526608], [-76.4894208, 3.4526012], [-76.4888408, 3.4525142], [-76.4879134, 3.4523261], [-76.4873913, 3.4522707], [-76.4867958, 3.4522357], [-76.4865348, 3.4522164], [-76.4862597, 3.4527206], [-76.4858409, 3.4534816], [-76.485522, 3.454124], [-76.4851918, 3.4547591], [-76.4848302, 3.4554024], [-76.4847002, 3.4556437], [-76.4847846, 3.4556838], [-76.4848728, 3.4557246], [-76.484937, 3.4557543], [-76.4850511, 3.455807], [-76.4851254, 3.4558413], [-76.4855002, 3.4560282], [-76.4858902, 3.456233]]]}}, {"type": "Feature", "properties": {"name": "Los Pinos", "comuna": ""}, "geometry": {"type": "Polygon", "coordinates": [[[-76.4835464, 3.4586994], [-76.4836122, 3.4587106], [-76.4836713, 3.4587206], [-76.4841021, 3.458764], [-76.4844855, 3.4588195], [-76.4845249, 3.4591284], [-76.4845598, 3.4594016], [-76.4845963, 3.459692], [-76.4846443, 3.4600681], [-76.4847087, 3.4605162], [-76.4864389, 3.4599144], [-76.4863135, 3.4595219], [-76.4860827, 3.4595974], [-76.4859881, 3.4592458], [-76.4859128, 3.4589638], [-76.4858359, 3.4586753], [-76.4857533, 3.4583523], [-76.4856808, 3.458094], [-76.4856118, 3.4578351], [-76.4855207, 3.4574849], [-76.4855069, 3.4574217], [-76.4855254, 3.4574233], [-76.4869994, 3.4575449], [-76.4870057, 3.4574659], [-76.4870389, 3.4570817], [-76.4870471, 3.456983], [-76.4870603, 3.4568238], [-76.4870855, 3.4565204], [-76.48711, 3.4562253], [-76.4871291, 3.4559955], [-76.4866948, 3.455977], [-76.4862883, 3.4559593], [-76.4860393, 3.4559485], [-76.4858902, 3.456233], [-76.4855002, 3.4560282], [-76.4851254, 3.4558413], [-76.4850511, 3.455807], [-76.484937, 3.4557543], [-76.4848728, 3.4557246], [-76.4847846, 3.4556838], [-76.4847002, 3.4556437], [-76.484633, 3.4557781], [-76.4841277, 3.4567197], [-76.4839695, 3.4571051], [-76.4839159, 3.4572041], [-76.4838806, 3.457267], [-76.4838452, 3.4573311], [-76.483794, 3.4574307], [-76.4832506, 3.4586494], [-76.4835006, 3.4586917], [-76.4835464, 3.4586994]]]}}, {"type": "Feature", "properties": {"name": "San Marino", "comuna": ""}, "geometry": {"type": "Polygon", "coordinates": [[[-76.4905117, 3.4608904], [-76.4904471, 3.4606125], [-76.4903767, 3.4603385], [-76.4903143, 3.4600448], [-76.4902342, 3.459671], [-76.490175, 3.4593792], [-76.4901118, 3.4591097], [-76.4900422, 3.4587759], [-76.4894002, 3.458979], [-76.4888255, 3.4591598], [-76.4880714, 3.4593986], [-76.4875651, 3.4595585], [-76.48702, 3.4597307], [-76.4864389, 3.4599144], [-76.4865085, 3.4601324], [-76.4865824, 3.4603637], [-76.4866495, 3.4605738], [-76.4867051, 3.4607477], [-76.4867132, 3.460773], [-76.4867713, 3.4609551], [-76.4868424, 3.4611777], [-76.486905, 3.4613736], [-76.486981, 3.4616115], [-76.487049, 3.4618243], [-76.4871168, 3.4620366], [-76.4876691, 3.4618596], [-76.4881816, 3.4616955], [-76.4882686, 3.4616697], [-76.48871, 3.4615163], [-76.4892605, 3.4613249], [-76.4897403, 3.4611582], [-76.4905117, 3.4608904]]]}}, {"type": "Feature", "properties": {"name": "Fepicol", "comuna": ""}, "geometry": {"type": "Polygon", "coordinates": [[[-76.4881816, 3.4616955], [-76.4876691, 3.4618596], [-76.4871168, 3.4620366], [-76.487049, 3.4618243], [-76.486981, 3.4616115], [-76.486905, 3.4613736], [-76.4868424, 3.4611777], [-76.4867713, 3.4609551], [-76.4867132, 3.460773], [-76.4867051, 3.4607477], [-76.4866495, 3.4605738], [-76.4865824, 3.4603637], [-76.4865085, 3.4601324], [-76.4864389, 3.4599144], [-76.4847087, 3.4605162], [-76.4846443, 3.4600681], [-76.4845963, 3.459692], [-76.4845598, 3.4594016], [-76.4845249, 3.4591284], [-76.4844855, 3.4588195], [-76.4841021, 3.458764], [-76.4836713, 3.4587206], [-76.4836122, 3.4587106], [-76.4835464, 3.4586994], [-76.4835006, 3.4586917], [-76.4832506, 3.4586494], [-76.4830955, 3.4591948], [-76.4830077, 3.4599665], [-76.4830535, 3.4609536], [-76.483127, 3.4613859], [-76.4836609, 3.4631381], [-76.4837032, 3.4632758], [-76.4838418, 3.4637037], [-76.4843477, 3.46535], [-76.4843926, 3.4654959], [-76.4846487, 3.4654102], [-76.4846938, 3.4653951], [-76.4847591, 3.4653727], [-76.4862612, 3.4648985], [-76.4875817, 3.4644782], [-76.4887957, 3.4640918], [-76.4887815, 3.4640266], [-76.4882686, 3.4616697], [-76.4881816, 3.4616955]]]}}, {"type": "Feature", "properties": {"name": "Base A\u00e9rea Marco Fidel Su\u00e1rez", "comuna": ""}, "geometry": {"type": "Polygon", "coordinates": [[[-76.5016638, 3.4599886], [-76.5043772, 3.4591292], [-76.5065756, 3.4584335], [-76.5066188, 3.4584198], [-76.5067312, 3.4583831], [-76.5067066, 3.4582947], [-76.5064947, 3.4575479], [-76.5057227, 3.4547875], [-76.5054772, 3.4538786], [-76.5053536, 3.453377], [-76.5053479, 3.4533458], [-76.5052863, 3.4533424], [-76.5052245, 3.453339], [-76.5049334, 3.4533274], [-76.5045914, 3.453318], [-76.503949, 3.4532632], [-76.5033428, 3.4531427], [-76.5022834, 3.4529405], [-76.5015733, 3.4528446], [-76.5007156, 3.4527866], [-76.499695, 3.4527719], [-76.4987925, 3.4527397], [-76.4983673, 3.4527156], [-76.497391, 3.4526407], [-76.4965381, 3.4525724], [-76.4963641, 3.4525666], [-76.4957763, 3.452547], [-76.4949167, 3.4525764], [-76.4940315, 3.45263], [-76.4927871, 3.4527325], [-76.4926998, 3.4527397], [-76.4919703, 3.452796], [-76.4912756, 3.4528147], [-76.4903247, 3.4526942], [-76.4900888, 3.4526767], [-76.4900872, 3.4526922], [-76.490038, 3.4531755], [-76.4900086, 3.4534667], [-76.4899794, 3.4537559], [-76.4899487, 3.4540592], [-76.4899179, 3.4543642], [-76.4898876, 3.4546643], [-76.4898577, 3.45496], [-76.489827, 3.4552641], [-76.4897971, 3.4555597], [-76.4897659, 3.4558686], [-76.4897346, 3.4561787], [-76.489215, 3.4561362], [-76.4891913, 3.4561337], [-76.4893658, 3.4567745], [-76.4894383, 3.4571654], [-76.4896797, 3.4571279], [-76.4900422, 3.4587759], [-76.4901118, 3.4591097], [-76.490175, 3.4593792], [-76.4902342, 3.459671], [-76.4903143, 3.4600448], [-76.4903767, 3.4603385], [-76.4904471, 3.4606125], [-76.4905117, 3.4608904], [-76.4897403, 3.4611582], [-76.4892605, 3.4613249], [-76.48871, 3.4615163], [-76.4882686, 3.4616697], [-76.4887815, 3.4640266], [-76.4887957, 3.4640918], [-76.493027, 3.4627449], [-76.4962696, 3.4617101], [-76.5016638, 3.4599886]]]}}, {"type": "Feature", "properties": {"name": "Parque de la Ca\u00f1a", "comuna": ""}, "geometry": {"type": "Polygon", "coordinates": [[[-76.5054772, 3.4538786], [-76.5057227, 3.4547875], [-76.5064947, 3.4575479], [-76.5067066, 3.4582947], [-76.5067312, 3.4583831], [-76.5067691, 3.4583725], [-76.5086426, 3.4577864], [-76.5103313, 3.4572624], [-76.5102194, 3.4568676], [-76.5100081, 3.4561217], [-76.5097891, 3.4552444], [-76.5096718, 3.4546999], [-76.5095917, 3.4543298], [-76.5095221, 3.4540054], [-76.5095171, 3.4539818], [-76.5094395, 3.4539793], [-76.5085131, 3.4538344], [-76.5076344, 3.4536969], [-76.5063697, 3.453476], [-76.5054993, 3.4533582], [-76.5053479, 3.4533458], [-76.5053536, 3.453377], [-76.5054772, 3.4538786]]]}}, {"type": "Feature", "properties": {"name": "Puerto Mallarino", "comuna": ""}, "geometry": {"type": "Polygon", "coordinates": [[[-76.4756531, 3.4499781], [-76.4757805, 3.4501583], [-76.4759061, 3.4507025], [-76.4768761, 3.4506436], [-76.4772426, 3.4506008], [-76.4776055, 3.4505327], [-76.4786201, 3.4503255], [-76.4787047, 3.450306], [-76.4788201, 3.4502864], [-76.4790056, 3.45033], [-76.4796315, 3.4504915], [-76.4801012, 3.4506325], [-76.4807462, 3.4508453], [-76.4814149, 3.4510494], [-76.4820448, 3.4512409], [-76.4825801, 3.451404], [-76.4828219, 3.4514734], [-76.4829592, 3.4508622], [-76.4827838, 3.4507999], [-76.4827428, 3.4507866], [-76.4826638, 3.4507643], [-76.4821015, 3.4506087], [-76.481607, 3.450436], [-76.4815602, 3.4504007], [-76.4815395, 3.4503765], [-76.4815044, 3.4503241], [-76.4814029, 3.4500604], [-76.4812193, 3.4496548], [-76.4811761, 3.4495539], [-76.4810619, 3.4492858], [-76.4809214, 3.4489702], [-76.4808902, 3.4489002], [-76.4805159, 3.4481149], [-76.480229, 3.4473892], [-76.4802275, 3.4473235], [-76.4802531, 3.4470277], [-76.4800841, 3.4471884], [-76.4798508, 3.447341], [-76.4796837, 3.4474459], [-76.4796028, 3.4474952], [-76.4792601, 3.4476826], [-76.4790703, 3.4477691], [-76.4784996, 3.4479864], [-76.4781474, 3.4481472], [-76.4777967, 3.4483295], [-76.4773502, 3.4486071], [-76.4772054, 3.4487326], [-76.4770858, 3.4488807], [-76.4769633, 3.4490664], [-76.4768007, 3.4492931], [-76.4766884, 3.4494024], [-76.4762566, 3.4495604], [-76.4759964, 3.4497291], [-76.4756531, 3.4499781]]]}}, {"type": "Feature", "properties": {"name": "El Angel del Hogar", "comuna": ""}, "geometry": {"type": "Polygon", "coordinates": [[[-76.4824666, 3.4445804], [-76.4818934, 3.4446739], [-76.4815705, 3.4447266], [-76.481516, 3.4447355], [-76.4814252, 3.4447452], [-76.4811181, 3.4454252], [-76.4808046, 3.4463297], [-76.4805372, 3.44663], [-76.4803228, 3.4468617], [-76.4802531, 3.4470277], [-76.4802275, 3.4473235], [-76.480229, 3.4473892], [-76.4805159, 3.4481149], [-76.4808902, 3.4489002], [-76.4809214, 3.4489702], [-76.4810619, 3.4492858], [-76.4811761, 3.4495539], [-76.4812193, 3.4496548], [-76.4814029, 3.4500604], [-76.4815044, 3.4503241], [-76.4815395, 3.4503765], [-76.4815602, 3.4504007], [-76.481607, 3.450436], [-76.4821015, 3.4506087], [-76.4826638, 3.4507643], [-76.4827428, 3.4507866], [-76.4827838, 3.4507999], [-76.4829592, 3.4508622], [-76.4831327, 3.4500907], [-76.4833776, 3.4489711], [-76.4835826, 3.4481652], [-76.4837258, 3.4476024], [-76.4837921, 3.4470672], [-76.4839153, 3.446026], [-76.4840806, 3.4444734], [-76.4839267, 3.4444732], [-76.4838306, 3.4444797], [-76.4837858, 3.444483], [-76.4836655, 3.444489], [-76.4827753, 3.4445401], [-76.4825831, 3.4445614], [-76.4824666, 3.4445804]]]}}, {"type": "Feature", "properties": {"name": "Siete de Agosto", "comuna": ""}, "geometry": {"type": "Polygon", "coordinates": [[[-76.4910704, 3.4437693], [-76.4907361, 3.4438956], [-76.4894853, 3.4443683], [-76.4892673, 3.4442987], [-76.4868862, 3.4432739], [-76.4864659, 3.4434691], [-76.4855159, 3.4437945], [-76.4843828, 3.4441741], [-76.4843422, 3.4441877], [-76.4841007, 3.4442565], [-76.4840806, 3.4444734], [-76.4839153, 3.446026], [-76.4837921, 3.4470672], [-76.4837258, 3.4476024], [-76.4835826, 3.4481652], [-76.4833776, 3.4489711], [-76.4831327, 3.4500907], [-76.4829592, 3.4508622], [-76.4828219, 3.4514734], [-76.4831465, 3.4515847], [-76.4843754, 3.4518843], [-76.4849904, 3.4520332], [-76.4855118, 3.4521446], [-76.4857644, 3.4521702], [-76.4862193, 3.4522013], [-76.4865348, 3.4522164], [-76.486919, 3.451438], [-76.4871732, 3.4509404], [-76.4874351, 3.4504257], [-76.4877711, 3.4497742], [-76.4879803, 3.4493586], [-76.4884058, 3.448579], [-76.4886182, 3.4481287], [-76.4890379, 3.447371], [-76.4896096, 3.4464935], [-76.4900639, 3.4456146], [-76.4905018, 3.4448362], [-76.4907557, 3.4443496], [-76.4910704, 3.4437693]]]}}, {"type": "Feature", "properties": {"name": "Las Am\u00e9ricas", "comuna": ""}, "geometry": {"type": "Polygon", "coordinates": [[[-76.5034187, 3.4461065], [-76.5043232, 3.4496185], [-76.5043957, 3.4496547], [-76.5044412, 3.44964], [-76.5048991, 3.4494918], [-76.5055444, 3.449283], [-76.5060345, 3.4491244], [-76.5064393, 3.4489934], [-76.5068478, 3.4488763], [-76.5068835, 3.4488643], [-76.5069784, 3.4488322], [-76.5070099, 3.4488216], [-76.5077499, 3.4485714], [-76.5079958, 3.4484883], [-76.5084019, 3.448351], [-76.5088657, 3.4481943], [-76.5087662, 3.4479719], [-76.5087124, 3.4477993], [-76.5085781, 3.4473694], [-76.5084533, 3.4469695], [-76.5084411, 3.4469305], [-76.5084282, 3.4468891], [-76.508263, 3.44636], [-76.5080014, 3.4464436], [-76.5078852, 3.44646], [-76.5072329, 3.4464089], [-76.5067633, 3.4463619], [-76.5067218, 3.4463577], [-76.5066703, 3.4463543], [-76.5066665, 3.4465374], [-76.5065745, 3.4465314], [-76.5065271, 3.4465327], [-76.5060859, 3.4465075], [-76.5059109, 3.4464776], [-76.5058758, 3.4464716], [-76.5047384, 3.4462607], [-76.5040829, 3.4461841], [-76.5036203, 3.44613], [-76.5035338, 3.4461199], [-76.503487, 3.4461145], [-76.5034187, 3.4461065]]]}}, {"type": "Feature", "properties": {"name": "El Troncal", "comuna": ""}, "geometry": {"type": "Polygon", "coordinates": [[[-76.5117428, 3.4538413], [-76.5117195, 3.4537677], [-76.511468, 3.4530249], [-76.5111805, 3.4520858], [-76.5110842, 3.4517618], [-76.5109915, 3.4514302], [-76.5104747, 3.4498208], [-76.5102841, 3.4491923], [-76.5100525, 3.4484427], [-76.5100022, 3.448265], [-76.5095022, 3.4482441], [-76.5093537, 3.4482426], [-76.5088657, 3.4481943], [-76.5084019, 3.448351], [-76.5079958, 3.4484883], [-76.5077499, 3.4485714], [-76.5070099, 3.4488216], [-76.5069784, 3.4488322], [-76.5068835, 3.4488643], [-76.5068478, 3.4488763], [-76.5064393, 3.4489934], [-76.5060345, 3.4491244], [-76.5055444, 3.449283], [-76.5048991, 3.4494918], [-76.5044412, 3.44964], [-76.5043957, 3.4496547], [-76.5043232, 3.4496185], [-76.5034187, 3.4461065], [-76.5033466, 3.446098], [-76.5033046, 3.4460895], [-76.5026887, 3.4460211], [-76.5023224, 3.4459783], [-76.5022815, 3.4464948], [-76.502189, 3.4472026], [-76.5021042, 3.4479318], [-76.5020253, 3.4486651], [-76.5020207, 3.4487089], [-76.5020139, 3.4487774], [-76.5020095, 3.4488161], [-76.5019337, 3.4494845], [-76.5018506, 3.4502436], [-76.5017275, 3.4513679], [-76.5016522, 3.4520523], [-76.5015885, 3.4526366], [-76.5015839, 3.4526792], [-76.5015733, 3.4528446], [-76.5022834, 3.4529405], [-76.5033428, 3.4531427], [-76.503949, 3.4532632], [-76.5045914, 3.453318], [-76.5049334, 3.4533274], [-76.5052245, 3.453339], [-76.5052863, 3.4533424], [-76.5053479, 3.4533458], [-76.5054993, 3.4533582], [-76.5063697, 3.453476], [-76.5076344, 3.4536969], [-76.5085131, 3.4538344], [-76.5094395, 3.4539793], [-76.5095171, 3.4539818], [-76.5095028, 3.4539156], [-76.5095044, 3.4538709], [-76.5099945, 3.4539472], [-76.5105486, 3.4540175], [-76.5109013, 3.454061], [-76.511502, 3.4541039], [-76.5115046, 3.4540571], [-76.5115772, 3.4540289], [-76.5116081, 3.4540101], [-76.511651, 3.4539739], [-76.5116668, 3.4539548], [-76.5116896, 3.4539296], [-76.511718, 3.4538856], [-76.5117428, 3.4538413]]]}}, {"type": "Feature", "properties": {"name": "Municipal", "comuna": ""}, "geometry": {"type": "Polygon", "coordinates": [[[-76.5106939, 3.4474875], [-76.5098698, 3.4474788], [-76.5097549, 3.4474776], [-76.5100022, 3.448265], [-76.5100525, 3.4484427], [-76.5102841, 3.4491923], [-76.5104747, 3.4498208], [-76.5105807, 3.4498197], [-76.510687, 3.4498186], [-76.5113593, 3.4498115], [-76.5117016, 3.4498076], [-76.5117426, 3.4498074], [-76.5118523, 3.4498044], [-76.5118947, 3.4497995], [-76.5122412, 3.4497597], [-76.5123686, 3.4497451], [-76.512915, 3.4496301], [-76.513381, 3.4495307], [-76.5139161, 3.4494166], [-76.5137622, 3.4483627], [-76.5138084, 3.4474835], [-76.5139396, 3.446477], [-76.5139448, 3.4464376], [-76.5135511, 3.4463523], [-76.5133353, 3.4463056], [-76.5127832, 3.4462017], [-76.5122895, 3.446168], [-76.5118103, 3.4461565], [-76.5117767, 3.4461579], [-76.5116617, 3.4461625], [-76.5116201, 3.4461649], [-76.5110698, 3.4462165], [-76.5104579, 3.4462746], [-76.5104685, 3.4463174], [-76.5105618, 3.4466985], [-76.5105933, 3.4468269], [-76.5106723, 3.4471494], [-76.5106988, 3.4473275], [-76.5106939, 3.4474875]]]}}, {"type": "Feature", "properties": {"name": "Benjam\u00edn Herrera", "comuna": ""}, "geometry": {"type": "Polygon", "coordinates": [[[-76.5165662, 3.4454162], [-76.516426, 3.4454089], [-76.5161914, 3.4453901], [-76.5159811, 3.4453743], [-76.5157936, 3.4453593], [-76.515651, 3.4453447], [-76.5153741, 3.4453186], [-76.5152094, 3.445309], [-76.5152005, 3.4453889], [-76.5151951, 3.4454309], [-76.5150259, 3.4466208], [-76.5150185, 3.4466724], [-76.5145021, 3.4465549], [-76.5139448, 3.4464376], [-76.5139396, 3.446477], [-76.5138084, 3.4474835], [-76.5137622, 3.4483627], [-76.5139161, 3.4494166], [-76.5144321, 3.4493071], [-76.5149477, 3.4491977], [-76.5155172, 3.4490768], [-76.5160438, 3.4489652], [-76.516312, 3.4489333], [-76.5168079, 3.4488711], [-76.5172979, 3.4488139], [-76.51775, 3.4487561], [-76.5177883, 3.4487512], [-76.5179376, 3.4487414], [-76.5179838, 3.4483127], [-76.5183083, 3.4452176], [-76.5183456, 3.4449085], [-76.5179104, 3.4450616], [-76.517528, 3.4451869], [-76.5171526, 3.4453376], [-76.5170407, 3.4453768], [-76.5169206, 3.4454116], [-76.5167511, 3.4454162], [-76.5165662, 3.4454162]]]}}, {"type": "Feature", "properties": {"name": "Industrial", "comuna": ""}, "geometry": {"type": "Polygon", "coordinates": [[[-76.5177883, 3.4487512], [-76.51775, 3.4487561], [-76.5172979, 3.4488139], [-76.5168079, 3.4488711], [-76.516312, 3.4489333], [-76.5160438, 3.4489652], [-76.5155172, 3.4490768], [-76.5149477, 3.4491977], [-76.5144321, 3.4493071], [-76.5139161, 3.4494166], [-76.513381, 3.4495307], [-76.512915, 3.4496301], [-76.5123686, 3.4497451], [-76.5122412, 3.4497597], [-76.5118947, 3.4497995], [-76.5118523, 3.4498044], [-76.5117426, 3.4498074], [-76.5117016, 3.4498076], [-76.5113593, 3.4498115], [-76.510687, 3.4498186], [-76.5105807, 3.4498197], [-76.5104747, 3.4498208], [-76.5109915, 3.4514302], [-76.5110842, 3.4517618], [-76.5111805, 3.4520858], [-76.511468, 3.4530249], [-76.5117195, 3.4537677], [-76.5117428, 3.4538413], [-76.511718, 3.4538856], [-76.5116896, 3.4539296], [-76.5116668, 3.4539548], [-76.511651, 3.4539739], [-76.5116081, 3.4540101], [-76.5115772, 3.4540289], [-76.5115046, 3.4540571], [-76.511502, 3.4541039], [-76.5109013, 3.454061], [-76.5105486, 3.4540175], [-76.5099945, 3.4539472], [-76.5095044, 3.4538709], [-76.5095028, 3.4539156], [-76.5095171, 3.4539818], [-76.5095221, 3.4540054], [-76.5095917, 3.4543298], [-76.5096718, 3.4546999], [-76.5097891, 3.4552444], [-76.5100081, 3.4561217], [-76.5102194, 3.4568676], [-76.5103313, 3.4572624], [-76.5125185, 3.4565814], [-76.5125548, 3.4565701], [-76.5126216, 3.4565475], [-76.5126639, 3.4565332], [-76.5127281, 3.4565126], [-76.5132822, 3.4563353], [-76.5152892, 3.455693], [-76.5157886, 3.4555332], [-76.5161154, 3.4554212], [-76.5162593, 3.4553482], [-76.5163509, 3.4552727], [-76.5164384, 3.4551799], [-76.5165045, 3.4550979], [-76.5166142, 3.4549281], [-76.5167313, 3.4546992], [-76.5170239, 3.454172], [-76.5171277, 3.4540066], [-76.5172423, 3.4538775], [-76.5174131, 3.4537569], [-76.5175594, 3.4536864], [-76.5177168, 3.4536402], [-76.5178779, 3.4536134], [-76.5180291, 3.4536088], [-76.5181213, 3.4536152], [-76.5181581, 3.4536279], [-76.5182973, 3.4536549], [-76.5184157, 3.4536888], [-76.5185425, 3.4537569], [-76.5186767, 3.4538509], [-76.5187766, 3.4539458], [-76.5188644, 3.4540529], [-76.5189399, 3.4541696], [-76.5185721, 3.4530256], [-76.5185623, 3.4529998], [-76.518526, 3.4528944], [-76.5183457, 3.4523342], [-76.5181609, 3.4513689], [-76.5179938, 3.4503969], [-76.5179874, 3.450356], [-76.5179194, 3.4497691], [-76.5179087, 3.4493488], [-76.5179221, 3.4488856], [-76.5179376, 3.4487414], [-76.5177883, 3.4487512]]]}}, {"type": "Feature", "properties": {"name": "Santa F\u00e9", "comuna": ""}, "geometry": {"type": "Polygon", "coordinates": [[[-76.5092983, 3.4411455], [-76.5091771, 3.4407931], [-76.509159, 3.4407208], [-76.5090595, 3.4403216], [-76.5090285, 3.4401975], [-76.5090202, 3.4401643], [-76.5089806, 3.4400054], [-76.508881, 3.4396062], [-76.5087375, 3.4390308], [-76.5085945, 3.4384809], [-76.5084941, 3.4380516], [-76.5084844, 3.4380102], [-76.5084752, 3.4379241], [-76.5084405, 3.4377964], [-76.5080729, 3.4379005], [-76.505105, 3.43893], [-76.5029459, 3.4396849], [-76.5026602, 3.439784], [-76.5015511, 3.4401762], [-76.5015807, 3.4403693], [-76.5016028, 3.4404318], [-76.5019499, 3.4414169], [-76.5021226, 3.4419064], [-76.5023025, 3.4424172], [-76.5024952, 3.4429643], [-76.5026069, 3.4432928], [-76.5027451, 3.4433392], [-76.502815, 3.4433628], [-76.5029664, 3.4434137], [-76.5039068, 3.4429955], [-76.5049978, 3.4426372], [-76.5060527, 3.4422907], [-76.506104, 3.4422739], [-76.5062515, 3.4422255], [-76.506311, 3.4422059], [-76.5073658, 3.4418595], [-76.5079637, 3.4416631], [-76.5080589, 3.4416319], [-76.5092844, 3.4412294], [-76.5092983, 3.4411455]]]}}, {"type": "Feature", "properties": {"name": "Atanasio Girardot", "comuna": ""}, "geometry": {"type": "Polygon", "coordinates": [[[-76.5067218, 3.4463577], [-76.5067633, 3.4463619], [-76.5072329, 3.4464089], [-76.5078852, 3.44646], [-76.5080014, 3.4464436], [-76.508263, 3.44636], [-76.5084282, 3.4468891], [-76.5084411, 3.4469305], [-76.5084533, 3.4469695], [-76.5085781, 3.4473694], [-76.5087124, 3.4477993], [-76.5087662, 3.4479719], [-76.5088657, 3.4481943], [-76.5093537, 3.4482426], [-76.5095022, 3.4482441], [-76.5100022, 3.448265], [-76.5097549, 3.4474776], [-76.5098698, 3.4474788], [-76.5106939, 3.4474875], [-76.5106988, 3.4473275], [-76.5106723, 3.4471494], [-76.5105933, 3.4468269], [-76.5105618, 3.4466985], [-76.5104685, 3.4463174], [-76.5104579, 3.4462746], [-76.5104493, 3.4462322], [-76.5103119, 3.4455389], [-76.5102062, 3.4450661], [-76.5101976, 3.4450277], [-76.5101498, 3.4448608], [-76.5101381, 3.4448155], [-76.5100128, 3.444329], [-76.509912, 3.443885], [-76.509787, 3.4433887], [-76.509521, 3.4423307], [-76.5093974, 3.4418126], [-76.5093623, 3.4415405], [-76.5092844, 3.4412294], [-76.5080589, 3.4416319], [-76.5079637, 3.4416631], [-76.5073658, 3.4418595], [-76.506311, 3.4422059], [-76.5062515, 3.4422255], [-76.506104, 3.4422739], [-76.5060527, 3.4422907], [-76.5049978, 3.4426372], [-76.5039068, 3.4429955], [-76.5029664, 3.4434137], [-76.5036228, 3.4434603], [-76.5040427, 3.443491], [-76.5042155, 3.4435036], [-76.5047702, 3.4435441], [-76.5051491, 3.4435718], [-76.5053246, 3.4435847], [-76.5059089, 3.4436274], [-76.5059013, 3.4440949], [-76.505901, 3.4445256], [-76.505901, 3.4445624], [-76.505897, 3.4447047], [-76.5058961, 3.4447411], [-76.5058721, 3.4456635], [-76.5058758, 3.4464716], [-76.5059109, 3.4464776], [-76.5060859, 3.4465075], [-76.5065271, 3.4465327], [-76.5065745, 3.4465314], [-76.5066665, 3.4465374], [-76.5066703, 3.4463543], [-76.5067218, 3.4463577]]]}}, {"type": "Feature", "properties": {"name": "Santa M\u00f3nica Popular", "comuna": ""}, "geometry": {"type": "Polygon", "coordinates": [[[-76.5130484, 3.4365912], [-76.5129619, 3.4364757], [-76.5129163, 3.4364148], [-76.5128915, 3.4363809], [-76.5128396, 3.4363126], [-76.5125747, 3.435912], [-76.5122372, 3.4354171], [-76.5119092, 3.4350247], [-76.511607, 3.4347101], [-76.5112806, 3.4343882], [-76.5112119, 3.4344311], [-76.5111716, 3.4344416], [-76.511045, 3.434482], [-76.5109704, 3.4345097], [-76.5095371, 3.434876], [-76.5095776, 3.4350122], [-76.5097275, 3.435503], [-76.5094597, 3.4355717], [-76.5085657, 3.4358012], [-76.5079345, 3.4359582], [-76.5080945, 3.4365449], [-76.5082352, 3.4370619], [-76.5083644, 3.4375171], [-76.50838, 3.4375722], [-76.5084066, 3.4376573], [-76.5084405, 3.4377964], [-76.5084752, 3.4379241], [-76.5084844, 3.4380102], [-76.5084941, 3.4380516], [-76.5085945, 3.4384809], [-76.5087375, 3.4390308], [-76.508881, 3.4396062], [-76.5089806, 3.4400054], [-76.5090202, 3.4401643], [-76.5090285, 3.4401975], [-76.5095195, 3.4404042], [-76.510031, 3.4406341], [-76.510387, 3.4400979], [-76.5107704, 3.4395204], [-76.5113958, 3.4385486], [-76.5114883, 3.4384091], [-76.5121054, 3.4375425], [-76.5124573, 3.4370078], [-76.5125126, 3.4369433], [-76.5126334, 3.4367028], [-76.5130048, 3.4366039], [-76.5130484, 3.4365912]]]}}, {"type": "Feature", "properties": {"name": "Rafael Uribe Uribe", "comuna": ""}, "geometry": {"type": "Polygon", "coordinates": [[[-76.5138728, 3.4378805], [-76.5138885, 3.4378508], [-76.5137317, 3.4376427], [-76.5132784, 3.4369828], [-76.5130048, 3.4366039], [-76.5126334, 3.4367028], [-76.5125126, 3.4369433], [-76.5124573, 3.4370078], [-76.5121054, 3.4375425], [-76.5114883, 3.4384091], [-76.5113958, 3.4385486], [-76.5107704, 3.4395204], [-76.510387, 3.4400979], [-76.510031, 3.4406341], [-76.5105704, 3.4408612], [-76.5110867, 3.4410969], [-76.5115813, 3.4413244], [-76.5121432, 3.440464], [-76.5122846, 3.4402692], [-76.5127855, 3.4395164], [-76.51288, 3.4393743], [-76.5134643, 3.4384962], [-76.5138309, 3.4379478], [-76.5138728, 3.4378805]]]}}, {"type": "Feature", "properties": {"name": "Primitivo Crespo", "comuna": ""}, "geometry": {"type": "Polygon", "coordinates": [[[-76.5130048, 3.4366039], [-76.5132784, 3.4369828], [-76.5137317, 3.4376427], [-76.5138885, 3.4378508], [-76.5141077, 3.4381435], [-76.5143355, 3.4384746], [-76.514474, 3.4386541], [-76.5146947, 3.4390024], [-76.5148984, 3.4392866], [-76.5150806, 3.439573], [-76.5152763, 3.4398621], [-76.5154553, 3.4401188], [-76.5158287, 3.4408974], [-76.5158791, 3.4408772], [-76.5159057, 3.4408601], [-76.5162491, 3.4406392], [-76.5166158, 3.4403676], [-76.5169625, 3.4404062], [-76.5173959, 3.4404606], [-76.5174708, 3.44047], [-76.5182076, 3.4404826], [-76.5186557, 3.4404969], [-76.5187067, 3.440494], [-76.5188465, 3.4405284], [-76.5188583, 3.4404254], [-76.5189505, 3.4395518], [-76.5189976, 3.439117], [-76.5190788, 3.4383926], [-76.5191077, 3.4381264], [-76.519192, 3.4373514], [-76.5193555, 3.4358484], [-76.5193764, 3.4356558], [-76.5184075, 3.4357612], [-76.5176806, 3.4358576], [-76.5168102, 3.4359888], [-76.5160887, 3.4360879], [-76.5159158, 3.4361103], [-76.5157172, 3.4361361], [-76.5152371, 3.4362204], [-76.5148549, 3.4362632], [-76.5143265, 3.4363382], [-76.5138665, 3.4364078], [-76.5132021, 3.4365441], [-76.5130484, 3.4365912], [-76.5130048, 3.4366039]]]}}, {"type": "Feature", "properties": {"name": "Simon Bolivar", "comuna": ""}, "geometry": {"type": "Polygon", "coordinates": [[[-76.5158791, 3.4408772], [-76.5158287, 3.4408974], [-76.5159276, 3.4410767], [-76.5161022, 3.4414624], [-76.5163278, 3.4418218], [-76.5164946, 3.4421021], [-76.516816, 3.442608], [-76.5168808, 3.4427038], [-76.517082, 3.4430094], [-76.5180639, 3.4443361], [-76.5182525, 3.4445993], [-76.518371, 3.4446979], [-76.5185377, 3.4433156], [-76.5185953, 3.4428375], [-76.5186219, 3.4425933], [-76.5187168, 3.4417107], [-76.5187986, 3.4409951], [-76.5188465, 3.4405284], [-76.5187067, 3.440494], [-76.5186557, 3.4404969], [-76.5182076, 3.4404826], [-76.5174708, 3.44047], [-76.5173959, 3.4404606], [-76.5169625, 3.4404062], [-76.5166158, 3.4403676], [-76.5162491, 3.4406392], [-76.5159057, 3.4408601], [-76.5158791, 3.4408772]]]}}, {"type": "Feature", "properties": {"name": "Saavedra Galindo", "comuna": ""}, "geometry": {"type": "Polygon", "coordinates": [[[-76.5165886, 3.4442946], [-76.5165853, 3.4448868], [-76.5165736, 3.4452993], [-76.5165726, 3.4453375], [-76.5165662, 3.4454162], [-76.5167511, 3.4454162], [-76.5169206, 3.4454116], [-76.5170407, 3.4453768], [-76.5171526, 3.4453376], [-76.517528, 3.4451869], [-76.5179104, 3.4450616], [-76.5183456, 3.4449085], [-76.518371, 3.4446979], [-76.5182525, 3.4445993], [-76.5180639, 3.4443361], [-76.517082, 3.4430094], [-76.5168808, 3.4427038], [-76.516816, 3.442608], [-76.5164946, 3.4421021], [-76.5163278, 3.4418218], [-76.5161022, 3.4414624], [-76.5159276, 3.4410767], [-76.5158287, 3.4408974], [-76.5154553, 3.4401188], [-76.5152763, 3.4398621], [-76.5150806, 3.439573], [-76.5148984, 3.4392866], [-76.5146947, 3.4390024], [-76.514474, 3.4386541], [-76.5143355, 3.4384746], [-76.5141077, 3.4381435], [-76.5138885, 3.4378508], [-76.5138728, 3.4378805], [-76.5138309, 3.4379478], [-76.5134643, 3.4384962], [-76.51288, 3.4393743], [-76.5127855, 3.4395164], [-76.5122846, 3.4402692], [-76.5121432, 3.440464], [-76.5115813, 3.4413244], [-76.511374, 3.4418729], [-76.5113391, 3.4419718], [-76.511299, 3.442081], [-76.5111265, 3.4425972], [-76.5116724, 3.4427292], [-76.5117095, 3.4427381], [-76.5118066, 3.4427616], [-76.5118666, 3.4427761], [-76.5123762, 3.4428993], [-76.5130137, 3.4430476], [-76.5135605, 3.4431755], [-76.5139097, 3.4432605], [-76.514353, 3.4433685], [-76.514906, 3.4435114], [-76.5153467, 3.4436194], [-76.5155482, 3.4436849], [-76.5157104, 3.4437427], [-76.5158768, 3.4438161], [-76.5160611, 3.443909], [-76.5162377, 3.4440096], [-76.5164484, 3.444161], [-76.5165886, 3.4442946]]]}}, {"type": "Feature", "properties": {"name": "La Floresta", "comuna": ""}, "geometry": {"type": "Polygon", "coordinates": [[[-76.5165662, 3.4454162], [-76.5165726, 3.4453375], [-76.5165736, 3.4452993], [-76.5165853, 3.4448868], [-76.5165886, 3.4442946], [-76.5164484, 3.444161], [-76.5162377, 3.4440096], [-76.5160611, 3.443909], [-76.5158768, 3.4438161], [-76.5157104, 3.4437427], [-76.5155482, 3.4436849], [-76.5153467, 3.4436194], [-76.514906, 3.4435114], [-76.514353, 3.4433685], [-76.5139097, 3.4432605], [-76.5135605, 3.4431755], [-76.5130137, 3.4430476], [-76.5123762, 3.4428993], [-76.5118666, 3.4427761], [-76.5118066, 3.4427616], [-76.5117095, 3.4427381], [-76.5116724, 3.4427292], [-76.5111265, 3.4425972], [-76.511299, 3.442081], [-76.5113391, 3.4419718], [-76.511374, 3.4418729], [-76.5115813, 3.4413244], [-76.5110867, 3.4410969], [-76.5105704, 3.4408612], [-76.510031, 3.4406341], [-76.5095195, 3.4404042], [-76.5090285, 3.4401975], [-76.5090595, 3.4403216], [-76.509159, 3.4407208], [-76.5091771, 3.4407931], [-76.5092983, 3.4411455], [-76.5092844, 3.4412294], [-76.5093623, 3.4415405], [-76.5093974, 3.4418126], [-76.509521, 3.4423307], [-76.509787, 3.4433887], [-76.509912, 3.443885], [-76.5100128, 3.444329], [-76.5101381, 3.4448155], [-76.5101498, 3.4448608], [-76.5101976, 3.4450277], [-76.5102062, 3.4450661], [-76.5103119, 3.4455389], [-76.5104493, 3.4462322], [-76.5104579, 3.4462746], [-76.5110698, 3.4462165], [-76.5116201, 3.4461649], [-76.5116617, 3.4461625], [-76.5117767, 3.4461579], [-76.5118103, 3.4461565], [-76.5122895, 3.446168], [-76.5127832, 3.4462017], [-76.5133353, 3.4463056], [-76.5135511, 3.4463523], [-76.5139448, 3.4464376], [-76.5145021, 3.4465549], [-76.5150185, 3.4466724], [-76.5150259, 3.4466208], [-76.5151951, 3.4454309], [-76.5152005, 3.4453889], [-76.5152094, 3.445309], [-76.5153741, 3.4453186], [-76.515651, 3.4453447], [-76.5157936, 3.4453593], [-76.5159811, 3.4453743], [-76.5161914, 3.4453901], [-76.516426, 3.4454089], [-76.5165662, 3.4454162]]]}}, {"type": "Feature", "properties": {"name": "La Nueva Base", "comuna": ""}, "geometry": {"type": "Polygon", "coordinates": [[[-76.4910704, 3.4437693], [-76.4907557, 3.4443496], [-76.4905018, 3.4448362], [-76.4900639, 3.4456146], [-76.4896096, 3.4464935], [-76.4890379, 3.447371], [-76.4886182, 3.4481287], [-76.4884058, 3.448579], [-76.4879803, 3.4493586], [-76.4877711, 3.4497742], [-76.4874351, 3.4504257], [-76.4871732, 3.4509404], [-76.486919, 3.451438], [-76.4865348, 3.4522164], [-76.4867958, 3.4522357], [-76.4873913, 3.4522707], [-76.4879134, 3.4523261], [-76.4888408, 3.4525142], [-76.4894208, 3.4526012], [-76.4898755, 3.4526608], [-76.4900888, 3.4526767], [-76.4903247, 3.4526942], [-76.4912756, 3.4528147], [-76.4919703, 3.452796], [-76.4926998, 3.4527397], [-76.4927871, 3.4527325], [-76.4928759, 3.4522191], [-76.4931425, 3.4508811], [-76.4933458, 3.4498323], [-76.49356, 3.4487342], [-76.4940576, 3.4463705], [-76.4942149, 3.4456126], [-76.4942703, 3.4452863], [-76.4944579, 3.4443055], [-76.4944986, 3.4433931], [-76.4932918, 3.4431972], [-76.4932718, 3.4430641], [-76.4918429, 3.4435618], [-76.4910704, 3.4437693]]]}}, {"type": "Feature", "properties": {"name": "El Tr\u00e9bol", "comuna": ""}, "geometry": {"type": "Polygon", "coordinates": [[[-76.4942987, 3.4452911], [-76.4958662, 3.4456146], [-76.4959698, 3.4456443], [-76.4964938, 3.445755], [-76.4964898, 3.4457985], [-76.4971415, 3.4458741], [-76.4978136, 3.4459521], [-76.4978706, 3.445458], [-76.4979157, 3.445077], [-76.4979614, 3.4446785], [-76.4980058, 3.4443038], [-76.4980534, 3.4438938], [-76.4980587, 3.4438502], [-76.4980638, 3.4437957], [-76.4973947, 3.4437177], [-76.4974043, 3.4436087], [-76.4974085, 3.4435715], [-76.4974828, 3.4429043], [-76.4975466, 3.4421927], [-76.4975824, 3.4418739], [-76.4975939, 3.4418023], [-76.4976422, 3.4413001], [-76.4976529, 3.4412308], [-76.4977337, 3.4407095], [-76.4977465, 3.4406325], [-76.4977709, 3.4404242], [-76.4976712, 3.4401238], [-76.4976486, 3.4400561], [-76.4975078, 3.4396547], [-76.4969429, 3.4398526], [-76.496173, 3.4401225], [-76.4953454, 3.4404124], [-76.4955067, 3.4408721], [-76.4956764, 3.4413701], [-76.4945973, 3.4417331], [-76.494081, 3.4419193], [-76.4935357, 3.4421184], [-76.4930202, 3.4422904], [-76.4931953, 3.4428329], [-76.4932071, 3.4428686], [-76.4932718, 3.4430641], [-76.4932918, 3.4431972], [-76.4944986, 3.4433931], [-76.4944579, 3.4443055], [-76.4942703, 3.4452863], [-76.4942987, 3.4452911]]]}}, {"type": "Feature", "properties": {"name": "La Base", "comuna": ""}, "geometry": {"type": "Polygon", "coordinates": [[[-76.4975449, 3.4482653], [-76.4975551, 3.448187], [-76.4975594, 3.4481492], [-76.4976433, 3.4474131], [-76.4977291, 3.4466774], [-76.4978136, 3.4459521], [-76.4971415, 3.4458741], [-76.4964898, 3.4457985], [-76.4964938, 3.445755], [-76.4959698, 3.4456443], [-76.4958662, 3.4456146], [-76.4942987, 3.4452911], [-76.4942703, 3.4452863], [-76.4942149, 3.4456126], [-76.4940576, 3.4463705], [-76.49356, 3.4487342], [-76.4933458, 3.4498323], [-76.4931425, 3.4508811], [-76.4928759, 3.4522191], [-76.4927871, 3.4527325], [-76.4940315, 3.45263], [-76.4949167, 3.4525764], [-76.4957763, 3.452547], [-76.4963641, 3.4525666], [-76.4964329, 3.4524574], [-76.4964614, 3.4523997], [-76.496572, 3.4521617], [-76.496704, 3.4518775], [-76.4967598, 3.4517574], [-76.4969755, 3.4512933], [-76.4970232, 3.4511906], [-76.4971892, 3.4508334], [-76.4972307, 3.450744], [-76.4972807, 3.4506164], [-76.4973167, 3.4503024], [-76.4973635, 3.4497602], [-76.4974293, 3.4492839], [-76.497469, 3.4489731], [-76.4974988, 3.4487419], [-76.497541, 3.4483062], [-76.4975449, 3.4482653]]]}}, {"type": "Feature", "properties": {"name": "Villa Colombia", "comuna": ""}, "geometry": {"type": "Polygon", "coordinates": [[[-76.5023224, 3.4459783], [-76.5018217, 3.4459198], [-76.5015948, 3.4458933], [-76.5013816, 3.4458684], [-76.5008614, 3.4458076], [-76.5001486, 3.4457242], [-76.4994211, 3.4456392], [-76.4993054, 3.4456257], [-76.4985788, 3.4455409], [-76.4978706, 3.445458], [-76.4978136, 3.4459521], [-76.4977291, 3.4466774], [-76.4976433, 3.4474131], [-76.4975594, 3.4481492], [-76.4975551, 3.448187], [-76.4975449, 3.4482653], [-76.497541, 3.4483062], [-76.4974988, 3.4487419], [-76.497469, 3.4489731], [-76.4974293, 3.4492839], [-76.4973635, 3.4497602], [-76.4973167, 3.4503024], [-76.4972807, 3.4506164], [-76.4972307, 3.450744], [-76.4971892, 3.4508334], [-76.4970232, 3.4511906], [-76.4969755, 3.4512933], [-76.4967598, 3.4517574], [-76.496704, 3.4518775], [-76.496572, 3.4521617], [-76.4964614, 3.4523997], [-76.4964329, 3.4524574], [-76.4963641, 3.4525666], [-76.4965381, 3.4525724], [-76.497391, 3.4526407], [-76.4983673, 3.4527156], [-76.4987925, 3.4527397], [-76.499695, 3.4527719], [-76.5007156, 3.4527866], [-76.5015733, 3.4528446], [-76.5015839, 3.4526792], [-76.5015885, 3.4526366], [-76.5016522, 3.4520523], [-76.5017275, 3.4513679], [-76.5018506, 3.4502436], [-76.5019337, 3.4494845], [-76.5020095, 3.4488161], [-76.5020139, 3.4487774], [-76.5020207, 3.4487089], [-76.5020253, 3.4486651], [-76.5021042, 3.4479318], [-76.502189, 3.4472026], [-76.5022815, 3.4464948], [-76.5023224, 3.4459783]]]}}, {"type": "Feature", "properties": {"name": "Chapinero", "comuna": ""}, "geometry": {"type": "Polygon", "coordinates": [[[-76.4980587, 3.4438502], [-76.4980534, 3.4438938], [-76.4980058, 3.4443038], [-76.4979614, 3.4446785], [-76.4979157, 3.445077], [-76.4978706, 3.445458], [-76.4985788, 3.4455409], [-76.4993054, 3.4456257], [-76.4994211, 3.4456392], [-76.5001486, 3.4457242], [-76.5008614, 3.4458076], [-76.5013816, 3.4458684], [-76.5015948, 3.4458933], [-76.5018217, 3.4459198], [-76.5023224, 3.4459783], [-76.5026887, 3.4460211], [-76.5033046, 3.4460895], [-76.5033466, 3.446098], [-76.5034187, 3.4461065], [-76.503487, 3.4461145], [-76.5035338, 3.4461199], [-76.5036203, 3.44613], [-76.5040829, 3.4461841], [-76.5047384, 3.4462607], [-76.5058758, 3.4464716], [-76.5058721, 3.4456635], [-76.5058961, 3.4447411], [-76.505897, 3.4447047], [-76.505901, 3.4445624], [-76.505901, 3.4445256], [-76.5059013, 3.4440949], [-76.5059089, 3.4436274], [-76.5053246, 3.4435847], [-76.5051491, 3.4435718], [-76.5047702, 3.4435441], [-76.5042155, 3.4435036], [-76.5040427, 3.443491], [-76.5036228, 3.4434603], [-76.5029664, 3.4434137], [-76.502815, 3.4433628], [-76.5027451, 3.4433392], [-76.5026069, 3.4432928], [-76.5025363, 3.4432844], [-76.5019811, 3.4432197], [-76.5014968, 3.4431727], [-76.5009938, 3.4431239], [-76.5003952, 3.4430658], [-76.4996677, 3.4429952], [-76.499552, 3.4429407], [-76.4981969, 3.4427812], [-76.49817, 3.4429813], [-76.4974828, 3.4429043], [-76.4974085, 3.4435715], [-76.4974043, 3.4436087], [-76.4973947, 3.4437177], [-76.4980638, 3.4437957], [-76.4980587, 3.4438502]]]}}, {"type": "Feature", "properties": {"name": "Alameda", "comuna": ""}, "geometry": {"type": "Polygon", "coordinates": [[[-76.5348973, 3.4343333], [-76.5348626, 3.4342983], [-76.5343542, 3.4337851], [-76.5341891, 3.4343289], [-76.5340059, 3.4350055], [-76.5338431, 3.4355209], [-76.5336963, 3.4359864], [-76.5334778, 3.4367163], [-76.5332366, 3.4375527], [-76.532921, 3.4385813], [-76.5335552, 3.4385786], [-76.5336133, 3.4385784], [-76.5336652, 3.438578], [-76.5342734, 3.4385697], [-76.5343564, 3.438572], [-76.5344957, 3.439467], [-76.534536, 3.4397825], [-76.5345593, 3.4399476], [-76.5343914, 3.4405372], [-76.5342951, 3.4413701], [-76.5342907, 3.4414143], [-76.5342882, 3.4414507], [-76.534286, 3.4414811], [-76.5347677, 3.4412249], [-76.535984, 3.4405744], [-76.5361292, 3.4404883], [-76.5363394, 3.4404409], [-76.5363671, 3.4403623], [-76.5364271, 3.4402467], [-76.5365106, 3.4401179], [-76.5366839, 3.4399109], [-76.5368071, 3.4397216], [-76.5370645, 3.4393997], [-76.5376929, 3.4386331], [-76.5381536, 3.438128], [-76.5382625, 3.4379982], [-76.5383202, 3.4379259], [-76.5383751, 3.4378428], [-76.5384709, 3.4376267], [-76.5384456, 3.4376033], [-76.5382257, 3.4373996], [-76.5381666, 3.4373452], [-76.5379073, 3.4371052], [-76.5377503, 3.4369604], [-76.5372775, 3.4365232], [-76.5372246, 3.4364742], [-76.5371851, 3.4364412], [-76.5366682, 3.4359775], [-76.5364695, 3.4357876], [-76.5359893, 3.4353303], [-76.5359483, 3.4352899], [-76.5358959, 3.4352435], [-76.5354465, 3.434846], [-76.5349369, 3.4343755], [-76.5348973, 3.4343333]]]}}, {"type": "Feature", "properties": {"name": "Breta\u00f1a", "comuna": ""}, "geometry": {"type": "Polygon", "coordinates": [[[-76.532921, 3.4385813], [-76.5332366, 3.4375527], [-76.5334778, 3.4367163], [-76.5336963, 3.4359864], [-76.5338431, 3.4355209], [-76.5340059, 3.4350055], [-76.5341891, 3.4343289], [-76.5343542, 3.4337851], [-76.5342835, 3.4337117], [-76.5337365, 3.4335342], [-76.5329977, 3.4333146], [-76.5324503, 3.4331567], [-76.5319399, 3.432995], [-76.5319096, 3.4329854], [-76.5317652, 3.4329396], [-76.5317293, 3.4329282], [-76.5310991, 3.4327289], [-76.5298557, 3.4323317], [-76.5300343, 3.4331019], [-76.530087, 3.4333393], [-76.5302913, 3.4341613], [-76.5305292, 3.4348783], [-76.5305931, 3.4350897], [-76.5308347, 3.4358524], [-76.530852, 3.4359213], [-76.5308896, 3.4359248], [-76.5307615, 3.4363267], [-76.530568, 3.4369514], [-76.5304527, 3.4373642], [-76.5304466, 3.4374386], [-76.5304444, 3.4375083], [-76.5304517, 3.4380061], [-76.5304731, 3.4384277], [-76.5305251, 3.4389241], [-76.5305695, 3.4394831], [-76.530623, 3.4400506], [-76.530669, 3.4406554], [-76.5307256, 3.4412694], [-76.5307638, 3.4417048], [-76.5308197, 3.4422348], [-76.5308668, 3.4426042], [-76.5309792, 3.4426048], [-76.5318929, 3.4424398], [-76.5319633, 3.4424193], [-76.5320406, 3.4424035], [-76.5330915, 3.4420757], [-76.5332918, 3.4419785], [-76.534286, 3.4414811], [-76.5342882, 3.4414507], [-76.5342907, 3.4414143], [-76.5342951, 3.4413701], [-76.5343914, 3.4405372], [-76.5345593, 3.4399476], [-76.534536, 3.4397825], [-76.5344957, 3.439467], [-76.5343564, 3.438572], [-76.5342734, 3.4385697], [-76.5336652, 3.438578], [-76.5336133, 3.4385784], [-76.5335552, 3.4385786], [-76.532921, 3.4385813]]]}}, {"type": "Feature", "properties": {"name": "Jun\u00edn", "comuna": ""}, "geometry": {"type": "Polygon", "coordinates": [[[-76.5259337, 3.4360048], [-76.5259996, 3.4360024], [-76.5260344, 3.436001], [-76.526133, 3.4359585], [-76.5261848, 3.435956], [-76.5266172, 3.4359478], [-76.5275377, 3.435932], [-76.5280469, 3.4359287], [-76.528088, 3.4359281], [-76.5281662, 3.4359253], [-76.5282459, 3.4359242], [-76.528294, 3.4359233], [-76.5288818, 3.4359096], [-76.5294629, 3.4358992], [-76.5300472, 3.4358922], [-76.5308097, 3.4358818], [-76.530852, 3.4359213], [-76.5308347, 3.4358524], [-76.5305931, 3.4350897], [-76.5305292, 3.4348783], [-76.5302913, 3.4341613], [-76.530087, 3.4333393], [-76.5300343, 3.4331019], [-76.5298557, 3.4323317], [-76.5298295, 3.4322273], [-76.5298066, 3.4320851], [-76.5294939, 3.4320922], [-76.5290376, 3.4321033], [-76.5287838, 3.4321072], [-76.5278833, 3.4321219], [-76.5278026, 3.4321215], [-76.5276651, 3.4321213], [-76.5275095, 3.4319285], [-76.5269986, 3.4322726], [-76.5263307, 3.432709], [-76.5258238, 3.4330611], [-76.5254603, 3.4333275], [-76.5253396, 3.433415], [-76.5246825, 3.4338911], [-76.5242425, 3.4341834], [-76.5242235, 3.4344996], [-76.5242279, 3.434558], [-76.5242497, 3.4348439], [-76.5243024, 3.436021], [-76.5248687, 3.4360186], [-76.5255145, 3.4360148], [-76.5259337, 3.4360048]]]}}, {"type": "Feature", "properties": {"name": "Guayaquil", "comuna": ""}, "geometry": {"type": "Polygon", "coordinates": [[[-76.5255291, 3.4425937], [-76.5259674, 3.4425697], [-76.5261551, 3.4425805], [-76.5263239, 3.4425984], [-76.5267969, 3.4426315], [-76.5284906, 3.4427026], [-76.5286143, 3.4426938], [-76.528739, 3.44268], [-76.5296908, 3.4426743], [-76.5308235, 3.4426041], [-76.5308668, 3.4426042], [-76.5308197, 3.4422348], [-76.5307638, 3.4417048], [-76.5307256, 3.4412694], [-76.530669, 3.4406554], [-76.530623, 3.4400506], [-76.5305695, 3.4394831], [-76.5305251, 3.4389241], [-76.5304731, 3.4384277], [-76.5304517, 3.4380061], [-76.5304444, 3.4375083], [-76.5304466, 3.4374386], [-76.5304527, 3.4373642], [-76.530568, 3.4369514], [-76.5307615, 3.4363267], [-76.5308896, 3.4359248], [-76.530852, 3.4359213], [-76.5308097, 3.4358818], [-76.5300472, 3.4358922], [-76.5294629, 3.4358992], [-76.5288818, 3.4359096], [-76.528294, 3.4359233], [-76.5282459, 3.4359242], [-76.5281662, 3.4359253], [-76.528088, 3.4359281], [-76.5280469, 3.4359287], [-76.5275377, 3.435932], [-76.5266172, 3.4359478], [-76.5261848, 3.435956], [-76.526133, 3.4359585], [-76.5260344, 3.436001], [-76.5259996, 3.4360024], [-76.5259337, 3.4360048], [-76.5255145, 3.4360148], [-76.5248687, 3.4360186], [-76.5243024, 3.436021], [-76.524344, 3.4365696], [-76.5243934, 3.4368938], [-76.5244151, 3.4370484], [-76.5244766, 3.43757], [-76.5245682, 3.4380003], [-76.5245859, 3.43809], [-76.5246408, 3.4384538], [-76.5247025, 3.4388502], [-76.5247725, 3.4398414], [-76.5247817, 3.440628], [-76.5247687, 3.4410192], [-76.5247681, 3.4411195], [-76.524751, 3.4412053], [-76.524766, 3.4414591], [-76.524803, 3.4415849], [-76.5249683, 3.4419048], [-76.5255291, 3.4425937]]]}}, {"type": "Feature", "properties": {"name": "Manuel Mar\u00eda Buenaventura", "comuna": ""}, "geometry": {"type": "Polygon", "coordinates": [[[-76.5208481, 3.437855], [-76.5207901, 3.4385234], [-76.5207578, 3.4388729], [-76.5207553, 3.4388997], [-76.5207273, 3.4389722], [-76.520955, 3.4390451], [-76.5211459, 3.4390822], [-76.5212752, 3.4391112], [-76.5213654, 3.439154], [-76.5223333, 3.4396656], [-76.5225331, 3.4397412], [-76.522562, 3.4397519], [-76.5229725, 3.4399197], [-76.523054, 3.439939], [-76.5233654, 3.4400506], [-76.5244132, 3.4406768], [-76.5245762, 3.4408416], [-76.5246859, 3.4410435], [-76.524751, 3.4412053], [-76.5247681, 3.4411195], [-76.5247687, 3.4410192], [-76.5247817, 3.440628], [-76.5247725, 3.4398414], [-76.5247025, 3.4388502], [-76.5246067, 3.4388476], [-76.5240489, 3.4382708], [-76.5236438, 3.4378107], [-76.5232888, 3.4375075], [-76.5230073, 3.4371122], [-76.5227767, 3.4368886], [-76.5226179, 3.4367489], [-76.5225031, 3.4367012], [-76.5219734, 3.4365537], [-76.5217628, 3.4373045], [-76.5215442, 3.4380807], [-76.5208481, 3.437855]]]}}, {"type": "Feature", "properties": {"name": "Aranjuez", "comuna": ""}, "geometry": {"type": "Polygon", "coordinates": [[[-76.5215442, 3.4380807], [-76.5217628, 3.4373045], [-76.5219734, 3.4365537], [-76.5225031, 3.4367012], [-76.5226179, 3.4367489], [-76.5227767, 3.4368886], [-76.5230073, 3.4371122], [-76.5232888, 3.4375075], [-76.5236438, 3.4378107], [-76.5240489, 3.4382708], [-76.5246067, 3.4388476], [-76.5247025, 3.4388502], [-76.5246408, 3.4384538], [-76.5245859, 3.43809], [-76.5245682, 3.4380003], [-76.5244766, 3.43757], [-76.5244151, 3.4370484], [-76.5243934, 3.4368938], [-76.524344, 3.4365696], [-76.5243024, 3.436021], [-76.5242497, 3.4348439], [-76.5242279, 3.434558], [-76.5242235, 3.4344996], [-76.5242425, 3.4341834], [-76.5239047, 3.4344078], [-76.5230906, 3.4348964], [-76.5223034, 3.4351615], [-76.5222684, 3.4351688], [-76.5213887, 3.4353516], [-76.5210761, 3.4353997], [-76.5210412, 3.4356273], [-76.5210363, 3.4356835], [-76.5209841, 3.4362865], [-76.5209116, 3.4370695], [-76.5208481, 3.437855], [-76.5215442, 3.4380807]]]}}, {"type": "Feature", "properties": {"name": "Santa M\u00f3nica Belalc\u00e1zar", "comuna": ""}, "geometry": {"type": "Polygon", "coordinates": [[[-76.5207273, 3.4389722], [-76.5207553, 3.4388997], [-76.5207578, 3.4388729], [-76.5207901, 3.4385234], [-76.5208481, 3.437855], [-76.5209116, 3.4370695], [-76.5209841, 3.4362865], [-76.5210363, 3.4356835], [-76.5210412, 3.4356273], [-76.5210761, 3.4353997], [-76.520623, 3.4354694], [-76.519829, 3.4355765], [-76.5193764, 3.4356558], [-76.5193555, 3.4358484], [-76.519192, 3.4373514], [-76.5191077, 3.4381264], [-76.5190788, 3.4383926], [-76.5194581, 3.438572], [-76.5196738, 3.4386705], [-76.520302, 3.4388431], [-76.5207273, 3.4389722]]]}}, {"type": "Feature", "properties": {"name": "Belalc\u00e1zar", "comuna": ""}, "geometry": {"type": "Polygon", "coordinates": [[[-76.5255291, 3.4425937], [-76.5249683, 3.4419048], [-76.524803, 3.4415849], [-76.524766, 3.4414591], [-76.524751, 3.4412053], [-76.5246859, 3.4410435], [-76.5245762, 3.4408416], [-76.5244132, 3.4406768], [-76.5233654, 3.4400506], [-76.523054, 3.439939], [-76.5229725, 3.4399197], [-76.522562, 3.4397519], [-76.5225331, 3.4397412], [-76.5223333, 3.4396656], [-76.5213654, 3.439154], [-76.5212752, 3.4391112], [-76.5211459, 3.4390822], [-76.520955, 3.4390451], [-76.5207273, 3.4389722], [-76.520302, 3.4388431], [-76.5196738, 3.4386705], [-76.5194581, 3.438572], [-76.5190788, 3.4383926], [-76.5189976, 3.439117], [-76.5189505, 3.4395518], [-76.5188583, 3.4404254], [-76.5188465, 3.4405284], [-76.5187986, 3.4409951], [-76.5187168, 3.4417107], [-76.5186219, 3.4425933], [-76.5185953, 3.4428375], [-76.5185377, 3.4433156], [-76.518371, 3.4446979], [-76.5183456, 3.4449085], [-76.5193349, 3.4445717], [-76.5202492, 3.4442853], [-76.5212905, 3.4439626], [-76.5223868, 3.443614], [-76.5233822, 3.4432906], [-76.5239025, 3.4431161], [-76.5243952, 3.442945], [-76.5249522, 3.4427556], [-76.5253837, 3.4426098], [-76.5255291, 3.4425937]]]}}, {"type": "Feature", "properties": {"name": "Sucre", "comuna": ""}, "geometry": {"type": "Polygon", "coordinates": [[[-76.5259674, 3.4425697], [-76.5255291, 3.4425937], [-76.5253837, 3.4426098], [-76.5249522, 3.4427556], [-76.5243952, 3.442945], [-76.5239025, 3.4431161], [-76.5233822, 3.4432906], [-76.5223868, 3.443614], [-76.5212905, 3.4439626], [-76.5213059, 3.4440071], [-76.5213129, 3.444027], [-76.5213269, 3.4440665], [-76.5215294, 3.44464], [-76.5216726, 3.4450903], [-76.5217376, 3.4458335], [-76.5217637, 3.4462457], [-76.5219417, 3.4468438], [-76.5221809, 3.4476473], [-76.5224286, 3.4484795], [-76.5225675, 3.4489467], [-76.522593, 3.4490325], [-76.5226478, 3.4492101], [-76.522659, 3.4492549], [-76.5226841, 3.4493548], [-76.5226964, 3.4494041], [-76.522943, 3.4502278], [-76.5229899, 3.4504396], [-76.5231186, 3.451027], [-76.5231202, 3.4516353], [-76.5231393, 3.4517442], [-76.5231504, 3.4517993], [-76.5232027, 3.4517826], [-76.5233156, 3.4517437], [-76.5241399, 3.4514602], [-76.5248649, 3.4512023], [-76.5257722, 3.4508999], [-76.526605, 3.4506411], [-76.5273727, 3.4504132], [-76.5275362, 3.4503518], [-76.527745, 3.4502869], [-76.5278469, 3.4502552], [-76.5281211, 3.45017], [-76.528166, 3.4501507], [-76.5282295, 3.4501271], [-76.5282052, 3.4500676], [-76.5278634, 3.4490775], [-76.5277862, 3.4488341], [-76.5275415, 3.4480481], [-76.5275209, 3.4479869], [-76.5274886, 3.4478916], [-76.5274719, 3.4478421], [-76.5273928, 3.4476114], [-76.5270602, 3.4465043], [-76.5269351, 3.4459585], [-76.5269217, 3.4458974], [-76.5269104, 3.4458499], [-76.5267907, 3.4453369], [-76.5266108, 3.4447509], [-76.5265921, 3.4446709], [-76.5264322, 3.4441778], [-76.5261259, 3.4432891], [-76.5260544, 3.4430906], [-76.5260115, 3.4429555], [-76.5259831, 3.4427905], [-76.525968, 3.4426469], [-76.5259677, 3.4425929], [-76.5259674, 3.4425697]]]}}, {"type": "Feature", "properties": {"name": "Barrio Obrero", "comuna": ""}, "geometry": {"type": "Polygon", "coordinates": [[[-76.522659, 3.4492549], [-76.5226478, 3.4492101], [-76.522593, 3.4490325], [-76.5225675, 3.4489467], [-76.5224286, 3.4484795], [-76.5221809, 3.4476473], [-76.5219417, 3.4468438], [-76.5217637, 3.4462457], [-76.5217376, 3.4458335], [-76.5216726, 3.4450903], [-76.5215294, 3.44464], [-76.5213269, 3.4440665], [-76.5213129, 3.444027], [-76.5213059, 3.4440071], [-76.5212905, 3.4439626], [-76.5202492, 3.4442853], [-76.5193349, 3.4445717], [-76.5183456, 3.4449085], [-76.5183083, 3.4452176], [-76.5179838, 3.4483127], [-76.5179376, 3.4487414], [-76.5179221, 3.4488856], [-76.5179087, 3.4493488], [-76.5179194, 3.4497691], [-76.5179874, 3.450356], [-76.5179938, 3.4503969], [-76.5181609, 3.4513689], [-76.5183457, 3.4523342], [-76.518526, 3.4528944], [-76.5185623, 3.4529998], [-76.5186445, 3.4529831], [-76.519027, 3.4529044], [-76.5190386, 3.4529017], [-76.5191228, 3.4528822], [-76.5191822, 3.4528685], [-76.5192603, 3.4528504], [-76.5195129, 3.4527829], [-76.5199919, 3.4526575], [-76.5207564, 3.4524814], [-76.5208161, 3.4524683], [-76.5208729, 3.452454], [-76.5216418, 3.4522686], [-76.5220838, 3.4521705], [-76.522469, 3.45203], [-76.5231002, 3.4518153], [-76.5231504, 3.4517993], [-76.5231393, 3.4517442], [-76.5231202, 3.4516353], [-76.5231186, 3.451027], [-76.5229899, 3.4504396], [-76.522943, 3.4502278], [-76.5226964, 3.4494041], [-76.5226841, 3.4493548], [-76.522659, 3.4492549]]]}}, {"type": "Feature", "properties": {"name": "Ol\u00edmpico", "comuna": ""}, "geometry": {"type": "Polygon", "coordinates": [[[-76.5347904, 3.4223019], [-76.5351284, 3.4212791], [-76.5353014, 3.4207236], [-76.5342374, 3.4204083], [-76.5337856, 3.4202659], [-76.5330524, 3.4200411], [-76.5329997, 3.4200249], [-76.5328427, 3.4199768], [-76.5311775, 3.4194156], [-76.5310241, 3.4193671], [-76.5309716, 3.4195421], [-76.5308958, 3.4197958], [-76.5306182, 3.4205884], [-76.5304627, 3.4210529], [-76.5302333, 3.4217905], [-76.5300536, 3.4223836], [-76.5298149, 3.4231051], [-76.529785, 3.4232091], [-76.529863, 3.4232348], [-76.5299379, 3.4232595], [-76.5301856, 3.423337], [-76.5304901, 3.4234411], [-76.5312714, 3.4236886], [-76.5317268, 3.4238275], [-76.5318255, 3.4238642], [-76.5320705, 3.4239477], [-76.533189, 3.4243195], [-76.5333332, 3.4243613], [-76.5338464, 3.4245176], [-76.5339047, 3.4245353], [-76.5340576, 3.4245849], [-76.5341628, 3.4242618], [-76.5346214, 3.4228722], [-76.5347904, 3.4223019]]]}}, {"type": "Feature", "properties": {"name": "El Dorado", "comuna": ""}, "geometry": {"type": "Polygon", "coordinates": [[[-76.527514, 3.4182035], [-76.5274519, 3.4181881], [-76.5273378, 3.4181721], [-76.5273194, 3.4183619], [-76.527341, 3.4187057], [-76.527371, 3.4192609], [-76.5274034, 3.4197184], [-76.5274241, 3.4202713], [-76.5274565, 3.4208157], [-76.5274796, 3.4214094], [-76.5275112, 3.4218838], [-76.5275305, 3.4222879], [-76.5276066, 3.4223115], [-76.5276585, 3.4223386], [-76.5283941, 3.4226179], [-76.5289782, 3.4228618], [-76.5296739, 3.4231724], [-76.5297307, 3.4231912], [-76.529785, 3.4232091], [-76.5298149, 3.4231051], [-76.5300536, 3.4223836], [-76.5302333, 3.4217905], [-76.5304627, 3.4210529], [-76.5306182, 3.4205884], [-76.5308958, 3.4197958], [-76.5309716, 3.4195421], [-76.5310241, 3.4193671], [-76.5308614, 3.4193124], [-76.5287441, 3.4186147], [-76.527514, 3.4182035]]]}}, {"type": "Feature", "properties": {"name": "Colseguros Andes", "comuna": ""}, "geometry": {"type": "Polygon", "coordinates": [[[-76.5330627, 3.4251564], [-76.5332948, 3.4244988], [-76.5333332, 3.4243613], [-76.533189, 3.4243195], [-76.5320705, 3.4239477], [-76.5318255, 3.4238642], [-76.5317268, 3.4238275], [-76.5312714, 3.4236886], [-76.5304901, 3.4234411], [-76.5301856, 3.423337], [-76.5299379, 3.4232595], [-76.529863, 3.4232348], [-76.529785, 3.4232091], [-76.5297307, 3.4231912], [-76.5296739, 3.4231724], [-76.5289782, 3.4228618], [-76.5283941, 3.4226179], [-76.5276585, 3.4223386], [-76.5276066, 3.4223115], [-76.5275305, 3.4222879], [-76.5275358, 3.4223829], [-76.5275474, 3.4227658], [-76.5275697, 3.4232564], [-76.5276083, 3.4238009], [-76.5276398, 3.4244414], [-76.5276691, 3.425072], [-76.5276891, 3.4256656], [-76.5277462, 3.426766], [-76.5277847, 3.4274004], [-76.5278085, 3.4279118], [-76.5278186, 3.4280986], [-76.5277268, 3.4280764], [-76.5276771, 3.4280785], [-76.5273244, 3.4280938], [-76.5269375, 3.4281104], [-76.5264343, 3.428132], [-76.5261277, 3.4281452], [-76.5261216, 3.4283985], [-76.5260894, 3.4284894], [-76.5260237, 3.4285926], [-76.5259298, 3.4286782], [-76.5254611, 3.4290155], [-76.5258149, 3.4295245], [-76.5262072, 3.4300618], [-76.5266107, 3.4306427], [-76.5266466, 3.4306907], [-76.5267972, 3.4309016], [-76.5268995, 3.4310425], [-76.5275095, 3.4319285], [-76.5277067, 3.4317853], [-76.528628, 3.4311267], [-76.5289418, 3.4308911], [-76.5294501, 3.4305309], [-76.5294117, 3.4304789], [-76.5293751, 3.4304244], [-76.5293365, 3.4303669], [-76.5289879, 3.4298475], [-76.5291627, 3.429723], [-76.5294216, 3.4295385], [-76.5302809, 3.4288995], [-76.5300992, 3.4287732], [-76.5298214, 3.4286687], [-76.5302357, 3.4273384], [-76.5306439, 3.4274752], [-76.5308374, 3.4268838], [-76.5310373, 3.4262729], [-76.5310539, 3.4262222], [-76.5310688, 3.4261768], [-76.5312399, 3.4256539], [-76.5313956, 3.4251779], [-76.5315731, 3.4246356], [-76.5330627, 3.4251564]]]}}, {"type": "Feature", "properties": {"name": "Cristobal Col\u00f3n", "comuna": ""}, "geometry": {"type": "Polygon", "coordinates": [[[-76.5261277, 3.4281452], [-76.5264343, 3.428132], [-76.5269375, 3.4281104], [-76.5273244, 3.4280938], [-76.5276771, 3.4280785], [-76.5277268, 3.4280764], [-76.5278186, 3.4280986], [-76.5278085, 3.4279118], [-76.5277847, 3.4274004], [-76.5277462, 3.426766], [-76.5276891, 3.4256656], [-76.5276691, 3.425072], [-76.5276398, 3.4244414], [-76.5276083, 3.4238009], [-76.5275697, 3.4232564], [-76.5275474, 3.4227658], [-76.5275358, 3.4223829], [-76.5275305, 3.4222879], [-76.5275112, 3.4218838], [-76.5274796, 3.4214094], [-76.5274565, 3.4208157], [-76.5274241, 3.4202713], [-76.5274034, 3.4197184], [-76.527371, 3.4192609], [-76.527341, 3.4187057], [-76.5273194, 3.4183619], [-76.5273378, 3.4181721], [-76.5271806, 3.4181714], [-76.5270045, 3.4181784], [-76.5252814, 3.4185071], [-76.5240244, 3.4187246], [-76.5232118, 3.4188869], [-76.5223856, 3.419032], [-76.521601, 3.4191807], [-76.5212897, 3.4192496], [-76.5212338, 3.419254], [-76.5211387, 3.4192694], [-76.5211327, 3.4193275], [-76.5211262, 3.4193897], [-76.5209233, 3.4210886], [-76.520842, 3.4217795], [-76.5205494, 3.4242659], [-76.5205062, 3.4246333], [-76.5208095, 3.4246752], [-76.5210835, 3.4247069], [-76.5213646, 3.42474], [-76.5214181, 3.4247449], [-76.5213971, 3.4249334], [-76.5214749, 3.4249419], [-76.5219684, 3.4249971], [-76.522545, 3.4250584], [-76.522556, 3.4246026], [-76.5225603, 3.4240799], [-76.5225645, 3.4235632], [-76.5225686, 3.4230628], [-76.5225459, 3.4225626], [-76.5234069, 3.4225013], [-76.5242109, 3.4224625], [-76.5250169, 3.4224392], [-76.5250413, 3.4229385], [-76.5250452, 3.422998], [-76.5250608, 3.4232882], [-76.5247133, 3.4233055], [-76.5242614, 3.4233279], [-76.5242601, 3.4234737], [-76.5242864, 3.4239683], [-76.5242924, 3.4241489], [-76.5247518, 3.4241263], [-76.525099, 3.424109], [-76.5251375, 3.4249629], [-76.524338, 3.4250042], [-76.5233838, 3.4250536], [-76.523372, 3.4256473], [-76.5233699, 3.4257011], [-76.5243712, 3.4256596], [-76.5249569, 3.4256387], [-76.5251718, 3.4256282], [-76.5254714, 3.4256133], [-76.5260097, 3.4255867], [-76.5260156, 3.425704], [-76.5260173, 3.4257427], [-76.5260536, 3.4265557], [-76.5260642, 3.4267866], [-76.526091, 3.4273503], [-76.5261277, 3.4281452]]]}}, {"type": "Feature", "properties": {"name": "La Libertad", "comuna": ""}, "geometry": {"type": "Polygon", "coordinates": [[[-76.525099, 3.424109], [-76.5247518, 3.4241263], [-76.5242924, 3.4241489], [-76.5242864, 3.4239683], [-76.5242601, 3.4234737], [-76.5242614, 3.4233279], [-76.5247133, 3.4233055], [-76.5250608, 3.4232882], [-76.5250452, 3.422998], [-76.5250413, 3.4229385], [-76.5250169, 3.4224392], [-76.5242109, 3.4224625], [-76.5234069, 3.4225013], [-76.5225459, 3.4225626], [-76.5225686, 3.4230628], [-76.5225645, 3.4235632], [-76.5225603, 3.4240799], [-76.522556, 3.4246026], [-76.522545, 3.4250584], [-76.5233838, 3.4250536], [-76.524338, 3.4250042], [-76.5251375, 3.4249629], [-76.525099, 3.424109]]]}}, {"type": "Feature", "properties": {"name": "Santa Helena", "comuna": ""}, "geometry": {"type": "Polygon", "coordinates": [[[-76.5268995, 3.4310425], [-76.5267972, 3.4309016], [-76.5266466, 3.4306907], [-76.5266107, 3.4306427], [-76.5262072, 3.4300618], [-76.5258149, 3.4295245], [-76.5254611, 3.4290155], [-76.5259298, 3.4286782], [-76.5260237, 3.4285926], [-76.5260894, 3.4284894], [-76.5261216, 3.4283985], [-76.5261277, 3.4281452], [-76.526091, 3.4273503], [-76.5260642, 3.4267866], [-76.5260536, 3.4265557], [-76.5260173, 3.4257427], [-76.5260156, 3.425704], [-76.5260097, 3.4255867], [-76.5254714, 3.4256133], [-76.5251718, 3.4256282], [-76.5249569, 3.4256387], [-76.5243712, 3.4256596], [-76.5233699, 3.4257011], [-76.523372, 3.4256473], [-76.5233838, 3.4250536], [-76.522545, 3.4250584], [-76.5219684, 3.4249971], [-76.5214749, 3.4249419], [-76.5213971, 3.4249334], [-76.5214181, 3.4247449], [-76.5213646, 3.42474], [-76.5210835, 3.4247069], [-76.5208095, 3.4246752], [-76.5205062, 3.4246333], [-76.5204049, 3.4255504], [-76.520397, 3.4255874], [-76.5203851, 3.4256756], [-76.5203526, 3.4260649], [-76.5201097, 3.4289908], [-76.5201051, 3.4290458], [-76.5200991, 3.4291058], [-76.5201965, 3.4291186], [-76.5204218, 3.429136], [-76.5208107, 3.4291735], [-76.5210288, 3.4291925], [-76.5219855, 3.4292909], [-76.5224214, 3.4293434], [-76.5224784, 3.429362], [-76.5225269, 3.4293851], [-76.5225678, 3.4294109], [-76.5226259, 3.4294606], [-76.5226725, 3.4295171], [-76.5240299, 3.4315218], [-76.5241448, 3.4316903], [-76.5244666, 3.43212], [-76.5249021, 3.4327662], [-76.5253396, 3.433415], [-76.5254603, 3.4333275], [-76.5258238, 3.4330611], [-76.5263307, 3.432709], [-76.5269986, 3.4322726], [-76.5275095, 3.4319285], [-76.5268995, 3.4310425]]]}}, {"type": "Feature", "properties": {"name": "San Cristobal", "comuna": ""}, "geometry": {"type": "Polygon", "coordinates": [[[-76.5242425, 3.4341834], [-76.5246825, 3.4338911], [-76.5253396, 3.433415], [-76.5249021, 3.4327662], [-76.5244666, 3.43212], [-76.5241448, 3.4316903], [-76.5240299, 3.4315218], [-76.5226725, 3.4295171], [-76.5226259, 3.4294606], [-76.5225678, 3.4294109], [-76.5225269, 3.4293851], [-76.5224784, 3.429362], [-76.5224214, 3.4293434], [-76.5219855, 3.4292909], [-76.5210288, 3.4291925], [-76.5208107, 3.4291735], [-76.5204218, 3.429136], [-76.5201965, 3.4291186], [-76.5200991, 3.4291058], [-76.520094, 3.4291805], [-76.5199116, 3.4309087], [-76.5197481, 3.4324586], [-76.5198959, 3.4324584], [-76.5204704, 3.4324342], [-76.5205594, 3.4324304], [-76.520639, 3.4324275], [-76.5210665, 3.4324132], [-76.5217127, 3.4323892], [-76.5222537, 3.4323623], [-76.5222539, 3.4329274], [-76.5222466, 3.433207], [-76.5222544, 3.4339638], [-76.5222545, 3.4343064], [-76.5222548, 3.4349286], [-76.5222543, 3.4349807], [-76.5222684, 3.4351688], [-76.5223034, 3.4351615], [-76.5230906, 3.4348964], [-76.5239047, 3.4344078], [-76.5242425, 3.4341834]]]}}, {"type": "Feature", "properties": {"name": "Las Acacias", "comuna": ""}, "geometry": {"type": "Polygon", "coordinates": [[[-76.5217127, 3.4323892], [-76.5210665, 3.4324132], [-76.520639, 3.4324275], [-76.5205594, 3.4324304], [-76.5204704, 3.4324342], [-76.5198959, 3.4324584], [-76.5197481, 3.4324586], [-76.5197067, 3.4326869], [-76.5195703, 3.4339359], [-76.5195167, 3.4344191], [-76.5194426, 3.4350945], [-76.5193994, 3.4354804], [-76.5193764, 3.4356558], [-76.519829, 3.4355765], [-76.520623, 3.4354694], [-76.5210761, 3.4353997], [-76.5213887, 3.4353516], [-76.5222684, 3.4351688], [-76.5222543, 3.4349807], [-76.5222548, 3.4349286], [-76.5222545, 3.4343064], [-76.5222544, 3.4339638], [-76.5222466, 3.433207], [-76.5222539, 3.4329274], [-76.5222537, 3.4323623], [-76.5217127, 3.4323892]]]}}, {"type": "Feature", "properties": {"name": "San Judas Tadeo II", "comuna": ""}, "geometry": {"type": "Polygon", "coordinates": [[[-76.5215717, 3.4143922], [-76.5214031, 3.4162996], [-76.521697, 3.4162977], [-76.5222728, 3.4163386], [-76.5223282, 3.4163425], [-76.5224064, 3.4163501], [-76.5233755, 3.4164439], [-76.5235049, 3.4164308], [-76.5236749, 3.4164075], [-76.5243203, 3.4162972], [-76.5243719, 3.4162883], [-76.5244406, 3.4162758], [-76.5243212, 3.4156513], [-76.5242835, 3.4153184], [-76.5242773, 3.4152007], [-76.5243004, 3.4149516], [-76.5243443, 3.4147963], [-76.5244815, 3.4143556], [-76.5245716, 3.4141065], [-76.524785, 3.4134513], [-76.5250376, 3.4126885], [-76.5252225, 3.4121425], [-76.524503, 3.4119426], [-76.5242458, 3.4118726], [-76.5230625, 3.4117703], [-76.522201, 3.4116106], [-76.5218902, 3.4116196], [-76.5218174, 3.4116127], [-76.5215717, 3.4143922]]]}}, {"type": "Feature", "properties": {"name": "San Judas Tadeo I", "comuna": ""}, "geometry": {"type": "Polygon", "coordinates": [[[-76.5234689, 3.4057319], [-76.523426, 3.4057285], [-76.5228538, 3.405675], [-76.5225532, 3.4056339], [-76.5224254, 3.4069816], [-76.5222377, 3.4085639], [-76.5219953, 3.4099719], [-76.5219279, 3.4103632], [-76.5218174, 3.4116127], [-76.5218902, 3.4116196], [-76.522201, 3.4116106], [-76.5230625, 3.4117703], [-76.5242458, 3.4118726], [-76.524503, 3.4119426], [-76.5252225, 3.4121425], [-76.5254197, 3.4115243], [-76.526093, 3.4094188], [-76.526509, 3.4081777], [-76.5270732, 3.4064203], [-76.5268876, 3.406361], [-76.5250295, 3.4057633], [-76.5235959, 3.4055611], [-76.5235003, 3.4055508], [-76.5234689, 3.4057319]]]}}, {"type": "Feature", "properties": {"name": "Las Granjas", "comuna": ""}, "geometry": {"type": "Polygon", "coordinates": [[[-76.528605, 3.4069595], [-76.5270732, 3.4064203], [-76.526509, 3.4081777], [-76.526093, 3.4094188], [-76.5254197, 3.4115243], [-76.5252225, 3.4121425], [-76.5252986, 3.4121399], [-76.5260096, 3.4123609], [-76.5267886, 3.412597], [-76.5270314, 3.4126762], [-76.5270441, 3.4126249], [-76.5270604, 3.4125688], [-76.5271561, 3.41224], [-76.5272468, 3.4119064], [-76.5272651, 3.4118502], [-76.5273861, 3.4114164], [-76.5273966, 3.4113796], [-76.5274965, 3.4110197], [-76.5275565, 3.4108047], [-76.5276456, 3.4104889], [-76.5277362, 3.4101266], [-76.5278404, 3.4097921], [-76.5279019, 3.4095723], [-76.528009, 3.4092019], [-76.5280566, 3.4090401], [-76.5281354, 3.4087371], [-76.5282101, 3.4084695], [-76.5283117, 3.4081035], [-76.5284188, 3.4077175], [-76.5285599, 3.4071661], [-76.5285728, 3.4071169], [-76.528605, 3.4069595]]]}}, {"type": "Feature", "properties": {"name": "Jorge Zawadsky", "comuna": ""}, "geometry": {"type": "Polygon", "coordinates": [[[-76.5344797, 3.4088557], [-76.5341768, 3.4087567], [-76.5316862, 3.4079857], [-76.5316414, 3.4081323], [-76.5316255, 3.4081835], [-76.5315017, 3.4085841], [-76.5313367, 3.4091155], [-76.5311734, 3.409642], [-76.5309586, 3.410293], [-76.5308366, 3.4107276], [-76.5306998, 3.4111316], [-76.530558, 3.4116431], [-76.5304092, 3.4121047], [-76.5303067, 3.4124346], [-76.5302655, 3.4125621], [-76.5301401, 3.4129515], [-76.5301324, 3.4129782], [-76.5296697, 3.4129716], [-76.5295701, 3.4132731], [-76.5295582, 3.4133093], [-76.5295395, 3.4133657], [-76.5299026, 3.4134783], [-76.5308077, 3.4137588], [-76.5308196, 3.4137229], [-76.530833, 3.4136824], [-76.530995, 3.413225], [-76.5311238, 3.4128269], [-76.5312648, 3.4123907], [-76.5314157, 3.4119245], [-76.5315652, 3.4114251], [-76.5317073, 3.4110228], [-76.5318452, 3.4105966], [-76.5324943, 3.4107979], [-76.5326544, 3.4108457], [-76.5335666, 3.4111725], [-76.5336229, 3.4111777], [-76.5336809, 3.4112051], [-76.5344797, 3.4088557]]]}}, {"type": "Feature", "properties": {"name": "Santo Domingo", "comuna": ""}, "geometry": {"type": "Polygon", "coordinates": [[[-76.5336229, 3.4111777], [-76.5335666, 3.4111725], [-76.5326544, 3.4108457], [-76.5324943, 3.4107979], [-76.5318452, 3.4105966], [-76.5317073, 3.4110228], [-76.5315652, 3.4114251], [-76.5314157, 3.4119245], [-76.5312648, 3.4123907], [-76.5311238, 3.4128269], [-76.530995, 3.413225], [-76.530833, 3.4136824], [-76.5308196, 3.4137229], [-76.5308077, 3.4137588], [-76.5326394, 3.4143925], [-76.533098, 3.4129942], [-76.5336809, 3.4112051], [-76.5336229, 3.4111777]]]}}, {"type": "Feature", "properties": {"name": "Panamericano", "comuna": ""}, "geometry": {"type": "Polygon", "coordinates": [[[-76.5319739, 3.416642], [-76.5320246, 3.4166606], [-76.532933, 3.4169877], [-76.533934, 3.417338], [-76.5340929, 3.41686], [-76.5342861, 3.4162793], [-76.5346474, 3.4151978], [-76.5346658, 3.4151325], [-76.5346816, 3.4151002], [-76.5346888, 3.4150681], [-76.5347054, 3.4150207], [-76.5347128, 3.4150024], [-76.5347326, 3.4149413], [-76.5348673, 3.4145284], [-76.5350075, 3.4140969], [-76.5351513, 3.413654], [-76.5352889, 3.4132304], [-76.5354206, 3.4128248], [-76.5355599, 3.4123958], [-76.5357027, 3.4119562], [-76.5358358, 3.4115463], [-76.5359802, 3.4111016], [-76.5361985, 3.4104295], [-76.536251, 3.4102679], [-76.5363165, 3.4100663], [-76.5364126, 3.4097704], [-76.536432, 3.4097106], [-76.5364811, 3.4095635], [-76.5344797, 3.4088557], [-76.5336809, 3.4112051], [-76.533098, 3.4129942], [-76.5326394, 3.4143925], [-76.5319087, 3.4166158], [-76.5319739, 3.416642]]]}}, {"type": "Feature", "properties": {"name": "Pasoancho", "comuna": ""}, "geometry": {"type": "Polygon", "coordinates": [[[-76.5319087, 3.4166158], [-76.5317164, 3.417214], [-76.5314918, 3.4179125], [-76.5311641, 3.4189317], [-76.5310241, 3.4193671], [-76.5311775, 3.4194156], [-76.5328427, 3.4199768], [-76.5329997, 3.4200249], [-76.5330524, 3.4200411], [-76.5330748, 3.419921], [-76.5330986, 3.4198496], [-76.5332006, 3.4195429], [-76.5332798, 3.4193046], [-76.5333265, 3.4191645], [-76.533433, 3.4188443], [-76.5334577, 3.4187698], [-76.533488, 3.4186789], [-76.5335987, 3.418346], [-76.5336345, 3.4182382], [-76.5337456, 3.4179042], [-76.533777, 3.4178098], [-76.5338505, 3.417589], [-76.533934, 3.417338], [-76.532933, 3.4169877], [-76.5320246, 3.4166606], [-76.5319739, 3.416642], [-76.5319087, 3.4166158]]]}}, {"type": "Feature", "properties": {"name": "Panamericano", "comuna": ""}, "geometry": {"type": "Polygon", "coordinates": [[[-76.5387299, 3.4102655], [-76.5371756, 3.4097755], [-76.5364811, 3.4095635], [-76.536432, 3.4097106], [-76.5364126, 3.4097704], [-76.5363165, 3.4100663], [-76.536251, 3.4102679], [-76.5361985, 3.4104295], [-76.5359802, 3.4111016], [-76.5358358, 3.4115463], [-76.5357027, 3.4119562], [-76.5355599, 3.4123958], [-76.5354206, 3.4128248], [-76.5352889, 3.4132304], [-76.5351513, 3.413654], [-76.5350075, 3.4140969], [-76.5348673, 3.4145284], [-76.5347326, 3.4149413], [-76.5347128, 3.4150024], [-76.5347054, 3.4150207], [-76.5346888, 3.4150681], [-76.5346816, 3.4151002], [-76.5346658, 3.4151325], [-76.5346474, 3.4151978], [-76.5342861, 3.4162793], [-76.5340929, 3.41686], [-76.533934, 3.417338], [-76.5338505, 3.417589], [-76.533777, 3.4178098], [-76.5337456, 3.4179042], [-76.5336345, 3.4182382], [-76.5335987, 3.418346], [-76.533488, 3.4186789], [-76.5334577, 3.4187698], [-76.533433, 3.4188443], [-76.5333265, 3.4191645], [-76.5332798, 3.4193046], [-76.5332006, 3.4195429], [-76.5330986, 3.4198496], [-76.5330748, 3.419921], [-76.5330524, 3.4200411], [-76.5337856, 3.4202659], [-76.5342374, 3.4204083], [-76.5353014, 3.4207236], [-76.5354824, 3.42016], [-76.5358767, 3.4190569], [-76.5360805, 3.4184759], [-76.5363407, 3.4177583], [-76.5367726, 3.4163232], [-76.5369621, 3.4157569], [-76.5374404, 3.4143098], [-76.5376148, 3.4137368], [-76.5378454, 3.4130273], [-76.5381847, 3.4119549], [-76.5383336, 3.411544], [-76.5387299, 3.4102655]]]}}, {"type": "Feature", "properties": {"name": "El Prado", "comuna": ""}, "geometry": {"type": "Polygon", "coordinates": [[[-76.5144066, 3.4349761], [-76.5145877, 3.4351207], [-76.5149986, 3.4354122], [-76.5154138, 3.4357444], [-76.5159158, 3.4361103], [-76.5160887, 3.4360879], [-76.5168102, 3.4359888], [-76.5176806, 3.4358576], [-76.5184075, 3.4357612], [-76.5193764, 3.4356558], [-76.5193994, 3.4354804], [-76.5194426, 3.4350945], [-76.5193061, 3.4350769], [-76.5192373, 3.4350645], [-76.5190633, 3.4350331], [-76.5188821, 3.4349946], [-76.5186715, 3.4349249], [-76.5184852, 3.4348016], [-76.5182813, 3.4346264], [-76.5177344, 3.433964], [-76.5173741, 3.4337564], [-76.5168343, 3.4336435], [-76.516276, 3.4335679], [-76.5162537, 3.4337336], [-76.5161213, 3.4337045], [-76.5158677, 3.4336486], [-76.5154698, 3.4335733], [-76.5154187, 3.4335637], [-76.5153344, 3.4335367], [-76.5144066, 3.4349761]]]}}, {"type": "Feature", "properties": {"name": "Aguablanca", "comuna": ""}, "geometry": {"type": "Polygon", "coordinates": [[[-76.5197481, 3.4324586], [-76.5199116, 3.4309087], [-76.520094, 3.4291805], [-76.5200991, 3.4291058], [-76.5167117, 3.428745], [-76.5166163, 3.4297796], [-76.5165315, 3.4307023], [-76.5164191, 3.4317742], [-76.5163836, 3.4320864], [-76.5163374, 3.4322848], [-76.5161572, 3.4325017], [-76.5158752, 3.4327554], [-76.5153344, 3.4335367], [-76.5154187, 3.4335637], [-76.5154698, 3.4335733], [-76.5158677, 3.4336486], [-76.5161213, 3.4337045], [-76.5162537, 3.4337336], [-76.516276, 3.4335679], [-76.5168343, 3.4336435], [-76.5173741, 3.4337564], [-76.5177344, 3.433964], [-76.5182813, 3.4346264], [-76.5184852, 3.4348016], [-76.5186715, 3.4349249], [-76.5188821, 3.4349946], [-76.5190633, 3.4350331], [-76.5192373, 3.4350645], [-76.5193061, 3.4350769], [-76.5194426, 3.4350945], [-76.5195167, 3.4344191], [-76.5195703, 3.4339359], [-76.5197067, 3.4326869], [-76.5197481, 3.4324586]]]}}, {"type": "Feature", "properties": {"name": "El Jard\u00edn", "comuna": ""}, "geometry": {"type": "Polygon", "coordinates": [[[-76.5186547, 3.4253563], [-76.5186581, 3.4253104], [-76.5187036, 3.4248394], [-76.5187436, 3.4243536], [-76.5187906, 3.4238609], [-76.5188428, 3.4233279], [-76.5188911, 3.422783], [-76.518934, 3.4222336], [-76.5189868, 3.4216593], [-76.5189984, 3.4215333], [-76.5190302, 3.4211787], [-76.5190506, 3.421047], [-76.5190418, 3.4209043], [-76.5190072, 3.4207895], [-76.5187605, 3.4203082], [-76.5186428, 3.4200325], [-76.5186405, 3.4199858], [-76.5186684, 3.4195131], [-76.5186751, 3.4194642], [-76.5186831, 3.4194051], [-76.5182694, 3.4194242], [-76.518056, 3.4194508], [-76.5171771, 3.4195016], [-76.5164876, 3.4195362], [-76.5162476, 3.4195314], [-76.5160271, 3.4195389], [-76.5160178, 3.4196332], [-76.5160124, 3.4196886], [-76.5159703, 3.4201185], [-76.5159268, 3.4205635], [-76.5159068, 3.4207676], [-76.5158804, 3.4210373], [-76.5158625, 3.4212203], [-76.5158351, 3.4215011], [-76.5158256, 3.4215982], [-76.5157845, 3.4220178], [-76.5157799, 3.4220651], [-76.5157303, 3.4225719], [-76.5156764, 3.4231225], [-76.5156536, 3.4233559], [-76.515623, 3.4236683], [-76.515611, 3.4237906], [-76.515583, 3.4240767], [-76.515575, 3.424159], [-76.5155311, 3.4246076], [-76.5154983, 3.4249431], [-76.5154916, 3.4250112], [-76.5154826, 3.4251037], [-76.5154661, 3.4252044], [-76.51546, 3.4252709], [-76.5154262, 3.4256372], [-76.5154258, 3.4256409], [-76.5154152, 3.4257475], [-76.5153853, 3.4260466], [-76.5153665, 3.4262356], [-76.5153412, 3.4264459], [-76.5152984, 3.4268263], [-76.5152506, 3.4272506], [-76.5152031, 3.4276727], [-76.5151576, 3.4280771], [-76.5151132, 3.4284722], [-76.5151056, 3.4285394], [-76.5151488, 3.4286108], [-76.515534, 3.42864], [-76.5167117, 3.428745], [-76.5200991, 3.4291058], [-76.5201051, 3.4290458], [-76.5201097, 3.4289908], [-76.5203526, 3.4260649], [-76.5203851, 3.4256756], [-76.520397, 3.4255874], [-76.5204049, 3.4255504], [-76.5203078, 3.4255016], [-76.5202722, 3.4254822], [-76.5200939, 3.4254763], [-76.5195088, 3.4254251], [-76.5187115, 3.4253609], [-76.5186547, 3.4253563]]]}}, {"type": "Feature", "properties": {"name": "Urbanizaci\u00f3n Boyac\u00e1", "comuna": ""}, "geometry": {"type": "Polygon", "coordinates": [[[-76.5205062, 3.4246333], [-76.5205494, 3.4242659], [-76.520842, 3.4217795], [-76.5209233, 3.4210886], [-76.5207635, 3.4211079], [-76.520709, 3.421106], [-76.5201575, 3.4210869], [-76.5194753, 3.4210623], [-76.5190506, 3.421047], [-76.5190302, 3.4211787], [-76.5189984, 3.4215333], [-76.5189868, 3.4216593], [-76.518934, 3.4222336], [-76.5188911, 3.422783], [-76.5188428, 3.4233279], [-76.5187906, 3.4238609], [-76.5187436, 3.4243536], [-76.5187036, 3.4248394], [-76.5186581, 3.4253104], [-76.5186547, 3.4253563], [-76.5187115, 3.4253609], [-76.5195088, 3.4254251], [-76.5200939, 3.4254763], [-76.5202722, 3.4254822], [-76.5203078, 3.4255016], [-76.5204049, 3.4255504], [-76.5205062, 3.4246333]]]}}, {"type": "Feature", "properties": {"name": "La Esperanza", "comuna": ""}, "geometry": {"type": "Polygon", "coordinates": [[[-76.5209233, 3.4210886], [-76.5211262, 3.4193897], [-76.5211327, 3.4193275], [-76.5211387, 3.4192694], [-76.5208315, 3.4193016], [-76.5205789, 3.419317], [-76.519673, 3.4193601], [-76.5192123, 3.419377], [-76.5186831, 3.4194051], [-76.5186751, 3.4194642], [-76.5186684, 3.4195131], [-76.5186405, 3.4199858], [-76.5186428, 3.4200325], [-76.5187605, 3.4203082], [-76.5190072, 3.4207895], [-76.5190418, 3.4209043], [-76.5190506, 3.421047], [-76.5194753, 3.4210623], [-76.5201575, 3.4210869], [-76.520709, 3.421106], [-76.5207635, 3.4211079], [-76.5209233, 3.4210886]]]}}, {"type": "Feature", "properties": {"name": "Los Sauces", "comuna": ""}, "geometry": {"type": "Polygon", "coordinates": [[[-76.5154368, 3.4171407], [-76.5152951, 3.4166103], [-76.5150486, 3.4159766], [-76.5147906, 3.4152992], [-76.5146465, 3.4149139], [-76.5145464, 3.4147247], [-76.5144983, 3.4146152], [-76.5144516, 3.4145539], [-76.5139593, 3.4140342], [-76.513907, 3.4139877], [-76.5138647, 3.4139501], [-76.5137763, 3.4138716], [-76.5132857, 3.4143461], [-76.5126582, 3.4149323], [-76.5126526, 3.4150592], [-76.5121837, 3.4154796], [-76.5117064, 3.4159281], [-76.5116082, 3.4160207], [-76.5115652, 3.4160613], [-76.5113943, 3.416222], [-76.5113221, 3.4162905], [-76.5112671, 3.4163424], [-76.5110998, 3.4164932], [-76.511085, 3.4165628], [-76.5109348, 3.4167008], [-76.5108798, 3.4167019], [-76.5108047, 3.4167035], [-76.5107053, 3.4168082], [-76.5106953, 3.4168686], [-76.5106825, 3.4169461], [-76.5105608, 3.4170562], [-76.5104867, 3.4170661], [-76.5104307, 3.4170736], [-76.5103099, 3.4171934], [-76.5102953, 3.4172583], [-76.5099396, 3.417579], [-76.5097925, 3.4177231], [-76.5094524, 3.4181244], [-76.5085276, 3.4189722], [-76.5083919, 3.4191636], [-76.508168, 3.4193797], [-76.5081292, 3.4194143], [-76.5080732, 3.4194643], [-76.5085309, 3.4200104], [-76.5085847, 3.4199872], [-76.5086069, 3.4199712], [-76.509124, 3.4199484], [-76.5095399, 3.4199284], [-76.5102502, 3.4198907], [-76.5106908, 3.4198645], [-76.5111687, 3.4198265], [-76.5114223, 3.4198124], [-76.5141669, 3.4196459], [-76.5158614, 3.4195442], [-76.5160271, 3.4195389], [-76.5160318, 3.4194704], [-76.5160361, 3.4194211], [-76.516073, 3.4189959], [-76.5161115, 3.4185528], [-76.5161511, 3.4180968], [-76.5161884, 3.4176674], [-76.5161897, 3.4176523], [-76.515913, 3.4176837], [-76.5157643, 3.4176363], [-76.5157072, 3.417599], [-76.5156484, 3.4175579], [-76.5155711, 3.4174636], [-76.5155053, 3.4173319], [-76.5154428, 3.4171658], [-76.5154368, 3.4171407]]]}}, {"type": "Feature", "properties": {"name": "Maracaibo", "comuna": ""}, "geometry": {"type": "Polygon", "coordinates": [[[-76.5161897, 3.4176523], [-76.5161884, 3.4176674], [-76.5161511, 3.4180968], [-76.5161115, 3.4185528], [-76.516073, 3.4189959], [-76.5160361, 3.4194211], [-76.5160318, 3.4194704], [-76.5160271, 3.4195389], [-76.5162476, 3.4195314], [-76.5164876, 3.4195362], [-76.5171771, 3.4195016], [-76.518056, 3.4194508], [-76.51805, 3.4193745], [-76.5180504, 3.4193141], [-76.518098, 3.4185365], [-76.5181484, 3.4175688], [-76.51815, 3.4175423], [-76.5177364, 3.4175607], [-76.5168281, 3.4176191], [-76.5165539, 3.4176376], [-76.5161897, 3.4176523]]]}}, {"type": "Feature", "properties": {"name": "La Independencia", "comuna": ""}, "geometry": {"type": "Polygon", "coordinates": [[[-76.5214031, 3.4162996], [-76.5215717, 3.4143922], [-76.5199118, 3.4144556], [-76.5177442, 3.4145175], [-76.5169783, 3.4145433], [-76.5145851, 3.4146185], [-76.5144983, 3.4146152], [-76.5145464, 3.4147247], [-76.5146465, 3.4149139], [-76.5147906, 3.4152992], [-76.5150486, 3.4159766], [-76.5152951, 3.4166103], [-76.5154368, 3.4171407], [-76.5154428, 3.4171658], [-76.5155053, 3.4173319], [-76.5155711, 3.4174636], [-76.5156484, 3.4175579], [-76.5157072, 3.417599], [-76.5157643, 3.4176363], [-76.515913, 3.4176837], [-76.5161897, 3.4176523], [-76.5165539, 3.4176376], [-76.5168281, 3.4176191], [-76.5177364, 3.4175607], [-76.51815, 3.4175423], [-76.5181484, 3.4175688], [-76.518098, 3.4185365], [-76.5180504, 3.4193141], [-76.51805, 3.4193745], [-76.518056, 3.4194508], [-76.5182694, 3.4194242], [-76.5186831, 3.4194051], [-76.5192123, 3.419377], [-76.519673, 3.4193601], [-76.5205789, 3.419317], [-76.5208315, 3.4193016], [-76.5211387, 3.4192694], [-76.5211413, 3.4192156], [-76.5211517, 3.419144], [-76.5214031, 3.4162996]]]}}, {"type": "Feature", "properties": {"name": "Villa del Sur", "comuna": ""}, "geometry": {"type": "Polygon", "coordinates": [[[-76.5219279, 3.4103632], [-76.5219953, 3.4099719], [-76.5214831, 3.4099095], [-76.5201791, 3.4097821], [-76.5193186, 3.409691], [-76.5189519, 3.4096622], [-76.5183144, 3.4095456], [-76.5182568, 3.4096333], [-76.5182262, 3.4096777], [-76.5181919, 3.4097056], [-76.5180615, 3.4098182], [-76.5180244, 3.4098542], [-76.5179609, 3.4099117], [-76.5175134, 3.4103438], [-76.5167852, 3.4110407], [-76.5164164, 3.4113704], [-76.5161641, 3.4116468], [-76.5152709, 3.412519], [-76.5152436, 3.4125135], [-76.5152053, 3.4125058], [-76.5151703, 3.4124987], [-76.5150971, 3.41257], [-76.5150746, 3.4125918], [-76.5150127, 3.4126487], [-76.5149508, 3.4127056], [-76.5149143, 3.4127375], [-76.5137763, 3.4138716], [-76.5138647, 3.4139501], [-76.513907, 3.4139877], [-76.5139593, 3.4140342], [-76.5144516, 3.4145539], [-76.5144983, 3.4146152], [-76.5145851, 3.4146185], [-76.5169783, 3.4145433], [-76.5177442, 3.4145175], [-76.5199118, 3.4144556], [-76.5215717, 3.4143922], [-76.5218174, 3.4116127], [-76.5219279, 3.4103632]]]}}, {"type": "Feature", "properties": {"name": "Joaqu\u00edn Holgu\u00edn Garc\u00e9s", "comuna": ""}, "geometry": {"type": "Polygon", "coordinates": [[[-76.5199883, 3.4079918], [-76.519821, 3.4081048], [-76.5196728, 3.4082263], [-76.5194866, 3.4084014], [-76.5191423, 3.4087252], [-76.5186892, 3.4091512], [-76.5184222, 3.4094264], [-76.5183332, 3.409518], [-76.5183144, 3.4095456], [-76.5189519, 3.4096622], [-76.5193186, 3.409691], [-76.5201791, 3.4097821], [-76.5214831, 3.4099095], [-76.5219953, 3.4099719], [-76.5222377, 3.4085639], [-76.5224254, 3.4069816], [-76.5225532, 3.4056339], [-76.5219645, 3.405566], [-76.5218398, 3.4055528], [-76.5217738, 3.4055458], [-76.5217065, 3.4060425], [-76.5216959, 3.4061629], [-76.5216884, 3.4062319], [-76.5216771, 3.4062934], [-76.5216576, 3.406339], [-76.5216221, 3.4064015], [-76.5215797, 3.4064446], [-76.5215333, 3.4064918], [-76.5213217, 3.4067071], [-76.5212238, 3.4068557], [-76.5210052, 3.4070605], [-76.5206367, 3.4073834], [-76.5199883, 3.4079918]]]}}, {"type": "Feature", "properties": {"name": "La Fortaleza", "comuna": ""}, "geometry": {"type": "Polygon", "coordinates": [[[-76.510294, 3.4280755], [-76.5102887, 3.4281406], [-76.5104019, 3.428154], [-76.5110891, 3.4282178], [-76.5116869, 3.4282609], [-76.5128093, 3.4283662], [-76.5145148, 3.4285631], [-76.5151488, 3.4286108], [-76.5151056, 3.4285394], [-76.5151132, 3.4284722], [-76.5151576, 3.4280771], [-76.5152031, 3.4276727], [-76.5152506, 3.4272506], [-76.5152984, 3.4268263], [-76.5153412, 3.4264459], [-76.5153665, 3.4262356], [-76.5153853, 3.4260466], [-76.5154152, 3.4257475], [-76.5154258, 3.4256409], [-76.5154262, 3.4256372], [-76.51546, 3.4252709], [-76.5154661, 3.4252044], [-76.5154826, 3.4251037], [-76.5145225, 3.4249751], [-76.5133685, 3.4248705], [-76.5123147, 3.4247675], [-76.5106747, 3.4246256], [-76.5106383, 3.424676], [-76.5106327, 3.424732], [-76.5105907, 3.4251466], [-76.5105521, 3.4255274], [-76.5105338, 3.425708], [-76.5105082, 3.4259607], [-76.5104833, 3.4262061], [-76.510471, 3.4263278], [-76.5104262, 3.4267705], [-76.5104202, 3.4268292], [-76.5103833, 3.4271932], [-76.5103626, 3.4273976], [-76.5103427, 3.4275944], [-76.5102988, 3.4280279], [-76.510294, 3.4280755]]]}}, {"type": "Feature", "properties": {"name": "Le\u00f3n XIII", "comuna": ""}, "geometry": {"type": "Polygon", "coordinates": [[[-76.5097973, 3.42455], [-76.5094044, 3.4245045], [-76.5082596, 3.4243768], [-76.5082531, 3.424422], [-76.5082478, 3.424471], [-76.5082007, 3.4249041], [-76.5081382, 3.4254574], [-76.508085, 3.4259596], [-76.5080166, 3.4263421], [-76.5079633, 3.4266022], [-76.5079307, 3.4266503], [-76.5078744, 3.4267424], [-76.5077324, 3.4269467], [-76.5077067, 3.4269812], [-76.5076758, 3.4270199], [-76.5079692, 3.4272912], [-76.5085639, 3.4278941], [-76.5086879, 3.427964], [-76.5090531, 3.4280186], [-76.5098165, 3.4280848], [-76.5102887, 3.4281406], [-76.510294, 3.4280755], [-76.5102988, 3.4280279], [-76.5103427, 3.4275944], [-76.5103626, 3.4273976], [-76.5103833, 3.4271932], [-76.5104202, 3.4268292], [-76.5104262, 3.4267705], [-76.510471, 3.4263278], [-76.5104833, 3.4262061], [-76.5105082, 3.4259607], [-76.5105338, 3.425708], [-76.5105521, 3.4255274], [-76.5105907, 3.4251466], [-76.5106327, 3.424732], [-76.5106383, 3.424676], [-76.5106747, 3.4246256], [-76.5097973, 3.42455]]]}}, {"type": "Feature", "properties": {"name": "Los Conquistadores", "comuna": ""}, "geometry": {"type": "Polygon", "coordinates": [[[-76.5082531, 3.424422], [-76.5082596, 3.4243768], [-76.5073429, 3.4242753], [-76.5070594, 3.424223], [-76.5064863, 3.4239308], [-76.5064308, 3.4240523], [-76.506246, 3.4244107], [-76.505964, 3.4249628], [-76.5058211, 3.4252404], [-76.5056763, 3.4255176], [-76.5055376, 3.4257817], [-76.5054051, 3.426037], [-76.5052788, 3.4262877], [-76.5051347, 3.4265757], [-76.5050024, 3.426836], [-76.5050688, 3.426887], [-76.5054832, 3.4272525], [-76.5057018, 3.427468], [-76.5059198, 3.4277739], [-76.5060021, 3.4279459], [-76.5060651, 3.4279252], [-76.5061173, 3.4279012], [-76.5065698, 3.4276989], [-76.5071031, 3.4274545], [-76.5073724, 3.4272868], [-76.5074588, 3.4272268], [-76.5075478, 3.4271532], [-76.5076002, 3.4271031], [-76.5076242, 3.4270779], [-76.5076758, 3.4270199], [-76.5077067, 3.4269812], [-76.5077324, 3.4269467], [-76.5078744, 3.4267424], [-76.5079307, 3.4266503], [-76.5079633, 3.4266022], [-76.5080166, 3.4263421], [-76.508085, 3.4259596], [-76.5081382, 3.4254574], [-76.5082007, 3.4249041], [-76.5082478, 3.424471], [-76.5082531, 3.424422]]]}}, {"type": "Feature", "properties": {"name": "San Benito", "comuna": ""}, "geometry": {"type": "Polygon", "coordinates": [[[-76.5110236, 3.4295456], [-76.5111745, 3.4292837], [-76.5112294, 3.4291772], [-76.5113748, 3.4288949], [-76.5114325, 3.4287831], [-76.5115035, 3.4286581], [-76.5116281, 3.4283868], [-76.5116464, 3.4283405], [-76.5116869, 3.4282609], [-76.5110891, 3.4282178], [-76.5104019, 3.428154], [-76.5102887, 3.4281406], [-76.5098165, 3.4280848], [-76.5090531, 3.4280186], [-76.5086879, 3.427964], [-76.5085639, 3.4278941], [-76.5079692, 3.4272912], [-76.5076758, 3.4270199], [-76.5076242, 3.4270779], [-76.5076002, 3.4271031], [-76.5075478, 3.4271532], [-76.5074588, 3.4272268], [-76.5073724, 3.4272868], [-76.5076395, 3.4279284], [-76.5076492, 3.4279488], [-76.5077674, 3.4280956], [-76.5078502, 3.4281824], [-76.5079271, 3.4282625], [-76.5086306, 3.4291256], [-76.5089319, 3.4294917], [-76.5092658, 3.4298491], [-76.5096769, 3.4301969], [-76.5098126, 3.4303249], [-76.5103999, 3.4307628], [-76.5105954, 3.430385], [-76.5107819, 3.4300178], [-76.5108289, 3.4299254], [-76.5109285, 3.4297281], [-76.5109805, 3.4296269], [-76.5110236, 3.4295456]]]}}, {"type": "Feature", "properties": {"name": "20 de Julio", "comuna": ""}, "geometry": {"type": "Polygon", "coordinates": [[[-76.5130484, 3.4365912], [-76.5132021, 3.4365441], [-76.5138665, 3.4364078], [-76.5143265, 3.4363382], [-76.5148549, 3.4362632], [-76.5152371, 3.4362204], [-76.5157172, 3.4361361], [-76.5159158, 3.4361103], [-76.5154138, 3.4357444], [-76.5149986, 3.4354122], [-76.5145877, 3.4351207], [-76.5144066, 3.4349761], [-76.5142171, 3.43482], [-76.5138497, 3.4345401], [-76.5134506, 3.4342456], [-76.5132372, 3.4340884], [-76.5130122, 3.4339316], [-76.5125512, 3.4335648], [-76.5123216, 3.4333764], [-76.5117596, 3.4329209], [-76.5114377, 3.4333362], [-76.5108971, 3.434007], [-76.5109339, 3.4340443], [-76.5112597, 3.4343674], [-76.5112806, 3.4343882], [-76.511607, 3.4347101], [-76.5119092, 3.4350247], [-76.5122372, 3.4354171], [-76.5125747, 3.435912], [-76.5128396, 3.4363126], [-76.5128915, 3.4363809], [-76.5129163, 3.4364148], [-76.5129619, 3.4364757], [-76.5130484, 3.4365912]]]}}, {"type": "Feature", "properties": {"name": "Prados de Oriente", "comuna": ""}, "geometry": {"type": "Polygon", "coordinates": [[[-76.5160732, 3.4317689], [-76.5157998, 3.4317732], [-76.5156033, 3.4317763], [-76.5151804, 3.4317829], [-76.5142888, 3.4317968], [-76.5142363, 3.4317977], [-76.5143145, 3.4313375], [-76.5143915, 3.4305424], [-76.5144686, 3.4294397], [-76.5145148, 3.4285631], [-76.5128093, 3.4283662], [-76.5116869, 3.4282609], [-76.5116464, 3.4283405], [-76.5116281, 3.4283868], [-76.5115035, 3.4286581], [-76.5114325, 3.4287831], [-76.5113748, 3.4288949], [-76.5112294, 3.4291772], [-76.5111745, 3.4292837], [-76.5110236, 3.4295456], [-76.5109805, 3.4296269], [-76.5109285, 3.4297281], [-76.5108289, 3.4299254], [-76.5107819, 3.4300178], [-76.5105954, 3.430385], [-76.5103999, 3.4307628], [-76.5100678, 3.4314252], [-76.5099353, 3.4316848], [-76.5099075, 3.4317396], [-76.5098636, 3.4318259], [-76.5098237, 3.4319025], [-76.5098077, 3.4319318], [-76.5097931, 3.4319639], [-76.5097815, 3.4319816], [-76.5099538, 3.432033], [-76.5102421, 3.4321227], [-76.5106364, 3.4322512], [-76.5108691, 3.4323268], [-76.5111219, 3.4324654], [-76.5113459, 3.4326106], [-76.511539, 3.4327472], [-76.5117596, 3.4329209], [-76.5123216, 3.4333764], [-76.5125512, 3.4335648], [-76.5130122, 3.4339316], [-76.5132372, 3.4340884], [-76.5134506, 3.4342456], [-76.5138497, 3.4345401], [-76.5142171, 3.43482], [-76.5144066, 3.4349761], [-76.5153344, 3.4335367], [-76.5158752, 3.4327554], [-76.5161572, 3.4325017], [-76.5163374, 3.4322848], [-76.5163836, 3.4320864], [-76.5164191, 3.4317742], [-76.5160732, 3.4317689]]]}}, {"type": "Feature", "properties": {"name": "El Recuerdo", "comuna": ""}, "geometry": {"type": "Polygon", "coordinates": [[[-76.5160732, 3.4317689], [-76.5164191, 3.4317742], [-76.5165315, 3.4307023], [-76.5166163, 3.4297796], [-76.5167117, 3.428745], [-76.515534, 3.42864], [-76.5151488, 3.4286108], [-76.5145148, 3.4285631], [-76.5144686, 3.4294397], [-76.5143915, 3.4305424], [-76.5143145, 3.4313375], [-76.5142363, 3.4317977], [-76.5142888, 3.4317968], [-76.5151804, 3.4317829], [-76.5156033, 3.4317763], [-76.5157998, 3.4317732], [-76.5160732, 3.4317689]]]}}, {"type": "Feature", "properties": {"name": "San Pedro Claver", "comuna": ""}, "geometry": {"type": "Polygon", "coordinates": [[[-76.5064308, 3.4240523], [-76.5064863, 3.4239308], [-76.5062976, 3.4238362], [-76.5057907, 3.4235563], [-76.5056597, 3.4234879], [-76.5052417, 3.4230424], [-76.5048043, 3.4225544], [-76.5047749, 3.4225829], [-76.5047258, 3.4226284], [-76.5039946, 3.4233569], [-76.503078, 3.4241907], [-76.5028594, 3.4244171], [-76.5027098, 3.4245566], [-76.5031028, 3.4248655], [-76.503434, 3.4251574], [-76.503441, 3.4251654], [-76.5036432, 3.425397], [-76.5040161, 3.4258656], [-76.504346, 3.4262618], [-76.5046129, 3.4265188], [-76.5048543, 3.4267223], [-76.5050024, 3.426836], [-76.5051347, 3.4265757], [-76.5052788, 3.4262877], [-76.5054051, 3.426037], [-76.5055376, 3.4257817], [-76.5056763, 3.4255176], [-76.5058211, 3.4252404], [-76.505964, 3.4249628], [-76.506246, 3.4244107], [-76.5064308, 3.4240523]]]}}, {"type": "Feature", "properties": {"name": "La Gran Colombia", "comuna": ""}, "geometry": {"type": "Polygon", "coordinates": [[[-76.5080732, 3.4194643], [-76.5080238, 3.4195085], [-76.5079777, 3.4195498], [-76.507908, 3.4196098], [-76.5075878, 3.4198427], [-76.5067399, 3.4206526], [-76.5065435, 3.4208796], [-76.5062101, 3.4211827], [-76.5061323, 3.4212671], [-76.5059124, 3.4214786], [-76.5054575, 3.4219251], [-76.5053384, 3.4221125], [-76.5049878, 3.4224534], [-76.5048902, 3.4224934], [-76.5048403, 3.4225205], [-76.5048043, 3.4225544], [-76.5052417, 3.4230424], [-76.5056597, 3.4234879], [-76.5057907, 3.4235563], [-76.5062976, 3.4238362], [-76.5064863, 3.4239308], [-76.5070779, 3.4227851], [-76.5077928, 3.4214225], [-76.5084043, 3.4201299], [-76.5084578, 3.4200616], [-76.5085309, 3.4200104], [-76.5080732, 3.4194643]]]}}, {"type": "Feature", "properties": {"name": "Primavera", "comuna": ""}, "geometry": {"type": "Polygon", "coordinates": [[[-76.5064863, 3.4239308], [-76.5070594, 3.424223], [-76.5073429, 3.4242753], [-76.5082596, 3.4243768], [-76.5094044, 3.4245045], [-76.5097973, 3.42455], [-76.5098048, 3.4244727], [-76.5098105, 3.4244152], [-76.5098465, 3.4240489], [-76.5098561, 3.4239513], [-76.5098885, 3.4236219], [-76.5099208, 3.4232938], [-76.5099297, 3.4232031], [-76.5099519, 3.4229774], [-76.5099674, 3.4228202], [-76.509985, 3.4226413], [-76.5100151, 3.4223354], [-76.5100987, 3.4214851], [-76.5101125, 3.4213448], [-76.5101461, 3.4210032], [-76.5101603, 3.4208594], [-76.5101792, 3.4206671], [-76.5102123, 3.4203301], [-76.5102434, 3.4200139], [-76.5102481, 3.4199665], [-76.5102502, 3.4198907], [-76.5095399, 3.4199284], [-76.509124, 3.4199484], [-76.5086069, 3.4199712], [-76.5085847, 3.4199872], [-76.5085309, 3.4200104], [-76.5084578, 3.4200616], [-76.5084043, 3.4201299], [-76.5077928, 3.4214225], [-76.5070779, 3.4227851], [-76.5064863, 3.4239308]]]}}, {"type": "Feature", "properties": {"name": "Jos\u00e9 Mar\u00eda C\u00f3rdoba", "comuna": ""}, "geometry": {"type": "Polygon", "coordinates": [[[-76.5098048, 3.4244727], [-76.5097973, 3.42455], [-76.5106747, 3.4246256], [-76.5106991, 3.4245632], [-76.5107045, 3.4245075], [-76.5107403, 3.4241383], [-76.5107795, 3.423706], [-76.5108222, 3.4232918], [-76.5108596, 3.4229059], [-76.5109061, 3.4224251], [-76.5109481, 3.4219914], [-76.5109875, 3.421584], [-76.5110308, 3.4211369], [-76.5110712, 3.4207192], [-76.5111033, 3.4203882], [-76.5111438, 3.4199701], [-76.5111487, 3.4199196], [-76.5111687, 3.4198265], [-76.5106908, 3.4198645], [-76.5102502, 3.4198907], [-76.5102481, 3.4199665], [-76.5102434, 3.4200139], [-76.5102123, 3.4203301], [-76.5101792, 3.4206671], [-76.5101603, 3.4208594], [-76.5101461, 3.4210032], [-76.5101125, 3.4213448], [-76.5100987, 3.4214851], [-76.5100151, 3.4223354], [-76.509985, 3.4226413], [-76.5099674, 3.4228202], [-76.5099519, 3.4229774], [-76.5099297, 3.4232031], [-76.5099208, 3.4232938], [-76.5098885, 3.4236219], [-76.5098561, 3.4239513], [-76.5098465, 3.4240489], [-76.5098105, 3.4244152], [-76.5098048, 3.4244727]]]}}, {"type": "Feature", "properties": {"name": "San Carlos", "comuna": ""}, "geometry": {"type": "Polygon", "coordinates": [[[-76.5106747, 3.4246256], [-76.5123147, 3.4247675], [-76.5133685, 3.4248705], [-76.5145225, 3.4249751], [-76.5154826, 3.4251037], [-76.5154916, 3.4250112], [-76.5154983, 3.4249431], [-76.5155311, 3.4246076], [-76.515575, 3.424159], [-76.515583, 3.4240767], [-76.515611, 3.4237906], [-76.515623, 3.4236683], [-76.5156536, 3.4233559], [-76.5156764, 3.4231225], [-76.5157303, 3.4225719], [-76.5157799, 3.4220651], [-76.5157845, 3.4220178], [-76.5158256, 3.4215982], [-76.5158351, 3.4215011], [-76.5158625, 3.4212203], [-76.5158804, 3.4210373], [-76.5159068, 3.4207676], [-76.5159268, 3.4205635], [-76.5159703, 3.4201185], [-76.5160124, 3.4196886], [-76.5160178, 3.4196332], [-76.5160271, 3.4195389], [-76.5158614, 3.4195442], [-76.5141669, 3.4196459], [-76.5114223, 3.4198124], [-76.5111687, 3.4198265], [-76.5111487, 3.4199196], [-76.5111438, 3.4199701], [-76.5111033, 3.4203882], [-76.5110712, 3.4207192], [-76.5110308, 3.4211369], [-76.5109875, 3.421584], [-76.5109481, 3.4219914], [-76.5109061, 3.4224251], [-76.5108596, 3.4229059], [-76.5108222, 3.4232918], [-76.5107795, 3.423706], [-76.5107403, 3.4241383], [-76.5107045, 3.4245075], [-76.5106991, 3.4245632], [-76.5106747, 3.4246256]]]}}, {"type": "Feature", "properties": {"name": "Sindical", "comuna": ""}, "geometry": {"type": "Polygon", "coordinates": [[[-76.4982797, 3.430247], [-76.4983116, 3.4302644], [-76.4989751, 3.4306048], [-76.4995626, 3.4309062], [-76.500199, 3.4312327], [-76.5008411, 3.4315621], [-76.5014685, 3.4318841], [-76.5020871, 3.4322014], [-76.5021246, 3.4322207], [-76.5022092, 3.4322494], [-76.5017794, 3.4330047], [-76.5017173, 3.4331151], [-76.5018055, 3.4331611], [-76.501841, 3.4331797], [-76.5021747, 3.4333472], [-76.502242, 3.4332798], [-76.5022642, 3.4332563], [-76.5029196, 3.4326047], [-76.5032907, 3.4322353], [-76.5034592, 3.4320803], [-76.5036944, 3.4318368], [-76.5040822, 3.4314385], [-76.5045911, 3.4309788], [-76.5046552, 3.4309257], [-76.5037445, 3.4305336], [-76.5033282, 3.4303787], [-76.5032867, 3.4303567], [-76.5032168, 3.4303229], [-76.5030163, 3.4302222], [-76.5018318, 3.4296089], [-76.501042, 3.4291961], [-76.5005491, 3.4289425], [-76.4997649, 3.4285282], [-76.4991046, 3.4281825], [-76.4990111, 3.428282], [-76.4987021, 3.4287406], [-76.498442, 3.4290617], [-76.4979554, 3.4300697], [-76.4981543, 3.4301784], [-76.4982008, 3.4302038], [-76.4982797, 3.430247]]]}}, {"type": "Feature", "properties": {"name": "Julio Rinc\u00f3n", "comuna": ""}, "geometry": {"type": "Polygon", "coordinates": [[[-76.503441, 3.4251654], [-76.503434, 3.4251574], [-76.5031028, 3.4248655], [-76.5027098, 3.4245566], [-76.5025198, 3.4247337], [-76.5023565, 3.4248849], [-76.5018143, 3.4253971], [-76.5017147, 3.4255217], [-76.5013894, 3.42585], [-76.4997734, 3.4274806], [-76.4994349, 3.4278147], [-76.4991046, 3.4281825], [-76.4997649, 3.4285282], [-76.5005491, 3.4289425], [-76.501042, 3.4291961], [-76.5010792, 3.4291206], [-76.5017233, 3.4278363], [-76.5023398, 3.4266198], [-76.5026037, 3.4260959], [-76.5032988, 3.4252812], [-76.5033266, 3.4252503], [-76.503441, 3.4251654]]]}}, {"type": "Feature", "properties": {"name": "Doce de Octubre", "comuna": ""}, "geometry": {"type": "Polygon", "coordinates": [[[-76.5033266, 3.4252503], [-76.5032988, 3.4252812], [-76.5026037, 3.4260959], [-76.5023398, 3.4266198], [-76.5017233, 3.4278363], [-76.5010792, 3.4291206], [-76.501042, 3.4291961], [-76.5018318, 3.4296089], [-76.5030163, 3.4302222], [-76.5032168, 3.4303229], [-76.503316, 3.4301241], [-76.5034381, 3.4298818], [-76.5036923, 3.4293855], [-76.503856, 3.429069], [-76.5039812, 3.4288284], [-76.5041217, 3.4285569], [-76.5044022, 3.4280206], [-76.5045551, 3.4277191], [-76.5047211, 3.4273954], [-76.5048828, 3.4270782], [-76.5050024, 3.426836], [-76.5048543, 3.4267223], [-76.5046129, 3.4265188], [-76.504346, 3.4262618], [-76.5040161, 3.4258656], [-76.5036432, 3.425397], [-76.503441, 3.4251654], [-76.5033266, 3.4252503]]]}}, {"type": "Feature", "properties": {"name": "Eduardo Santos", "comuna": ""}, "geometry": {"type": "Polygon", "coordinates": [[[-76.5060021, 3.4279459], [-76.5059198, 3.4277739], [-76.5057018, 3.427468], [-76.5054832, 3.4272525], [-76.5050688, 3.426887], [-76.5050024, 3.426836], [-76.5048828, 3.4270782], [-76.5047211, 3.4273954], [-76.5045551, 3.4277191], [-76.5044022, 3.4280206], [-76.5041217, 3.4285569], [-76.5039812, 3.4288284], [-76.503856, 3.429069], [-76.5036923, 3.4293855], [-76.5034381, 3.4298818], [-76.503316, 3.4301241], [-76.5032168, 3.4303229], [-76.5032867, 3.4303567], [-76.5033282, 3.4303787], [-76.5037445, 3.4305336], [-76.5046552, 3.4309257], [-76.5047192, 3.4308727], [-76.5048374, 3.430772], [-76.5055954, 3.4303396], [-76.5057539, 3.4303054], [-76.5059638, 3.4302527], [-76.5060425, 3.4302445], [-76.5061364, 3.4302391], [-76.5062799, 3.4302351], [-76.506368, 3.4302342], [-76.5068131, 3.430297], [-76.5070389, 3.4303301], [-76.5071087, 3.4303355], [-76.5071459, 3.4303309], [-76.5071851, 3.4303221], [-76.5072276, 3.4303047], [-76.5074067, 3.4301762], [-76.507431, 3.4301587], [-76.5074679, 3.4301223], [-76.5073942, 3.4300269], [-76.5068767, 3.42933], [-76.5066141, 3.4289476], [-76.506421, 3.4286852], [-76.5062984, 3.4284849], [-76.5060127, 3.4279691], [-76.5060021, 3.4279459]]]}}, {"type": "Feature", "properties": {"name": "Nueva Floresta", "comuna": ""}, "geometry": {"type": "Polygon", "coordinates": [[[-76.4982797, 3.430247], [-76.4982008, 3.4302038], [-76.4981543, 3.4301784], [-76.4979554, 3.4300697], [-76.4975984, 3.4309128], [-76.4974616, 3.431149], [-76.4970504, 3.4318342], [-76.4966467, 3.4326357], [-76.4960175, 3.4338901], [-76.4959788, 3.433962], [-76.4959223, 3.4340668], [-76.4958659, 3.4341715], [-76.4958352, 3.4342288], [-76.4953512, 3.4351184], [-76.4943461, 3.437008], [-76.4941669, 3.4373155], [-76.4939813, 3.4376747], [-76.4935599, 3.4384883], [-76.4934669, 3.4386903], [-76.4932577, 3.4390561], [-76.49295, 3.4396806], [-76.4927991, 3.4399888], [-76.4918812, 3.441828], [-76.4916753, 3.4422212], [-76.4916337, 3.4425618], [-76.4915214, 3.4428507], [-76.4910704, 3.4437693], [-76.4918429, 3.4435618], [-76.4932718, 3.4430641], [-76.4932071, 3.4428686], [-76.4931953, 3.4428329], [-76.4930202, 3.4422904], [-76.4935357, 3.4421184], [-76.494081, 3.4419193], [-76.4945973, 3.4417331], [-76.4956764, 3.4413701], [-76.4955067, 3.4408721], [-76.4953454, 3.4404124], [-76.496173, 3.4401225], [-76.4969429, 3.4398526], [-76.4975078, 3.4396547], [-76.4976486, 3.4400561], [-76.4976712, 3.4401238], [-76.4977709, 3.4404242], [-76.4977465, 3.4406325], [-76.4977337, 3.4407095], [-76.4976529, 3.4412308], [-76.4976422, 3.4413001], [-76.4975939, 3.4418023], [-76.4975824, 3.4418739], [-76.4975466, 3.4421927], [-76.4974828, 3.4429043], [-76.49817, 3.4429813], [-76.4981969, 3.4427812], [-76.499552, 3.4429407], [-76.4996677, 3.4429952], [-76.5003952, 3.4430658], [-76.5009938, 3.4431239], [-76.5014968, 3.4431727], [-76.5019811, 3.4432197], [-76.5025363, 3.4432844], [-76.5026069, 3.4432928], [-76.5024952, 3.4429643], [-76.5023025, 3.4424172], [-76.5021226, 3.4419064], [-76.5019499, 3.4414169], [-76.5016028, 3.4404318], [-76.5015807, 3.4403693], [-76.5015511, 3.4401762], [-76.5011684, 3.4390986], [-76.5008913, 3.4391977], [-76.5009322, 3.4393139], [-76.5009483, 3.4393077], [-76.5009907, 3.4394284], [-76.5007892, 3.4395003], [-76.5007443, 3.4393759], [-76.5002914, 3.4395258], [-76.5001985, 3.4392455], [-76.5000387, 3.4387636], [-76.4992748, 3.4390289], [-76.499095, 3.4385148], [-76.4982972, 3.4387994], [-76.4981051, 3.4382545], [-76.4979042, 3.4376845], [-76.4987099, 3.4374135], [-76.4986095, 3.4371264], [-76.4990664, 3.4369632], [-76.499081, 3.4370093], [-76.4991735, 3.4369762], [-76.4991896, 3.4370254], [-76.4994043, 3.4369515], [-76.499476, 3.4371559], [-76.4999067, 3.4370111], [-76.5003332, 3.4368418], [-76.5002581, 3.4366594], [-76.5002073, 3.4364749], [-76.5001926, 3.4363434], [-76.5002111, 3.436225], [-76.5002412, 3.4361058], [-76.5003036, 3.435972], [-76.5004499, 3.4356844], [-76.500708, 3.4351815], [-76.5009352, 3.4346986], [-76.5011717, 3.4342095], [-76.5014221, 3.4337051], [-76.5016432, 3.4332564], [-76.5017173, 3.4331151], [-76.5017794, 3.4330047], [-76.5022092, 3.4322494], [-76.5021246, 3.4322207], [-76.5020871, 3.4322014], [-76.5014685, 3.4318841], [-76.5008411, 3.4315621], [-76.500199, 3.4312327], [-76.4995626, 3.4309062], [-76.4989751, 3.4306048], [-76.4983116, 3.4302644], [-76.4982797, 3.430247]]]}}, {"type": "Feature", "properties": {"name": "Fenalco Kennedy", "comuna": ""}, "geometry": {"type": "Polygon", "coordinates": [[[-76.5005547, 3.4374084], [-76.5005139, 3.4373015], [-76.5004129, 3.4370354], [-76.5003332, 3.4368418], [-76.4999067, 3.4370111], [-76.499476, 3.4371559], [-76.4994043, 3.4369515], [-76.4991896, 3.4370254], [-76.4991735, 3.4369762], [-76.499081, 3.4370093], [-76.4990664, 3.4369632], [-76.4986095, 3.4371264], [-76.4987099, 3.4374135], [-76.4979042, 3.4376845], [-76.4981051, 3.4382545], [-76.4982972, 3.4387994], [-76.499095, 3.4385148], [-76.4992748, 3.4390289], [-76.5000387, 3.4387636], [-76.5001985, 3.4392455], [-76.5002914, 3.4395258], [-76.5007443, 3.4393759], [-76.5007892, 3.4395003], [-76.5009907, 3.4394284], [-76.5009483, 3.4393077], [-76.5009322, 3.4393139], [-76.5008913, 3.4391977], [-76.5011684, 3.4390986], [-76.5010693, 3.4388194], [-76.5005547, 3.4374084]]]}}, {"type": "Feature", "properties": {"name": "Asturias", "comuna": ""}, "geometry": {"type": "Polygon", "coordinates": [[[-76.5026602, 3.439784], [-76.5029459, 3.4396849], [-76.505105, 3.43893], [-76.505012, 3.4386846], [-76.5048476, 3.4382351], [-76.5047564, 3.4379661], [-76.5046062, 3.4375323], [-76.504463, 3.4370829], [-76.5043071, 3.4365852], [-76.5041498, 3.4360715], [-76.5041021, 3.4360762], [-76.5030277, 3.4364587], [-76.5019967, 3.4368565], [-76.5006544, 3.4373681], [-76.5006148, 3.4373832], [-76.5005547, 3.4374084], [-76.5010693, 3.4388194], [-76.5011684, 3.4390986], [-76.5015511, 3.4401762], [-76.5026602, 3.439784]]]}}, {"type": "Feature", "properties": {"name": "El Rodeo", "comuna": ""}, "geometry": {"type": "Polygon", "coordinates": [[[-76.5079345, 3.4359582], [-76.507798, 3.4354557], [-76.5076757, 3.4350065], [-76.5074874, 3.4343085], [-76.5073043, 3.4336423], [-76.5071993, 3.4332558], [-76.5071881, 3.4332152], [-76.5071764, 3.4331625], [-76.5063878, 3.4333676], [-76.5056673, 3.433555], [-76.5056165, 3.43357], [-76.5055532, 3.4335853], [-76.5055164, 3.4335937], [-76.5054454, 3.4336129], [-76.5053973, 3.4336254], [-76.5049421, 3.4337419], [-76.5039402, 3.434004], [-76.5038183, 3.4340355], [-76.5037163, 3.4340537], [-76.5036194, 3.4340491], [-76.5035235, 3.434023], [-76.503446, 3.433983], [-76.5031529, 3.4338365], [-76.5027939, 3.4336569], [-76.5021747, 3.4333472], [-76.501841, 3.4331797], [-76.5018055, 3.4331611], [-76.5017173, 3.4331151], [-76.5016432, 3.4332564], [-76.5014221, 3.4337051], [-76.5011717, 3.4342095], [-76.5009352, 3.4346986], [-76.500708, 3.4351815], [-76.5004499, 3.4356844], [-76.5003036, 3.435972], [-76.5002412, 3.4361058], [-76.5002111, 3.436225], [-76.5001926, 3.4363434], [-76.5002073, 3.4364749], [-76.5002581, 3.4366594], [-76.5003332, 3.4368418], [-76.5004129, 3.4370354], [-76.5005139, 3.4373015], [-76.5005547, 3.4374084], [-76.5006148, 3.4373832], [-76.5006544, 3.4373681], [-76.5019967, 3.4368565], [-76.5030277, 3.4364587], [-76.5041021, 3.4360762], [-76.5041498, 3.4360715], [-76.5043071, 3.4365852], [-76.504463, 3.4370829], [-76.5046062, 3.4375323], [-76.5047564, 3.4379661], [-76.5048476, 3.4382351], [-76.505012, 3.4386846], [-76.505105, 3.43893], [-76.5080729, 3.4379005], [-76.5084405, 3.4377964], [-76.5084066, 3.4376573], [-76.50838, 3.4375722], [-76.5083644, 3.4375171], [-76.5082352, 3.4370619], [-76.5080945, 3.4365449], [-76.5079345, 3.4359582]]]}}, {"type": "Feature", "properties": {"name": "Bello Horizonte", "comuna": ""}, "geometry": {"type": "Polygon", "coordinates": [[[-76.502242, 3.4332798], [-76.5021747, 3.4333472], [-76.5027939, 3.4336569], [-76.5031529, 3.4338365], [-76.503446, 3.433983], [-76.5035235, 3.434023], [-76.5036194, 3.4340491], [-76.5037163, 3.4340537], [-76.5038183, 3.4340355], [-76.5039402, 3.434004], [-76.5049421, 3.4337419], [-76.5049317, 3.4337106], [-76.5049176, 3.4336677], [-76.5049066, 3.4336342], [-76.5045577, 3.432575], [-76.5043606, 3.4319766], [-76.5038825, 3.4324681], [-76.5034592, 3.4320803], [-76.5032907, 3.4322353], [-76.5029196, 3.4326047], [-76.5022642, 3.4332563], [-76.502242, 3.4332798]]]}}, {"type": "Feature", "properties": {"name": "El Para\u00edso", "comuna": ""}, "geometry": {"type": "Polygon", "coordinates": [[[-76.5084108, 3.4311935], [-76.5080518, 3.4307896], [-76.5075793, 3.4302645], [-76.5074679, 3.4301223], [-76.507431, 3.4301587], [-76.5074067, 3.4301762], [-76.5072276, 3.4303047], [-76.5071851, 3.4303221], [-76.5071459, 3.4303309], [-76.5071087, 3.4303355], [-76.5070389, 3.4303301], [-76.5068131, 3.430297], [-76.506368, 3.4302342], [-76.5062799, 3.4302351], [-76.5061364, 3.4302391], [-76.5060425, 3.4302445], [-76.5059638, 3.4302527], [-76.5057539, 3.4303054], [-76.5055954, 3.4303396], [-76.5048374, 3.430772], [-76.5047192, 3.4308727], [-76.5046552, 3.4309257], [-76.5045911, 3.4309788], [-76.5040822, 3.4314385], [-76.5036944, 3.4318368], [-76.5034592, 3.4320803], [-76.5038825, 3.4324681], [-76.5043606, 3.4319766], [-76.5045577, 3.432575], [-76.5049066, 3.4336342], [-76.5049176, 3.4336677], [-76.5049317, 3.4337106], [-76.5049421, 3.4337419], [-76.5053973, 3.4336254], [-76.5054454, 3.4336129], [-76.5055164, 3.4335937], [-76.5055532, 3.4335853], [-76.5056165, 3.43357], [-76.5056673, 3.433555], [-76.5063878, 3.4333676], [-76.5071764, 3.4331625], [-76.5075827, 3.4330571], [-76.5088788, 3.4327211], [-76.5089185, 3.4327108], [-76.5089603, 3.432699], [-76.5094014, 3.4325837], [-76.5094402, 3.4325966], [-76.5094856, 3.4326062], [-76.5094383, 3.4325434], [-76.5093996, 3.4324921], [-76.5092486, 3.4323132], [-76.5086829, 3.4316055], [-76.5085446, 3.4314167], [-76.5084578, 3.4312968], [-76.5084108, 3.4311935]]]}}, {"type": "Feature", "properties": {"name": "Villanueva", "comuna": ""}, "geometry": {"type": "Polygon", "coordinates": [[[-76.5108971, 3.434007], [-76.5114377, 3.4333362], [-76.5117596, 3.4329209], [-76.511539, 3.4327472], [-76.5113459, 3.4326106], [-76.5111219, 3.4324654], [-76.5108691, 3.4323268], [-76.5106364, 3.4322512], [-76.5102421, 3.4321227], [-76.5099538, 3.432033], [-76.5097815, 3.4319816], [-76.5097931, 3.4319639], [-76.5098077, 3.4319318], [-76.5098237, 3.4319025], [-76.5098636, 3.4318259], [-76.5099075, 3.4317396], [-76.5099353, 3.4316848], [-76.5100678, 3.4314252], [-76.5103999, 3.4307628], [-76.5098126, 3.4303249], [-76.5096769, 3.4301969], [-76.5092658, 3.4298491], [-76.5089319, 3.4294917], [-76.5086306, 3.4291256], [-76.5079271, 3.4282625], [-76.5078502, 3.4281824], [-76.5077674, 3.4280956], [-76.5076492, 3.4279488], [-76.5076395, 3.4279284], [-76.5073724, 3.4272868], [-76.5071031, 3.4274545], [-76.5065698, 3.4276989], [-76.5061173, 3.4279012], [-76.5060651, 3.4279252], [-76.5060021, 3.4279459], [-76.5060127, 3.4279691], [-76.5062984, 3.4284849], [-76.506421, 3.4286852], [-76.5066141, 3.4289476], [-76.5068767, 3.42933], [-76.5073942, 3.4300269], [-76.5074679, 3.4301223], [-76.5075793, 3.4302645], [-76.5080518, 3.4307896], [-76.5084108, 3.4311935], [-76.5084578, 3.4312968], [-76.5085446, 3.4314167], [-76.5086829, 3.4316055], [-76.5092486, 3.4323132], [-76.5093996, 3.4324921], [-76.5094383, 3.4325434], [-76.5094856, 3.4326062], [-76.5095498, 3.4326962], [-76.5096237, 3.4327259], [-76.5108359, 3.4339457], [-76.5108971, 3.434007]]]}}, {"type": "Feature", "properties": {"name": "Alfonso Barbarena A.", "comuna": ""}, "geometry": {"type": "Polygon", "coordinates": [[[-76.5094856, 3.4326062], [-76.5094402, 3.4325966], [-76.5094014, 3.4325837], [-76.5089603, 3.432699], [-76.5089185, 3.4327108], [-76.5088788, 3.4327211], [-76.5075827, 3.4330571], [-76.5071764, 3.4331625], [-76.5071881, 3.4332152], [-76.5071993, 3.4332558], [-76.5073043, 3.4336423], [-76.5074874, 3.4343085], [-76.5076757, 3.4350065], [-76.507798, 3.4354557], [-76.5079345, 3.4359582], [-76.5085657, 3.4358012], [-76.5094597, 3.4355717], [-76.5097275, 3.435503], [-76.5095776, 3.4350122], [-76.5095371, 3.434876], [-76.5109704, 3.4345097], [-76.511045, 3.434482], [-76.5111716, 3.4344416], [-76.5112119, 3.4344311], [-76.5112806, 3.4343882], [-76.5112597, 3.4343674], [-76.5109339, 3.4340443], [-76.5108971, 3.434007], [-76.5108359, 3.4339457], [-76.5096237, 3.4327259], [-76.5095498, 3.4326962], [-76.5094856, 3.4326062]]]}}, {"type": "Feature", "properties": {"name": "Los Lagos", "comuna": ""}, "geometry": {"type": "Polygon", "coordinates": [[[-76.4848043, 3.4263314], [-76.4846259, 3.4262308], [-76.484581, 3.4263373], [-76.4843528, 3.426879], [-76.4841121, 3.427424], [-76.4839987, 3.4276808], [-76.483819, 3.4282766], [-76.4837976, 3.4288991], [-76.4838351, 3.4302686], [-76.4838633, 3.4315256], [-76.483867, 3.4317497], [-76.4840756, 3.431745], [-76.4841263, 3.4317441], [-76.4851452, 3.4317264], [-76.4852834, 3.4317032], [-76.4857362, 3.4316985], [-76.4858119, 3.4316977], [-76.486214, 3.4316935], [-76.4865856, 3.4316896], [-76.4867084, 3.4316883], [-76.4868178, 3.4317362], [-76.4869387, 3.4320416], [-76.4870868, 3.4324155], [-76.4871425, 3.4325562], [-76.487217, 3.4324987], [-76.4876559, 3.4321642], [-76.4879805, 3.4318645], [-76.4883719, 3.4312248], [-76.4884078, 3.4311662], [-76.4887661, 3.43038], [-76.488934, 3.4300571], [-76.4891593, 3.4296329], [-76.4895911, 3.4288098], [-76.4892544, 3.4286462], [-76.488966, 3.4285061], [-76.4887738, 3.4284127], [-76.4886735, 3.428364], [-76.4884686, 3.4282644], [-76.4883648, 3.428214], [-76.4880264, 3.4280496], [-76.4877054, 3.4278936], [-76.4873441, 3.4277123], [-76.4873244, 3.4276942], [-76.4872662, 3.4276526], [-76.4864402, 3.4271935], [-76.4855449, 3.4267191], [-76.4848655, 3.4263607], [-76.4848043, 3.4263314]]]}}, {"type": "Feature", "properties": {"name": "Marroqu\u00edn III", "comuna": ""}, "geometry": {"type": "Polygon", "coordinates": [[[-76.4840756, 3.431745], [-76.483867, 3.4317497], [-76.483878, 3.4324132], [-76.4838968, 3.4341026], [-76.4839058, 3.4346186], [-76.4841382, 3.4346166], [-76.4841991, 3.4346161], [-76.4846331, 3.4346113], [-76.4848303, 3.4346059], [-76.4849106, 3.4345977], [-76.484997, 3.4345672], [-76.485049, 3.434522], [-76.4850323, 3.4342561], [-76.4854351, 3.4342592], [-76.4856416, 3.4342405], [-76.4859195, 3.4341534], [-76.4857163, 3.4338734], [-76.4858191, 3.4338712], [-76.4866413, 3.4338544], [-76.4866316, 3.4337228], [-76.4870637, 3.4337151], [-76.4870574, 3.4334959], [-76.4872463, 3.4335016], [-76.4874045, 3.4334418], [-76.4874097, 3.4331377], [-76.4872298, 3.4327502], [-76.4871425, 3.4325562], [-76.4870868, 3.4324155], [-76.4869387, 3.4320416], [-76.4868178, 3.4317362], [-76.4867084, 3.4316883], [-76.4865856, 3.4316896], [-76.486214, 3.4316935], [-76.4858119, 3.4316977], [-76.4857362, 3.4316985], [-76.4852834, 3.4317032], [-76.4851452, 3.4317264], [-76.4841263, 3.4317441], [-76.4840756, 3.431745]]]}}, {"type": "Feature", "properties": {"name": "Sector Laguna del Pondaje", "comuna": ""}, "geometry": {"type": "Polygon", "coordinates": [[[-76.4903718, 3.4357942], [-76.4906212, 3.435524], [-76.490758, 3.4352842], [-76.4908053, 3.4351205], [-76.4908388, 3.4349712], [-76.4908595, 3.4348148], [-76.4908577, 3.4346798], [-76.4908448, 3.4345362], [-76.49082, 3.4344414], [-76.4907575, 3.4343029], [-76.4906654, 3.4340996], [-76.4905501, 3.4338872], [-76.490412, 3.4336616], [-76.4903789, 3.4336074], [-76.4907644, 3.4333827], [-76.491013, 3.4332383], [-76.4912769, 3.4330851], [-76.4915148, 3.432947], [-76.4917142, 3.43282], [-76.4920476, 3.4326376], [-76.4922511, 3.4325086], [-76.4925038, 3.4323485], [-76.4925532, 3.4323195], [-76.4933219, 3.4319412], [-76.4934031, 3.4318983], [-76.4931, 3.4313129], [-76.492715, 3.4305431], [-76.4931445, 3.43054], [-76.4941207, 3.4301402], [-76.4941807, 3.4301156], [-76.4942578, 3.4300896], [-76.4944124, 3.4299941], [-76.4945629, 3.429851], [-76.494625, 3.4297356], [-76.4948455, 3.4293262], [-76.4949223, 3.4290502], [-76.4948696, 3.4287517], [-76.4948591, 3.4286959], [-76.4948466, 3.4286296], [-76.4948188, 3.4283368], [-76.4943841, 3.4287194], [-76.4942366, 3.4285729], [-76.4933293, 3.4277804], [-76.4930159, 3.4275028], [-76.4929355, 3.4274281], [-76.4925887, 3.4271335], [-76.4923208, 3.4268995], [-76.4920921, 3.4267023], [-76.4918445, 3.4264835], [-76.4916013, 3.4262711], [-76.4913522, 3.4260535], [-76.4910789, 3.4258148], [-76.4908258, 3.4260875], [-76.490595, 3.4263345], [-76.490377, 3.4265664], [-76.4902124, 3.4267408], [-76.4901838, 3.4267814], [-76.4900545, 3.426982], [-76.4897067, 3.4277853], [-76.4896286, 3.4284463], [-76.4895911, 3.4288098], [-76.4891593, 3.4296329], [-76.488934, 3.4300571], [-76.4887661, 3.43038], [-76.4884078, 3.4311662], [-76.4883719, 3.4312248], [-76.4879805, 3.4318645], [-76.4876559, 3.4321642], [-76.487217, 3.4324987], [-76.4871425, 3.4325562], [-76.4872298, 3.4327502], [-76.4874097, 3.4331377], [-76.4874045, 3.4334418], [-76.4872463, 3.4335016], [-76.4870574, 3.4334959], [-76.4870637, 3.4337151], [-76.4866316, 3.4337228], [-76.4866413, 3.4338544], [-76.4858191, 3.4338712], [-76.4857163, 3.4338734], [-76.4859195, 3.4341534], [-76.4856416, 3.4342405], [-76.4854351, 3.4342592], [-76.4850323, 3.4342561], [-76.485049, 3.434522], [-76.484997, 3.4345672], [-76.4849106, 3.4345977], [-76.4848303, 3.4346059], [-76.4846331, 3.4346113], [-76.4841991, 3.4346161], [-76.4841382, 3.4346166], [-76.4839058, 3.4346186], [-76.483921, 3.4354868], [-76.4839666, 3.4375189], [-76.4840081, 3.4385765], [-76.4840604, 3.4401803], [-76.4840768, 3.4405002], [-76.4843082, 3.4405159], [-76.4843678, 3.440515], [-76.4849156, 3.4405068], [-76.4850006, 3.4404815], [-76.4850676, 3.4404574], [-76.4851506, 3.4404091], [-76.4852236, 3.4403424], [-76.4854655, 3.4401083], [-76.4858388, 3.4397969], [-76.485942, 3.4396863], [-76.486056, 3.4395185], [-76.486217, 3.439232], [-76.4864675, 3.4387604], [-76.4865076, 3.4386236], [-76.4865764, 3.4382697], [-76.486666, 3.4380588], [-76.4867615, 3.4379227], [-76.4868956, 3.4377755], [-76.4871504, 3.4375666], [-76.48749, 3.4374082], [-76.4876982, 3.4373587], [-76.4879631, 3.4372052], [-76.4889364, 3.4368052], [-76.4891421, 3.4367447], [-76.4894343, 3.436568], [-76.4901742, 3.4359774], [-76.4903718, 3.4357942]]]}}, {"type": "Feature", "properties": {"name": "Villa Blanca", "comuna": ""}, "geometry": {"type": "Polygon", "coordinates": [[[-76.4948539, 3.4311609], [-76.4950815, 3.4307645], [-76.4951731, 3.4305902], [-76.4953271, 3.4302976], [-76.4954625, 3.4300403], [-76.4956271, 3.4297273], [-76.4957624, 3.4294703], [-76.4957844, 3.4294284], [-76.495888, 3.4292315], [-76.4960158, 3.4289886], [-76.4961434, 3.428746], [-76.4962907, 3.428466], [-76.4964177, 3.4282246], [-76.496544, 3.4279839], [-76.4968351, 3.4273984], [-76.4969467, 3.427137], [-76.496588, 3.4271335], [-76.4963798, 3.4271802], [-76.4961317, 3.427298], [-76.4956543, 3.4276634], [-76.4952493, 3.427966], [-76.4948188, 3.4283368], [-76.4948466, 3.4286296], [-76.4948591, 3.4286959], [-76.4948696, 3.4287517], [-76.4949223, 3.4290502], [-76.4948455, 3.4293262], [-76.494625, 3.4297356], [-76.4945629, 3.429851], [-76.4944124, 3.4299941], [-76.4942578, 3.4300896], [-76.4941807, 3.4301156], [-76.4941207, 3.4301402], [-76.4931445, 3.43054], [-76.492715, 3.4305431], [-76.4931, 3.4313129], [-76.4934031, 3.4318983], [-76.4937362, 3.4317371], [-76.4944197, 3.4313986], [-76.4945912, 3.4313144], [-76.4947889, 3.4312124], [-76.4948539, 3.4311609]]]}}, {"type": "Feature", "properties": {"name": "El Pondaje", "comuna": ""}, "geometry": {"type": "Polygon", "coordinates": [[[-76.4959223, 3.4340668], [-76.4959788, 3.433962], [-76.4960175, 3.4338901], [-76.4966467, 3.4326357], [-76.4970504, 3.4318342], [-76.4974616, 3.431149], [-76.4975984, 3.4309128], [-76.4979554, 3.4300697], [-76.498442, 3.4290617], [-76.4987021, 3.4287406], [-76.4990111, 3.428282], [-76.4991046, 3.4281825], [-76.4986295, 3.4279372], [-76.4984433, 3.4278565], [-76.4979275, 3.427626], [-76.4974903, 3.4274345], [-76.4972395, 3.4272518], [-76.4969467, 3.427137], [-76.4968351, 3.4273984], [-76.496544, 3.4279839], [-76.4964177, 3.4282246], [-76.4962907, 3.428466], [-76.4961434, 3.428746], [-76.4960158, 3.4289886], [-76.495888, 3.4292315], [-76.4957844, 3.4294284], [-76.4957624, 3.4294703], [-76.4956271, 3.4297273], [-76.4954625, 3.4300403], [-76.4953271, 3.4302976], [-76.4951731, 3.4305902], [-76.4950815, 3.4307645], [-76.4948539, 3.4311609], [-76.4947889, 3.4312124], [-76.4945912, 3.4313144], [-76.4946649, 3.4314683], [-76.4948209, 3.4317884], [-76.4949953, 3.4321357], [-76.4951669, 3.4324762], [-76.495333, 3.4328082], [-76.4955092, 3.4331629], [-76.4956827, 3.4335009], [-76.4957257, 3.4335817], [-76.4957539, 3.4336305], [-76.4957372, 3.4336633], [-76.495701, 3.4337342], [-76.4956691, 3.4338043], [-76.4956117, 3.4339148], [-76.495692, 3.4339533], [-76.4957307, 3.433973], [-76.4959223, 3.4340668]]]}}, {"type": "Feature", "properties": {"name": "Ricardo Balc\u00e1zar", "comuna": ""}, "geometry": {"type": "Polygon", "coordinates": [[[-76.4921485, 3.435832], [-76.4923501, 3.4355607], [-76.4926009, 3.4352809], [-76.4928738, 3.4350272], [-76.4930418, 3.4348964], [-76.4932591, 3.4347733], [-76.493698, 3.4345761], [-76.494276, 3.4343187], [-76.494812, 3.4340799], [-76.494903, 3.4340394], [-76.4955488, 3.4337518], [-76.4955859, 3.4337579], [-76.4956242, 3.4337755], [-76.4956691, 3.4338043], [-76.495701, 3.4337342], [-76.4957372, 3.4336633], [-76.4957539, 3.4336305], [-76.4957257, 3.4335817], [-76.4956827, 3.4335009], [-76.4955092, 3.4331629], [-76.495333, 3.4328082], [-76.4951669, 3.4324762], [-76.4949953, 3.4321357], [-76.4948209, 3.4317884], [-76.4946649, 3.4314683], [-76.4945912, 3.4313144], [-76.4944197, 3.4313986], [-76.4937362, 3.4317371], [-76.4934031, 3.4318983], [-76.4933219, 3.4319412], [-76.4925532, 3.4323195], [-76.4925038, 3.4323485], [-76.4922511, 3.4325086], [-76.4920476, 3.4326376], [-76.4917142, 3.43282], [-76.4915148, 3.432947], [-76.4912769, 3.4330851], [-76.491013, 3.4332383], [-76.4907644, 3.4333827], [-76.490926, 3.4336715], [-76.4909656, 3.4337415], [-76.4910438, 3.4338799], [-76.4911647, 3.4340936], [-76.491286, 3.4343082], [-76.4913392, 3.4344022], [-76.4914048, 3.4345182], [-76.4915256, 3.4347299], [-76.4916491, 3.4349495], [-76.4917325, 3.4350841], [-76.4921485, 3.435832]]]}}, {"type": "Feature", "properties": {"name": "Villa del Lago", "comuna": ""}, "geometry": {"type": "Polygon", "coordinates": [[[-76.487474, 3.4407825], [-76.4877132, 3.4406478], [-76.4878223, 3.4405878], [-76.4880232, 3.4405209], [-76.4882328, 3.4404663], [-76.4884639, 3.4404404], [-76.4885805, 3.4404052], [-76.4886855, 3.4403304], [-76.4888319, 3.4402013], [-76.4889778, 3.4400399], [-76.4891035, 3.4398024], [-76.4891696, 3.4396176], [-76.4892962, 3.4394077], [-76.4893854, 3.4392247], [-76.4894809, 3.4390702], [-76.4896418, 3.438942], [-76.4898077, 3.4388675], [-76.4899967, 3.4388044], [-76.4902075, 3.4387727], [-76.4903998, 3.4387679], [-76.4905152, 3.4387385], [-76.4906563, 3.4386652], [-76.4909044, 3.4384265], [-76.4910912, 3.4382044], [-76.4912628, 3.4380076], [-76.491431, 3.4377888], [-76.4915693, 3.4375482], [-76.4916369, 3.4373938], [-76.4917411, 3.4370323], [-76.4918152, 3.4367273], [-76.4918667, 3.4364379], [-76.4919496, 3.4361918], [-76.4920624, 3.4359657], [-76.4921485, 3.435832], [-76.4917325, 3.4350841], [-76.4916491, 3.4349495], [-76.4915256, 3.4347299], [-76.4914048, 3.4345182], [-76.4913392, 3.4344022], [-76.491286, 3.4343082], [-76.4911647, 3.4340936], [-76.4910438, 3.4338799], [-76.4909656, 3.4337415], [-76.490926, 3.4336715], [-76.4907644, 3.4333827], [-76.4903789, 3.4336074], [-76.490412, 3.4336616], [-76.4905501, 3.4338872], [-76.4906654, 3.4340996], [-76.4907575, 3.4343029], [-76.49082, 3.4344414], [-76.4908448, 3.4345362], [-76.4908577, 3.4346798], [-76.4908595, 3.4348148], [-76.4908388, 3.4349712], [-76.4908053, 3.4351205], [-76.490758, 3.4352842], [-76.4906212, 3.435524], [-76.4903718, 3.4357942], [-76.4901742, 3.4359774], [-76.4894343, 3.436568], [-76.4891421, 3.4367447], [-76.4889364, 3.4368052], [-76.4879631, 3.4372052], [-76.4876982, 3.4373587], [-76.48749, 3.4374082], [-76.4871504, 3.4375666], [-76.4868956, 3.4377755], [-76.4867615, 3.4379227], [-76.486666, 3.4380588], [-76.4865764, 3.4382697], [-76.4865076, 3.4386236], [-76.4864675, 3.4387604], [-76.4867767, 3.4390165], [-76.4869259, 3.43922], [-76.4870287, 3.4394216], [-76.4871082, 3.439603], [-76.4871846, 3.439771], [-76.4872603, 3.4399428], [-76.4873452, 3.4401054], [-76.487418, 3.4402788], [-76.4874759, 3.4404776], [-76.487474, 3.4407825]]]}}, {"type": "Feature", "properties": {"name": "Charco Azul", "comuna": ""}, "geometry": {"type": "Polygon", "coordinates": [[[-76.4860943, 3.4420458], [-76.4861687, 3.442033], [-76.4862531, 3.4420424], [-76.4863165, 3.4420416], [-76.4863698, 3.4420276], [-76.4864141, 3.4419915], [-76.4865109, 3.4418747], [-76.4865956, 3.4416791], [-76.4868671, 3.4414265], [-76.4871837, 3.4410854], [-76.487372, 3.4408905], [-76.487474, 3.4407825], [-76.4874759, 3.4404776], [-76.487418, 3.4402788], [-76.4873452, 3.4401054], [-76.4872603, 3.4399428], [-76.4871846, 3.439771], [-76.4871082, 3.439603], [-76.4870287, 3.4394216], [-76.4869259, 3.43922], [-76.4867767, 3.4390165], [-76.4864675, 3.4387604], [-76.486217, 3.439232], [-76.486056, 3.4395185], [-76.485942, 3.4396863], [-76.4858388, 3.4397969], [-76.4854655, 3.4401083], [-76.4852236, 3.4403424], [-76.4851506, 3.4404091], [-76.4850676, 3.4404574], [-76.4850006, 3.4404815], [-76.4849156, 3.4405068], [-76.4843678, 3.440515], [-76.4843082, 3.4405159], [-76.4840768, 3.4405002], [-76.4841007, 3.4409687], [-76.4841248, 3.4421736], [-76.4841516, 3.4434413], [-76.484149, 3.4438616], [-76.4841353, 3.4439734], [-76.4841007, 3.4442565], [-76.4843422, 3.4441877], [-76.4843828, 3.4441741], [-76.4855159, 3.4437945], [-76.4864659, 3.4434691], [-76.4868862, 3.4432739], [-76.4867695, 3.4431521], [-76.4865133, 3.4429326], [-76.4862759, 3.4428201], [-76.4861016, 3.4428215], [-76.4859648, 3.4429018], [-76.4859268, 3.4427805], [-76.4857256, 3.4423904], [-76.4857716, 3.442303], [-76.4859457, 3.442152], [-76.4860943, 3.4420458]]]}}, {"type": "Feature", "properties": {"name": "Lleras Restrepo II", "comuna": ""}, "geometry": {"type": "Polygon", "coordinates": [[[-76.4891879, 3.4408117], [-76.489246, 3.4407349], [-76.4895506, 3.4403946], [-76.4897435, 3.4400265], [-76.4898856, 3.4396103], [-76.489917, 3.4395176], [-76.48996, 3.4394533], [-76.4900404, 3.4394266], [-76.4902144, 3.4394018], [-76.4903992, 3.4393703], [-76.4907349, 3.4392904], [-76.4908632, 3.4392523], [-76.490959, 3.4391944], [-76.4910408, 3.4391412], [-76.4913198, 3.4389011], [-76.491691, 3.4384048], [-76.4917489, 3.438334], [-76.4918068, 3.4382632], [-76.4919649, 3.438037], [-76.4920894, 3.4377976], [-76.4921987, 3.4372326], [-76.4923268, 3.4367798], [-76.4923994, 3.4366314], [-76.4924579, 3.4365435], [-76.492796, 3.4363105], [-76.4928378, 3.4362565], [-76.4929099, 3.4361468], [-76.493009, 3.4359806], [-76.4931853, 3.4357084], [-76.4933373, 3.4355514], [-76.4934979, 3.435439], [-76.4935814, 3.4354025], [-76.4938077, 3.4353109], [-76.4941588, 3.4351885], [-76.494342, 3.435121], [-76.4945939, 3.4350575], [-76.4949059, 3.435031], [-76.4950081, 3.4350206], [-76.4950793, 3.4350412], [-76.4951403, 3.4350588], [-76.4953512, 3.4351184], [-76.4958352, 3.4342288], [-76.4958659, 3.4341715], [-76.4959223, 3.4340668], [-76.4957307, 3.433973], [-76.495692, 3.4339533], [-76.4956117, 3.4339148], [-76.4956691, 3.4338043], [-76.4956242, 3.4337755], [-76.4955859, 3.4337579], [-76.4955488, 3.4337518], [-76.494903, 3.4340394], [-76.494812, 3.4340799], [-76.494276, 3.4343187], [-76.493698, 3.4345761], [-76.4932591, 3.4347733], [-76.4930418, 3.4348964], [-76.4928738, 3.4350272], [-76.4926009, 3.4352809], [-76.4923501, 3.4355607], [-76.4921485, 3.435832], [-76.4920624, 3.4359657], [-76.4919496, 3.4361918], [-76.4918667, 3.4364379], [-76.4918152, 3.4367273], [-76.4917411, 3.4370323], [-76.4916369, 3.4373938], [-76.4915693, 3.4375482], [-76.491431, 3.4377888], [-76.4912628, 3.4380076], [-76.4910912, 3.4382044], [-76.4909044, 3.4384265], [-76.4906563, 3.4386652], [-76.4905152, 3.4387385], [-76.4903998, 3.4387679], [-76.4902075, 3.4387727], [-76.4899967, 3.4388044], [-76.4898077, 3.4388675], [-76.4896418, 3.438942], [-76.4894809, 3.4390702], [-76.4893854, 3.4392247], [-76.4892962, 3.4394077], [-76.4891696, 3.4396176], [-76.4891035, 3.4398024], [-76.4889778, 3.4400399], [-76.4888319, 3.4402013], [-76.4886855, 3.4403304], [-76.4885805, 3.4404052], [-76.4884639, 3.4404404], [-76.4882328, 3.4404663], [-76.4880232, 3.4405209], [-76.4878223, 3.4405878], [-76.4877132, 3.4406478], [-76.487474, 3.4407825], [-76.487372, 3.4408905], [-76.4871837, 3.4410854], [-76.4868671, 3.4414265], [-76.4865956, 3.4416791], [-76.4865109, 3.4418747], [-76.4864141, 3.4419915], [-76.4863698, 3.4420276], [-76.4863165, 3.4420416], [-76.4862531, 3.4420424], [-76.4861687, 3.442033], [-76.4860943, 3.4420458], [-76.4859457, 3.442152], [-76.4857716, 3.442303], [-76.4857256, 3.4423904], [-76.4859268, 3.4427805], [-76.4862959, 3.4425866], [-76.4865217, 3.4424104], [-76.4867386, 3.4422914], [-76.4869685, 3.4421796], [-76.4872938, 3.4420102], [-76.4874481, 3.4418824], [-76.487771, 3.4415373], [-76.4879561, 3.4413508], [-76.4880502, 3.4412699], [-76.488124, 3.4412231], [-76.4881766, 3.4412092], [-76.4882956, 3.4411883], [-76.4884029, 3.4411856], [-76.4885246, 3.4411737], [-76.4886604, 3.4411468], [-76.4887422, 3.441124], [-76.488812, 3.4410986], [-76.4888794, 3.4410655], [-76.4889501, 3.4410142], [-76.4890547, 3.4409232], [-76.4891879, 3.4408117]]]}}, {"type": "Feature", "properties": {"name": "Lleras Restrepo", "comuna": ""}, "geometry": {"type": "Polygon", "coordinates": [[[-76.4933373, 3.4355514], [-76.4931853, 3.4357084], [-76.493009, 3.4359806], [-76.4929099, 3.4361468], [-76.4928378, 3.4362565], [-76.492796, 3.4363105], [-76.4924579, 3.4365435], [-76.4923994, 3.4366314], [-76.4923268, 3.4367798], [-76.4921987, 3.4372326], [-76.4920894, 3.4377976], [-76.4919649, 3.438037], [-76.4918068, 3.4382632], [-76.4917489, 3.438334], [-76.4926379, 3.4384186], [-76.4931055, 3.4384667], [-76.4932186, 3.4384689], [-76.493304, 3.4384765], [-76.4933514, 3.4384779], [-76.4935599, 3.4384883], [-76.4939813, 3.4376747], [-76.4941669, 3.4373155], [-76.4943461, 3.437008], [-76.4953512, 3.4351184], [-76.4951403, 3.4350588], [-76.4950793, 3.4350412], [-76.4950081, 3.4350206], [-76.4949059, 3.435031], [-76.4945939, 3.4350575], [-76.494342, 3.435121], [-76.4941588, 3.4351885], [-76.4938077, 3.4353109], [-76.4935814, 3.4354025], [-76.4934979, 3.435439], [-76.4933373, 3.4355514]]]}}, {"type": "Feature", "properties": {"name": "Ulpiano Lloreda", "comuna": ""}, "geometry": {"type": "Polygon", "coordinates": [[[-76.4913198, 3.4389011], [-76.4910408, 3.4391412], [-76.490959, 3.4391944], [-76.4908632, 3.4392523], [-76.4907349, 3.4392904], [-76.4903992, 3.4393703], [-76.4902144, 3.4394018], [-76.4900404, 3.4394266], [-76.48996, 3.4394533], [-76.489917, 3.4395176], [-76.4898856, 3.4396103], [-76.4897435, 3.4400265], [-76.4895506, 3.4403946], [-76.489246, 3.4407349], [-76.4891879, 3.4408117], [-76.4890547, 3.4409232], [-76.4889501, 3.4410142], [-76.4888794, 3.4410655], [-76.488812, 3.4410986], [-76.4887422, 3.441124], [-76.4886604, 3.4411468], [-76.4885246, 3.4411737], [-76.4884029, 3.4411856], [-76.4882956, 3.4411883], [-76.4881766, 3.4412092], [-76.488124, 3.4412231], [-76.4880502, 3.4412699], [-76.4879561, 3.4413508], [-76.487771, 3.4415373], [-76.4874481, 3.4418824], [-76.4872938, 3.4420102], [-76.4869685, 3.4421796], [-76.4867386, 3.4422914], [-76.4865217, 3.4424104], [-76.4862959, 3.4425866], [-76.4859268, 3.4427805], [-76.4859648, 3.4429018], [-76.4861016, 3.4428215], [-76.4862759, 3.4428201], [-76.4865133, 3.4429326], [-76.4867695, 3.4431521], [-76.4868862, 3.4432739], [-76.4892673, 3.4442987], [-76.4894853, 3.4443683], [-76.4907361, 3.4438956], [-76.4910704, 3.4437693], [-76.4915214, 3.4428507], [-76.4916337, 3.4425618], [-76.4916753, 3.4422212], [-76.4918812, 3.441828], [-76.4927991, 3.4399888], [-76.49295, 3.4396806], [-76.4932577, 3.4390561], [-76.4934669, 3.4386903], [-76.4935599, 3.4384883], [-76.4933514, 3.4384779], [-76.493304, 3.4384765], [-76.4932186, 3.4384689], [-76.4931055, 3.4384667], [-76.4926379, 3.4384186], [-76.4917489, 3.438334], [-76.491691, 3.4384048], [-76.4913198, 3.4389011]]]}}, {"type": "Feature", "properties": {"name": "El Diamante", "comuna": ""}, "geometry": {"type": "Polygon", "coordinates": [[[-76.4979431, 3.4221976], [-76.4981809, 3.4224585], [-76.4984147, 3.4226113], [-76.4986422, 3.4227202], [-76.4988562, 3.4227936], [-76.4988899, 3.4228032], [-76.4992713, 3.4229001], [-76.4997298, 3.4230124], [-76.5001739, 3.4231132], [-76.5004892, 3.423386], [-76.5009007, 3.4237397], [-76.5013588, 3.4239761], [-76.5014746, 3.4240004], [-76.5022966, 3.4241727], [-76.5025299, 3.4244033], [-76.5025776, 3.4244544], [-76.5027098, 3.4245566], [-76.5028594, 3.4244171], [-76.503078, 3.4241907], [-76.5039946, 3.4233569], [-76.5047258, 3.4226284], [-76.5047749, 3.4225829], [-76.5048043, 3.4225544], [-76.5048403, 3.4225205], [-76.5048902, 3.4224934], [-76.5049878, 3.4224534], [-76.5053384, 3.4221125], [-76.5054575, 3.4219251], [-76.5059124, 3.4214786], [-76.5061323, 3.4212671], [-76.5062101, 3.4211827], [-76.5065435, 3.4208796], [-76.5064853, 3.4208237], [-76.5064524, 3.4207894], [-76.5063884, 3.4207228], [-76.506373, 3.4207067], [-76.5060249, 3.4203424], [-76.5057075, 3.420009], [-76.5050848, 3.419335], [-76.5044188, 3.4186213], [-76.5037654, 3.4179285], [-76.5031259, 3.417236], [-76.5030786, 3.417188], [-76.5019675, 3.4182282], [-76.5011733, 3.418991], [-76.500735, 3.4194224], [-76.5000855, 3.4200445], [-76.4995679, 3.4205412], [-76.4990548, 3.4210295], [-76.4986373, 3.4214325], [-76.4981944, 3.4218669], [-76.4978984, 3.4221509], [-76.4979431, 3.4221976]]]}}, {"type": "Feature", "properties": {"name": "Sector Asprosocial - Diamante", "comuna": ""}, "geometry": {"type": "Polygon", "coordinates": [[[-76.5025776, 3.4244544], [-76.5025299, 3.4244033], [-76.5022966, 3.4241727], [-76.5014746, 3.4240004], [-76.5013588, 3.4239761], [-76.5009007, 3.4237397], [-76.5004892, 3.423386], [-76.5001739, 3.4231132], [-76.4997298, 3.4230124], [-76.4992713, 3.4229001], [-76.4988899, 3.4228032], [-76.4988562, 3.4227936], [-76.4986422, 3.4227202], [-76.4984147, 3.4226113], [-76.4981809, 3.4224585], [-76.4979431, 3.4221976], [-76.4978984, 3.4221509], [-76.4974822, 3.4224947], [-76.4967486, 3.4230958], [-76.4968067, 3.4231259], [-76.4969186, 3.4231895], [-76.4970125, 3.4232428], [-76.4970311, 3.4232534], [-76.4973394, 3.4234285], [-76.4973675, 3.4234445], [-76.4976103, 3.4235823], [-76.4977012, 3.4236343], [-76.4978699, 3.4237216], [-76.4979522, 3.4237263], [-76.4982997, 3.423744], [-76.4986584, 3.4237665], [-76.4992294, 3.4238211], [-76.499565, 3.4238658], [-76.499742, 3.4239221], [-76.4997892, 3.423948], [-76.499935, 3.4240354], [-76.5002073, 3.4242017], [-76.5003208, 3.4242246], [-76.5003597, 3.4242502], [-76.50051, 3.4242994], [-76.5007326, 3.4242912], [-76.5008828, 3.4243111], [-76.5011383, 3.4244309], [-76.5012874, 3.4244697], [-76.5014602, 3.4245078], [-76.5017125, 3.4245032], [-76.5018434, 3.4245018], [-76.5019951, 3.424543], [-76.5021051, 3.4246207], [-76.5021938, 3.4247086], [-76.5022397, 3.4247584], [-76.5022964, 3.4248198], [-76.5023268, 3.4248526], [-76.5023565, 3.4248849], [-76.5025198, 3.4247337], [-76.5027098, 3.4245566], [-76.5025776, 3.4244544]]]}}, {"type": "Feature", "properties": {"name": "Calipso", "comuna": ""}, "geometry": {"type": "Polygon", "coordinates": [[[-76.4957131, 3.4242346], [-76.4955829, 3.4243876], [-76.4956333, 3.4244266], [-76.4960238, 3.4247128], [-76.4963221, 3.4249336], [-76.4967395, 3.4252152], [-76.4970841, 3.4254745], [-76.4972442, 3.4255897], [-76.4974711, 3.4257528], [-76.4976274, 3.4258695], [-76.4977931, 3.4259932], [-76.4981691, 3.42626], [-76.4982119, 3.4262963], [-76.4984288, 3.4264692], [-76.4995209, 3.427277], [-76.4995632, 3.427304], [-76.4997734, 3.4274806], [-76.5013894, 3.42585], [-76.5017147, 3.4255217], [-76.5018143, 3.4253971], [-76.5023565, 3.4248849], [-76.5023268, 3.4248526], [-76.5022964, 3.4248198], [-76.5022397, 3.4247584], [-76.5021938, 3.4247086], [-76.5021051, 3.4246207], [-76.5019951, 3.424543], [-76.5018434, 3.4245018], [-76.5017125, 3.4245032], [-76.5014602, 3.4245078], [-76.5012874, 3.4244697], [-76.5011383, 3.4244309], [-76.5008828, 3.4243111], [-76.5007326, 3.4242912], [-76.50051, 3.4242994], [-76.5003597, 3.4242502], [-76.5003208, 3.4242246], [-76.5002073, 3.4242017], [-76.499935, 3.4240354], [-76.4997892, 3.423948], [-76.499742, 3.4239221], [-76.499565, 3.4238658], [-76.4992294, 3.4238211], [-76.4986584, 3.4237665], [-76.4982997, 3.423744], [-76.4979522, 3.4237263], [-76.4978699, 3.4237216], [-76.4977012, 3.4236343], [-76.4976103, 3.4235823], [-76.4973675, 3.4234445], [-76.4973394, 3.4234285], [-76.4970311, 3.4232534], [-76.4970125, 3.4232428], [-76.4969186, 3.4231895], [-76.4968067, 3.4231259], [-76.4967486, 3.4230958], [-76.49618, 3.4237236], [-76.4957131, 3.4242346]]]}}, {"type": "Feature", "properties": {"name": "Yira Castro", "comuna": ""}, "geometry": {"type": "Polygon", "coordinates": [[[-76.4969467, 3.427137], [-76.4972395, 3.4272518], [-76.4974903, 3.4274345], [-76.4979275, 3.427626], [-76.4984433, 3.4278565], [-76.4986295, 3.4279372], [-76.4991046, 3.4281825], [-76.4994349, 3.4278147], [-76.4997734, 3.4274806], [-76.4995632, 3.427304], [-76.4995209, 3.427277], [-76.4984288, 3.4264692], [-76.4982119, 3.4262963], [-76.4981691, 3.42626], [-76.4977931, 3.4259932], [-76.4976274, 3.4258695], [-76.4974711, 3.4257528], [-76.4972442, 3.4255897], [-76.4970841, 3.4254745], [-76.4967395, 3.4252152], [-76.4963221, 3.4249336], [-76.4961845, 3.4251212], [-76.4959563, 3.4254302], [-76.4959353, 3.4254579], [-76.4957431, 3.4257155], [-76.4956995, 3.4257659], [-76.4956748, 3.4257949], [-76.4956498, 3.4258231], [-76.4956337, 3.4258413], [-76.4966009, 3.4267505], [-76.4968177, 3.4269831], [-76.4969467, 3.427137]]]}}, {"type": "Feature", "properties": {"name": "Los Robles", "comuna": ""}, "geometry": {"type": "Polygon", "coordinates": [[[-76.4957131, 3.4242346], [-76.49618, 3.4237236], [-76.4967486, 3.4230958], [-76.4974822, 3.4224947], [-76.4978984, 3.4221509], [-76.4978505, 3.422101], [-76.4975933, 3.421823], [-76.4971155, 3.4213065], [-76.4970397, 3.4212246], [-76.4970247, 3.4212084], [-76.496623, 3.4207946], [-76.4965067, 3.4206734], [-76.4964606, 3.4206216], [-76.4962983, 3.4204437], [-76.4960707, 3.420204], [-76.4958531, 3.4199735], [-76.4952908, 3.4193779], [-76.4950512, 3.4198952], [-76.4948378, 3.4201794], [-76.4945628, 3.4203485], [-76.4943221, 3.4204916], [-76.4939911, 3.4207205], [-76.4941335, 3.4209202], [-76.493521, 3.4212758], [-76.4934543, 3.4213142], [-76.4931024, 3.4215627], [-76.4929671, 3.4216607], [-76.4927627, 3.4217287], [-76.4926921, 3.4217497], [-76.4924549, 3.4219477], [-76.4924135, 3.4219869], [-76.4927532, 3.4222465], [-76.4930411, 3.4224894], [-76.4935573, 3.4229592], [-76.4937424, 3.4229116], [-76.4939143, 3.4228695], [-76.4943555, 3.4227793], [-76.4947159, 3.4228294], [-76.494657, 3.4234243], [-76.4948671, 3.4235877], [-76.4950843, 3.4237517], [-76.4953378, 3.4239485], [-76.4956572, 3.4241916], [-76.4957131, 3.4242346]]]}}, {"type": "Feature", "properties": {"name": "Los Comuneros II", "comuna": ""}, "geometry": {"type": "Polygon", "coordinates": [[[-76.4947159, 3.4228294], [-76.4943555, 3.4227793], [-76.4939143, 3.4228695], [-76.4937424, 3.4229116], [-76.4935573, 3.4229592], [-76.4930411, 3.4224894], [-76.4927532, 3.4222465], [-76.4924135, 3.4219869], [-76.492237, 3.4221498], [-76.4922193, 3.4221675], [-76.4918678, 3.4223721], [-76.4918191, 3.4223897], [-76.491719, 3.4224268], [-76.4915822, 3.4223118], [-76.4913268, 3.422088], [-76.4911473, 3.4219323], [-76.4909376, 3.4221395], [-76.4907117, 3.4223706], [-76.4904586, 3.4226301], [-76.490347, 3.4227099], [-76.4901631, 3.4228839], [-76.4899922, 3.4230204], [-76.4899124, 3.4230932], [-76.4897564, 3.4232464], [-76.4896779, 3.4233187], [-76.4895212, 3.4234639], [-76.4894539, 3.4235352], [-76.4892874, 3.4237351], [-76.4891735, 3.4239382], [-76.4891161, 3.4240357], [-76.4891665, 3.4240803], [-76.4895704, 3.4244917], [-76.490069, 3.42493], [-76.4904336, 3.4252512], [-76.4910789, 3.4258148], [-76.4913522, 3.4260535], [-76.4916013, 3.4262711], [-76.4918445, 3.4264835], [-76.4920921, 3.4267023], [-76.4923208, 3.4268995], [-76.4925887, 3.4271335], [-76.4929355, 3.4274281], [-76.4930159, 3.4275028], [-76.4933293, 3.4277804], [-76.4942366, 3.4285729], [-76.4943841, 3.4287194], [-76.4948188, 3.4283368], [-76.4952493, 3.427966], [-76.4956543, 3.4276634], [-76.4961317, 3.427298], [-76.4963798, 3.4271802], [-76.496588, 3.4271335], [-76.4969467, 3.427137], [-76.4968177, 3.4269831], [-76.4966009, 3.4267505], [-76.4956337, 3.4258413], [-76.4956498, 3.4258231], [-76.4956748, 3.4257949], [-76.4956995, 3.4257659], [-76.4957431, 3.4257155], [-76.4959353, 3.4254579], [-76.4959563, 3.4254302], [-76.4961845, 3.4251212], [-76.4963221, 3.4249336], [-76.4960238, 3.4247128], [-76.4956333, 3.4244266], [-76.4955829, 3.4243876], [-76.4957131, 3.4242346], [-76.4956572, 3.4241916], [-76.4953378, 3.4239485], [-76.4950843, 3.4237517], [-76.4948671, 3.4235877], [-76.494657, 3.4234243], [-76.4947159, 3.4228294]]]}}, {"type": "Feature", "properties": {"name": "El Vergel", "comuna": ""}, "geometry": {"type": "Polygon", "coordinates": [[[-76.5004621, 3.4114636], [-76.4999364, 3.4119831], [-76.4992484, 3.4126457], [-76.498189, 3.4136605], [-76.4977732, 3.4140701], [-76.4976812, 3.4141587], [-76.4973659, 3.4144622], [-76.4967655, 3.4150402], [-76.4968963, 3.4151726], [-76.4975742, 3.4159416], [-76.4981511, 3.4165961], [-76.498718, 3.4172214], [-76.4993165, 3.4178814], [-76.5000377, 3.4186761], [-76.500282, 3.4189408], [-76.500419, 3.4190869], [-76.5004645, 3.4191351], [-76.5006874, 3.4193732], [-76.500735, 3.4194224], [-76.5011733, 3.418991], [-76.5019675, 3.4182282], [-76.5030786, 3.417188], [-76.5039316, 3.4163607], [-76.5045565, 3.4157556], [-76.5043688, 3.4155628], [-76.5030143, 3.4141357], [-76.5017778, 3.4128532], [-76.5004621, 3.4114636]]]}}, {"type": "Feature", "properties": {"name": "El Poblado I", "comuna": ""}, "geometry": {"type": "Polygon", "coordinates": [[[-76.500735, 3.4194224], [-76.5006874, 3.4193732], [-76.5004645, 3.4191351], [-76.500419, 3.4190869], [-76.500282, 3.4189408], [-76.5000377, 3.4186761], [-76.4993165, 3.4178814], [-76.498718, 3.4172214], [-76.4981511, 3.4165961], [-76.4975742, 3.4159416], [-76.4968963, 3.4151726], [-76.4967655, 3.4150402], [-76.4967553, 3.4150501], [-76.4961505, 3.4156311], [-76.4955175, 3.4162054], [-76.4950964, 3.4165615], [-76.4949747, 3.4166041], [-76.4946243, 3.4167061], [-76.4944507, 3.4166887], [-76.4944219, 3.4168515], [-76.4944003, 3.4169449], [-76.4942824, 3.4172068], [-76.4941, 3.4175274], [-76.4939267, 3.4177584], [-76.4938784, 3.4178947], [-76.4938975, 3.4179793], [-76.4940125, 3.4180926], [-76.4945491, 3.4186215], [-76.4952908, 3.4193779], [-76.4958531, 3.4199735], [-76.4960707, 3.420204], [-76.4962983, 3.4204437], [-76.4964606, 3.4206216], [-76.4965067, 3.4206734], [-76.496623, 3.4207946], [-76.4970247, 3.4212084], [-76.4970397, 3.4212246], [-76.4971155, 3.4213065], [-76.4975933, 3.421823], [-76.4978505, 3.422101], [-76.4978984, 3.4221509], [-76.4981944, 3.4218669], [-76.4986373, 3.4214325], [-76.4990548, 3.4210295], [-76.4995679, 3.4205412], [-76.5000855, 3.4200445], [-76.500735, 3.4194224]]]}}, {"type": "Feature", "properties": {"name": "El Poblado II", "comuna": ""}, "geometry": {"type": "Polygon", "coordinates": [[[-76.4945491, 3.4186215], [-76.4940125, 3.4180926], [-76.4938975, 3.4179793], [-76.4938784, 3.4178947], [-76.4939267, 3.4177584], [-76.4941, 3.4175274], [-76.4942824, 3.4172068], [-76.4944003, 3.4169449], [-76.4944219, 3.4168515], [-76.4944507, 3.4166887], [-76.4940101, 3.4166445], [-76.493652, 3.4166137], [-76.49331, 3.4167047], [-76.4930772, 3.4168759], [-76.4929184, 3.4170474], [-76.4925711, 3.4174785], [-76.4922881, 3.4177422], [-76.4920695, 3.4179042], [-76.4917812, 3.4180702], [-76.4913802, 3.4182463], [-76.4910255, 3.4183581], [-76.4906667, 3.4184585], [-76.4904387, 3.418522], [-76.4902208, 3.4186184], [-76.4897943, 3.4188802], [-76.4894819, 3.419083], [-76.4891405, 3.4192985], [-76.4888046, 3.4194484], [-76.4886256, 3.4194652], [-76.4884914, 3.4194679], [-76.4880931, 3.4194183], [-76.4877337, 3.4193915], [-76.4876077, 3.4194317], [-76.4874212, 3.4196606], [-76.4873073, 3.4199498], [-76.4868285, 3.4210542], [-76.4864825, 3.4218896], [-76.486233, 3.4224478], [-76.486096, 3.4227669], [-76.4862266, 3.4228894], [-76.4863565, 3.4230082], [-76.4870076, 3.4236034], [-76.4872552, 3.4233308], [-76.4874673, 3.4230771], [-76.4881745, 3.4237374], [-76.4886014, 3.4241011], [-76.4886417, 3.4241226], [-76.4886872, 3.4241293], [-76.4887288, 3.4241185], [-76.4887563, 3.4240997], [-76.488835, 3.4242286], [-76.4889528, 3.424332], [-76.4890172, 3.4242044], [-76.4891161, 3.4240357], [-76.4891735, 3.4239382], [-76.4892874, 3.4237351], [-76.4894539, 3.4235352], [-76.4895212, 3.4234639], [-76.4896779, 3.4233187], [-76.4897564, 3.4232464], [-76.4899124, 3.4230932], [-76.4899922, 3.4230204], [-76.4901631, 3.4228839], [-76.490347, 3.4227099], [-76.4904586, 3.4226301], [-76.4907117, 3.4223706], [-76.4909376, 3.4221395], [-76.4911473, 3.4219323], [-76.4913268, 3.422088], [-76.4915822, 3.4223118], [-76.491719, 3.4224268], [-76.4918191, 3.4223897], [-76.4918678, 3.4223721], [-76.4922193, 3.4221675], [-76.492237, 3.4221498], [-76.4924135, 3.4219869], [-76.4924549, 3.4219477], [-76.4926921, 3.4217497], [-76.4927627, 3.4217287], [-76.4929671, 3.4216607], [-76.4931024, 3.4215627], [-76.4934543, 3.4213142], [-76.493521, 3.4212758], [-76.4941335, 3.4209202], [-76.4939911, 3.4207205], [-76.4943221, 3.4204916], [-76.4945628, 3.4203485], [-76.4948378, 3.4201794], [-76.4950512, 3.4198952], [-76.4952908, 3.4193779], [-76.4945491, 3.4186215]]]}}, {"type": "Feature", "properties": {"name": "Rodrigo Lara Bonilla", "comuna": ""}, "geometry": {"type": "Polygon", "coordinates": [[[-76.4875926, 3.427023], [-76.4874481, 3.4272933], [-76.4872662, 3.4276526], [-76.4873244, 3.4276942], [-76.4873441, 3.4277123], [-76.4877054, 3.4278936], [-76.4880264, 3.4280496], [-76.4883648, 3.428214], [-76.4884686, 3.4282644], [-76.4886735, 3.428364], [-76.4887738, 3.4284127], [-76.488966, 3.4285061], [-76.4892544, 3.4286462], [-76.4895911, 3.4288098], [-76.4896286, 3.4284463], [-76.4897067, 3.4277853], [-76.4900545, 3.426982], [-76.4901838, 3.4267814], [-76.4902124, 3.4267408], [-76.490377, 3.4265664], [-76.490595, 3.4263345], [-76.4908258, 3.4260875], [-76.4910789, 3.4258148], [-76.4904336, 3.4252512], [-76.490069, 3.42493], [-76.4895704, 3.4244917], [-76.4891665, 3.4240803], [-76.4891161, 3.4240357], [-76.4890172, 3.4242044], [-76.4889528, 3.424332], [-76.4887675, 3.4246588], [-76.4886106, 3.4249819], [-76.4884673, 3.4252927], [-76.4881808, 3.4258856], [-76.4878957, 3.4264223], [-76.4878711, 3.4264773], [-76.4878473, 3.4265338], [-76.4875926, 3.427023]]]}}, {"type": "Feature", "properties": {"name": "Jose Manuel Marroqu\u00edn II", "comuna": ""}, "geometry": {"type": "Polygon", "coordinates": [[[-76.4773313, 3.4172333], [-76.4773092, 3.4172769], [-76.4772871, 3.4173163], [-76.4771169, 3.4176188], [-76.4771069, 3.4176496], [-76.4769117, 3.4177735], [-76.4767822, 3.4178413], [-76.4765176, 3.4180613], [-76.4763939, 3.4181897], [-76.4762724, 3.4183053], [-76.4760058, 3.4187256], [-76.4758193, 3.4190029], [-76.4756397, 3.4192698], [-76.4755199, 3.4194263], [-76.4754226, 3.4195484], [-76.475235, 3.4198527], [-76.4750579, 3.4201215], [-76.474963, 3.4202661], [-76.474864, 3.4203808], [-76.4746902, 3.420705], [-76.4745545, 3.420966], [-76.4744568, 3.4214572], [-76.474601, 3.4216439], [-76.4747009, 3.4217838], [-76.474846, 3.4219238], [-76.4751658, 3.4222243], [-76.4757349, 3.4228599], [-76.4760917, 3.423296], [-76.4763948, 3.423775], [-76.4764454, 3.4238389], [-76.4771232, 3.4249957], [-76.4773496, 3.4254934], [-76.4774971, 3.4258776], [-76.4775561, 3.4261815], [-76.4775963, 3.4265871], [-76.4776305, 3.4271527], [-76.4776425, 3.4274996], [-76.4778288, 3.4275036], [-76.4787074, 3.4274882], [-76.4795252, 3.4274739], [-76.4803367, 3.4274597], [-76.480337, 3.4274597], [-76.4811738, 3.427445], [-76.4813564, 3.4274418], [-76.4819426, 3.4274393], [-76.4827416, 3.4274316], [-76.4835656, 3.4274259], [-76.4838606, 3.4274239], [-76.4839458, 3.4274233], [-76.4841121, 3.427424], [-76.4843528, 3.426879], [-76.484581, 3.4263373], [-76.4842093, 3.4261654], [-76.4836796, 3.4256915], [-76.4829473, 3.4250449], [-76.4821775, 3.4243113], [-76.4815485, 3.4236339], [-76.4809652, 3.4228013], [-76.4804904, 3.4222109], [-76.4801846, 3.4218052], [-76.4799835, 3.4212604], [-76.4797595, 3.4205027], [-76.479506, 3.4201278], [-76.4789575, 3.4196218], [-76.4785786, 3.4192985], [-76.4784915, 3.4192363], [-76.4786896, 3.4182014], [-76.4786168, 3.4181334], [-76.4783648, 3.4178801], [-76.4780979, 3.4176646], [-76.4778525, 3.4174966], [-76.4776736, 3.4173937], [-76.4773313, 3.4172333]]]}}, {"type": "Feature", "properties": {"name": "Alfonso Bonilla Arag\u00f3n", "comuna": ""}, "geometry": {"type": "Polygon", "coordinates": [[[-76.4846259, 3.4262308], [-76.4847685, 3.4258923], [-76.4850743, 3.4251493], [-76.4854686, 3.4242123], [-76.4859675, 3.4230663], [-76.486096, 3.4227669], [-76.486233, 3.4224478], [-76.4864825, 3.4218896], [-76.4868285, 3.4210542], [-76.4873073, 3.4199498], [-76.4874212, 3.4196606], [-76.4876077, 3.4194317], [-76.4877337, 3.4193915], [-76.4880931, 3.4194183], [-76.487869, 3.419245], [-76.4876325, 3.4190797], [-76.4874774, 3.4189634], [-76.4873612, 3.4188688], [-76.4871946, 3.4187499], [-76.486823, 3.4184738], [-76.4866421, 3.4183511], [-76.4864564, 3.4182146], [-76.4862794, 3.418072], [-76.4862238, 3.4180185], [-76.485965, 3.4177861], [-76.4859074, 3.4177345], [-76.4851248, 3.4169253], [-76.4850049, 3.4167958], [-76.4848088, 3.416531], [-76.4846051, 3.4162349], [-76.4843815, 3.4159183], [-76.4842336, 3.4156903], [-76.4840445, 3.4153979], [-76.4840035, 3.4153447], [-76.4838452, 3.4151887], [-76.4834706, 3.4149463], [-76.4832547, 3.4148049], [-76.4830117, 3.414891], [-76.4828888, 3.4149317], [-76.4826598, 3.4150228], [-76.4825894, 3.4150298], [-76.4825083, 3.4150243], [-76.4823395, 3.4149991], [-76.4815787, 3.4148911], [-76.4814538, 3.4148642], [-76.4813304, 3.4148195], [-76.4812142, 3.4147705], [-76.4810781, 3.4146962], [-76.4809397, 3.414604], [-76.4808044, 3.414501], [-76.4799517, 3.4137182], [-76.4797689, 3.413601], [-76.479566, 3.4135205], [-76.4795151, 3.4137378], [-76.4794316, 3.4142325], [-76.479373, 3.4145578], [-76.4789368, 3.4168698], [-76.4787966, 3.4176218], [-76.4787362, 3.4179501], [-76.478698, 3.4181507], [-76.4786896, 3.4182014], [-76.4784915, 3.4192363], [-76.4785786, 3.4192985], [-76.4789575, 3.4196218], [-76.479506, 3.4201278], [-76.4797595, 3.4205027], [-76.4799835, 3.4212604], [-76.4801846, 3.4218052], [-76.4804904, 3.4222109], [-76.4809652, 3.4228013], [-76.4815485, 3.4236339], [-76.4821775, 3.4243113], [-76.4829473, 3.4250449], [-76.4836796, 3.4256915], [-76.4842093, 3.4261654], [-76.484581, 3.4263373], [-76.4846259, 3.4262308]]]}}, {"type": "Feature", "properties": {"name": "Las Orqu\u00eddeas", "comuna": ""}, "geometry": {"type": "Polygon", "coordinates": [[[-76.4768947, 3.4118868], [-76.4759614, 3.4118723], [-76.4752974, 3.4118647], [-76.4752077, 3.4118637], [-76.4748883, 3.41186], [-76.4744492, 3.4118549], [-76.4739339, 3.4118373], [-76.4735896, 3.4116439], [-76.4733847, 3.4120204], [-76.4729491, 3.4127666], [-76.4728765, 3.4128909], [-76.472853, 3.4129311], [-76.4726752, 3.4132357], [-76.4725159, 3.4135086], [-76.4723498, 3.4137932], [-76.4721737, 3.4140948], [-76.472147, 3.4141441], [-76.4721129, 3.4142169], [-76.4728337, 3.4146386], [-76.473801, 3.4151973], [-76.4741077, 3.4153762], [-76.474375, 3.415524], [-76.4747296, 3.4157402], [-76.4748283, 3.4157974], [-76.4751682, 3.4159959], [-76.4754801, 3.4161739], [-76.4757664, 3.4163299], [-76.4773313, 3.4172333], [-76.4776736, 3.4173937], [-76.4778525, 3.4174966], [-76.4780979, 3.4176646], [-76.4783648, 3.4178801], [-76.4786168, 3.4181334], [-76.4786896, 3.4182014], [-76.478698, 3.4181507], [-76.4787362, 3.4179501], [-76.4787966, 3.4176218], [-76.4789368, 3.4168698], [-76.479373, 3.4145578], [-76.4794316, 3.4142325], [-76.4795151, 3.4137378], [-76.479566, 3.4135205], [-76.4796079, 3.4133011], [-76.479635, 3.4131192], [-76.4797746, 3.4122369], [-76.4798118, 3.4119162], [-76.4797508, 3.411916], [-76.4796435, 3.4119147], [-76.4794303, 3.4119123], [-76.4790324, 3.4119077], [-76.4786541, 3.4119033], [-76.4782689, 3.4118989], [-76.4778954, 3.4118946], [-76.4775264, 3.4118904], [-76.4771081, 3.4118855], [-76.476947, 3.4118837], [-76.4768947, 3.4118868]]]}}, {"type": "Feature", "properties": {"name": "Promociones Populares B", "comuna": ""}, "geometry": {"type": "Polygon", "coordinates": [[[-76.4762947, 3.4239449], [-76.4761542, 3.423976], [-76.4757052, 3.4240755], [-76.475236, 3.4241794], [-76.4746541, 3.4243082], [-76.4743691, 3.4243713], [-76.4730437, 3.4246423], [-76.4726121, 3.4247739], [-76.4721332, 3.42492], [-76.4717003, 3.425052], [-76.4712501, 3.4251894], [-76.4708551, 3.4253099], [-76.4698174, 3.4256264], [-76.4697587, 3.4255222], [-76.4695283, 3.4251328], [-76.4695034, 3.4250881], [-76.4694545, 3.4250011], [-76.4694274, 3.4249489], [-76.4690113, 3.4242429], [-76.4686763, 3.4236695], [-76.4684732, 3.4233474], [-76.468288, 3.4230035], [-76.468101, 3.4226848], [-76.4676853, 3.4219734], [-76.4676067, 3.4221062], [-76.4675394, 3.4222142], [-76.4675142, 3.4222489], [-76.466749, 3.4235708], [-76.4666407, 3.423829], [-76.4665934, 3.4241496], [-76.4665914, 3.4244321], [-76.4666193, 3.4247018], [-76.4666892, 3.4248778], [-76.46676, 3.4250733], [-76.4668272, 3.4251762], [-76.4669949, 3.4253867], [-76.4671944, 3.4256804], [-76.4674187, 3.4259827], [-76.4675789, 3.4261899], [-76.4677612, 3.4264463], [-76.4679299, 3.4266779], [-76.468108, 3.4268983], [-76.4682216, 3.4270536], [-76.4682462, 3.4270879], [-76.4682666, 3.4271168], [-76.4683035, 3.4271692], [-76.4686936, 3.427672], [-76.4688424, 3.4278534], [-76.4690239, 3.4280857], [-76.4692569, 3.4283673], [-76.4694133, 3.4285613], [-76.4695752, 3.4287722], [-76.4697424, 3.4289903], [-76.469901, 3.4292163], [-76.4700669, 3.4294303], [-76.4702592, 3.4296599], [-76.470827, 3.4303733], [-76.4710728, 3.4301682], [-76.4712919, 3.4300012], [-76.4715066, 3.4298234], [-76.471722, 3.4296651], [-76.4719342, 3.4294911], [-76.4721571, 3.4293141], [-76.4724144, 3.4291261], [-76.4726553, 3.428924], [-76.4728316, 3.4287237], [-76.4730402, 3.4285707], [-76.4732031, 3.4284966], [-76.4732866, 3.4284586], [-76.4734928, 3.428316], [-76.4737257, 3.4281358], [-76.4739085, 3.4279943], [-76.4741777, 3.4277861], [-76.4743051, 3.4279513], [-76.4743745, 3.4280362], [-76.4747345, 3.4285154], [-76.4750775, 3.4289661], [-76.4753217, 3.4292821], [-76.4755929, 3.4296331], [-76.476151, 3.4303553], [-76.4766295, 3.429977], [-76.4771101, 3.4295971], [-76.4774319, 3.4293427], [-76.4776, 3.4293], [-76.477785, 3.4292367], [-76.4776948, 3.4289475], [-76.4776925, 3.4287492], [-76.4776648, 3.4281232], [-76.4776425, 3.4274996], [-76.4776305, 3.4271527], [-76.4775963, 3.4265871], [-76.4775561, 3.4261815], [-76.4774971, 3.4258776], [-76.4773496, 3.4254934], [-76.4771232, 3.4249957], [-76.4764454, 3.4238389], [-76.4762947, 3.4239449]]]}}, {"type": "Feature", "properties": {"name": "Puerta del Sol", "comuna": ""}, "geometry": {"type": "Polygon", "coordinates": [[[-76.470827, 3.4303733], [-76.4709905, 3.4305918], [-76.4716601, 3.4314865], [-76.471709, 3.4315488], [-76.4717429, 3.431592], [-76.4720996, 3.4320464], [-76.4722784, 3.4322741], [-76.4724521, 3.4324953], [-76.4726246, 3.4327151], [-76.472812, 3.4329538], [-76.4730357, 3.4332491], [-76.4732214, 3.4335036], [-76.4733074, 3.4336152], [-76.4734222, 3.4337643], [-76.4737564, 3.4342091], [-76.4738018, 3.4342696], [-76.474067, 3.4340667], [-76.4741057, 3.4340371], [-76.4742345, 3.4338902], [-76.4743437, 3.4337602], [-76.4744562, 3.4336137], [-76.4745263, 3.4335192], [-76.4745885, 3.4334392], [-76.4752867, 3.4324923], [-76.4750652, 3.4324163], [-76.474852, 3.4322196], [-76.474683, 3.4320051], [-76.4744245, 3.4316592], [-76.4748147, 3.4313548], [-76.4751765, 3.4310762], [-76.4754182, 3.4308974], [-76.4754961, 3.4308398], [-76.476151, 3.4303553], [-76.4755929, 3.4296331], [-76.4753217, 3.4292821], [-76.4750775, 3.4289661], [-76.4747345, 3.4285154], [-76.4743745, 3.4280362], [-76.4743051, 3.4279513], [-76.4741777, 3.4277861], [-76.4739085, 3.4279943], [-76.4737257, 3.4281358], [-76.4734928, 3.428316], [-76.4732866, 3.4284586], [-76.4732031, 3.4284966], [-76.4730402, 3.4285707], [-76.4728316, 3.4287237], [-76.4726553, 3.428924], [-76.4724144, 3.4291261], [-76.4721571, 3.4293141], [-76.4719342, 3.4294911], [-76.471722, 3.4296651], [-76.4715066, 3.4298234], [-76.4712919, 3.4300012], [-76.4710728, 3.4301682], [-76.470827, 3.4303733]]]}}, {"type": "Feature", "properties": {"name": "Alirio Mora Beltr\u00e1n", "comuna": ""}, "geometry": {"type": "Polygon", "coordinates": [[[-76.4794112, 3.433665], [-76.4792432, 3.433555], [-76.4790569, 3.4339404], [-76.4788884, 3.4341938], [-76.4788366, 3.4342718], [-76.4786667, 3.4345274], [-76.4778297, 3.4339637], [-76.4771156, 3.4334976], [-76.476928, 3.4337809], [-76.476754, 3.4340485], [-76.4765971, 3.4342946], [-76.4763871, 3.4346031], [-76.4763209, 3.4347036], [-76.476226, 3.4348476], [-76.476161, 3.434928], [-76.4760289, 3.4350955], [-76.47589, 3.4352754], [-76.4755647, 3.4357567], [-76.4752642, 3.4361502], [-76.4758662, 3.4369025], [-76.4759208, 3.4369791], [-76.4759543, 3.4370925], [-76.4759741, 3.4371369], [-76.4760572, 3.4372475], [-76.4764761, 3.4377835], [-76.4766617, 3.437928], [-76.4773409, 3.4383973], [-76.4780949, 3.4388632], [-76.4788252, 3.4393295], [-76.4797649, 3.4398978], [-76.4804969, 3.4403681], [-76.4807836, 3.4405022], [-76.4808721, 3.4405099], [-76.4810463, 3.4405078], [-76.481098, 3.44076], [-76.4815921, 3.4411789], [-76.481855, 3.4412653], [-76.4817368, 3.4411247], [-76.4815812, 3.440911], [-76.4815527, 3.4407564], [-76.4815481, 3.4405449], [-76.4816074, 3.4401682], [-76.4816805, 3.4398178], [-76.4816883, 3.4394177], [-76.4817006, 3.4391262], [-76.4817422, 3.4388371], [-76.48182, 3.4385103], [-76.4818501, 3.4384142], [-76.4820349, 3.4378244], [-76.4821959, 3.4372431], [-76.4822614, 3.4370239], [-76.4822999, 3.4367263], [-76.4823246, 3.4365241], [-76.4823481, 3.4363103], [-76.4823612, 3.4360043], [-76.4823731, 3.4357697], [-76.4823809, 3.4355814], [-76.4822374, 3.4355152], [-76.4815901, 3.4350915], [-76.4808661, 3.4346175], [-76.4801369, 3.4341401], [-76.4794112, 3.433665]]]}}, {"type": "Feature", "properties": {"name": "Los Naranjos II", "comuna": ""}, "geometry": {"type": "Polygon", "coordinates": [[[-76.4794112, 3.433665], [-76.4795936, 3.4333665], [-76.4799473, 3.432788], [-76.4803752, 3.4320042], [-76.480408, 3.4319526], [-76.4800197, 3.4316989], [-76.4795945, 3.4314136], [-76.4792625, 3.4311837], [-76.4788511, 3.4309045], [-76.4787228, 3.4308129], [-76.4783281, 3.4304732], [-76.4781832, 3.4302286], [-76.4780376, 3.4299787], [-76.4779275, 3.4296781], [-76.477785, 3.4292367], [-76.4776, 3.4293], [-76.4774319, 3.4293427], [-76.4771101, 3.4295971], [-76.4766295, 3.429977], [-76.476151, 3.4303553], [-76.4754961, 3.4308398], [-76.4754182, 3.4308974], [-76.4751765, 3.4310762], [-76.4748147, 3.4313548], [-76.4744245, 3.4316592], [-76.474683, 3.4320051], [-76.474852, 3.4322196], [-76.4750652, 3.4324163], [-76.4752867, 3.4324923], [-76.4745885, 3.4334392], [-76.4745263, 3.4335192], [-76.4744562, 3.4336137], [-76.4743437, 3.4337602], [-76.4742345, 3.4338902], [-76.4741057, 3.4340371], [-76.474067, 3.4340667], [-76.4738018, 3.4342696], [-76.473925, 3.4344233], [-76.4741261, 3.4346742], [-76.4742837, 3.4348789], [-76.4744424, 3.4350862], [-76.4746245, 3.4353075], [-76.4747772, 3.4355093], [-76.4749218, 3.4356998], [-76.4750683, 3.4358924], [-76.4752642, 3.4361502], [-76.4755647, 3.4357567], [-76.47589, 3.4352754], [-76.4760289, 3.4350955], [-76.476161, 3.434928], [-76.476226, 3.4348476], [-76.4763209, 3.4347036], [-76.4763871, 3.4346031], [-76.4765971, 3.4342946], [-76.476754, 3.4340485], [-76.476928, 3.4337809], [-76.4771156, 3.4334976], [-76.4778297, 3.4339637], [-76.4786667, 3.4345274], [-76.4788366, 3.4342718], [-76.4788884, 3.4341938], [-76.4790569, 3.4339404], [-76.4792432, 3.433555], [-76.4794112, 3.433665]]]}}, {"type": "Feature", "properties": {"name": "Los Naranjos", "comuna": ""}, "geometry": {"type": "Polygon", "coordinates": [[[-76.4822374, 3.4355152], [-76.4823809, 3.4355814], [-76.4823893, 3.4353787], [-76.4824047, 3.4352699], [-76.4824401, 3.4350888], [-76.4824858, 3.4348891], [-76.4826158, 3.4344602], [-76.4827467, 3.4340088], [-76.4827398, 3.433822], [-76.4825904, 3.4333683], [-76.4824733, 3.4330753], [-76.4824263, 3.4330038], [-76.4822568, 3.4327547], [-76.4821898, 3.4326862], [-76.4819918, 3.4325117], [-76.481773, 3.4323556], [-76.4816066, 3.4323017], [-76.4815134, 3.4322818], [-76.4810751, 3.4321787], [-76.4807492, 3.4320672], [-76.480408, 3.4319526], [-76.4803752, 3.4320042], [-76.4799473, 3.432788], [-76.4795936, 3.4333665], [-76.4794112, 3.433665], [-76.4801369, 3.4341401], [-76.4808661, 3.4346175], [-76.4815901, 3.4350915], [-76.4822374, 3.4355152]]]}}, {"type": "Feature", "properties": {"name": "Jose Manuel Marroqu\u00edn II", "comuna": ""}, "geometry": {"type": "Polygon", "coordinates": [[[-76.4823809, 3.4355814], [-76.4823731, 3.4357697], [-76.4823612, 3.4360043], [-76.4823481, 3.4363103], [-76.4823246, 3.4365241], [-76.4822999, 3.4367263], [-76.4822614, 3.4370239], [-76.4821959, 3.4372431], [-76.4820349, 3.4378244], [-76.4818501, 3.4384142], [-76.48182, 3.4385103], [-76.4817422, 3.4388371], [-76.4817006, 3.4391262], [-76.4816883, 3.4394177], [-76.4816805, 3.4398178], [-76.4816074, 3.4401682], [-76.4815481, 3.4405449], [-76.4815527, 3.4407564], [-76.4815812, 3.440911], [-76.4817368, 3.4411247], [-76.481855, 3.4412653], [-76.4820649, 3.4413282], [-76.4822432, 3.4415069], [-76.4823666, 3.4412679], [-76.482484, 3.4411214], [-76.4829125, 3.4407786], [-76.4835475, 3.4403041], [-76.4837976, 3.4402077], [-76.4840604, 3.4401803], [-76.4840081, 3.4385765], [-76.4839666, 3.4375189], [-76.483921, 3.4354868], [-76.4839058, 3.4346186], [-76.4838968, 3.4341026], [-76.483878, 3.4324132], [-76.483867, 3.4317497], [-76.4838633, 3.4315256], [-76.4838351, 3.4302686], [-76.4837976, 3.4288991], [-76.483819, 3.4282766], [-76.4839987, 3.4276808], [-76.4841121, 3.427424], [-76.4839458, 3.4274233], [-76.4838606, 3.4274239], [-76.4835656, 3.4274259], [-76.4827416, 3.4274316], [-76.4819426, 3.4274393], [-76.4813564, 3.4274418], [-76.4811738, 3.427445], [-76.480337, 3.4274597], [-76.4803367, 3.4274597], [-76.4795252, 3.4274739], [-76.4787074, 3.4274882], [-76.4778288, 3.4275036], [-76.4776425, 3.4274996], [-76.4776648, 3.4281232], [-76.4776925, 3.4287492], [-76.4776948, 3.4289475], [-76.477785, 3.4292367], [-76.4779275, 3.4296781], [-76.4780376, 3.4299787], [-76.4781832, 3.4302286], [-76.4783281, 3.4304732], [-76.4787228, 3.4308129], [-76.4788511, 3.4309045], [-76.4792625, 3.4311837], [-76.4795945, 3.4314136], [-76.4800197, 3.4316989], [-76.480408, 3.4319526], [-76.4807492, 3.4320672], [-76.4810751, 3.4321787], [-76.4815134, 3.4322818], [-76.4816066, 3.4323017], [-76.481773, 3.4323556], [-76.4819918, 3.4325117], [-76.4821898, 3.4326862], [-76.4822568, 3.4327547], [-76.4824263, 3.4330038], [-76.4824733, 3.4330753], [-76.4825904, 3.4333683], [-76.4827398, 3.433822], [-76.4827467, 3.4340088], [-76.4826158, 3.4344602], [-76.4824858, 3.4348891], [-76.4824401, 3.4350888], [-76.4824047, 3.4352699], [-76.4823893, 3.4353787], [-76.4823809, 3.4355814]]]}}, {"type": "Feature", "properties": {"name": "El Morichal", "comuna": ""}, "geometry": {"type": "Polygon", "coordinates": [[[-76.5010215, 3.4048203], [-76.5016409, 3.4043013], [-76.5021955, 3.4038045], [-76.5027432, 3.4033077], [-76.503378, 3.4027195], [-76.5038687, 3.402275], [-76.5044534, 3.4017352], [-76.5049757, 3.4012461], [-76.505558, 3.4007301], [-76.5062175, 3.4001395], [-76.5067043, 3.3996889], [-76.5071966, 3.3992267], [-76.5077081, 3.3987738], [-76.5078287, 3.3986604], [-76.5082065, 3.3983055], [-76.5087704, 3.3977957], [-76.509211, 3.3973843], [-76.509771, 3.396859], [-76.510355, 3.3963361], [-76.5108919, 3.395854], [-76.5115487, 3.3952548], [-76.5119396, 3.3948739], [-76.5122759, 3.3945594], [-76.5127916, 3.3940826], [-76.5130203, 3.3938838], [-76.5132876, 3.3936739], [-76.5132335, 3.3936022], [-76.512351, 3.3924321], [-76.5116376, 3.391495], [-76.5113291, 3.3910773], [-76.510959, 3.3905578], [-76.5107471, 3.3902499], [-76.5104654, 3.389701], [-76.5103394, 3.389361], [-76.5101677, 3.3888978], [-76.5099813, 3.3883141], [-76.5093926, 3.3883542], [-76.5090305, 3.3884024], [-76.5086013, 3.3885684], [-76.5083089, 3.3886916], [-76.5078154, 3.3889808], [-76.5072843, 3.3894654], [-76.5067399, 3.3899661], [-76.5062517, 3.3903918], [-76.5058842, 3.3907747], [-76.5050823, 3.3916101], [-76.5046987, 3.3919849], [-76.5046544, 3.3920251], [-76.5045954, 3.3920666], [-76.5045183, 3.3921128], [-76.5044345, 3.3923303], [-76.5042722, 3.3926155], [-76.5040872, 3.3928672], [-76.5038042, 3.3932929], [-76.5035199, 3.393728], [-76.5033804, 3.3938779], [-76.5032463, 3.3940774], [-76.5030719, 3.3944121], [-76.502848, 3.3949235], [-76.5025677, 3.3954121], [-76.5023008, 3.3958124], [-76.5021104, 3.3963011], [-76.5017992, 3.3968446], [-76.5015753, 3.397344], [-76.5013902, 3.3977335], [-76.5010911, 3.3982262], [-76.5009181, 3.3985796], [-76.5005372, 3.3993039], [-76.5002033, 3.3999478], [-76.5001617, 3.4000509], [-76.5000679, 3.4001995], [-76.4997473, 3.400893], [-76.4993665, 3.4016146], [-76.499337, 3.4016922], [-76.4992297, 3.4019144], [-76.4990969, 3.4021407], [-76.4989172, 3.4023709], [-76.4988442, 3.402439], [-76.4993314, 3.4029702], [-76.4999338, 3.4036253], [-76.5006102, 3.4043697], [-76.5010215, 3.4048203]]]}}, {"type": "Feature", "properties": {"name": "Ciudad C\u00f3rdoba", "comuna": ""}, "geometry": {"type": "Polygon", "coordinates": [[[-76.5161195, 3.3970213], [-76.5156421, 3.3965983], [-76.5150413, 3.3959905], [-76.5141159, 3.3947722], [-76.5132876, 3.3936739], [-76.5130203, 3.3938838], [-76.5127916, 3.3940826], [-76.5122759, 3.3945594], [-76.5119396, 3.3948739], [-76.5115487, 3.3952548], [-76.5108919, 3.395854], [-76.510355, 3.3963361], [-76.509771, 3.396859], [-76.509211, 3.3973843], [-76.5087704, 3.3977957], [-76.5082065, 3.3983055], [-76.5078287, 3.3986604], [-76.5077081, 3.3987738], [-76.5071966, 3.3992267], [-76.5067043, 3.3996889], [-76.5062175, 3.4001395], [-76.505558, 3.4007301], [-76.5049757, 3.4012461], [-76.5044534, 3.4017352], [-76.5038687, 3.402275], [-76.503378, 3.4027195], [-76.5027432, 3.4033077], [-76.5021955, 3.4038045], [-76.5016409, 3.4043013], [-76.5010215, 3.4048203], [-76.5014575, 3.4053079], [-76.5021262, 3.4060584], [-76.5028534, 3.4068735], [-76.5036561, 3.4077455], [-76.5040673, 3.4081855], [-76.5075228, 3.4050391], [-76.5076174, 3.4049318], [-76.5076701, 3.4048885], [-76.5078127, 3.4047485], [-76.5090787, 3.4035892], [-76.5101141, 3.4026548], [-76.5108597, 3.4019505], [-76.5112299, 3.4016132], [-76.5123242, 3.4006493], [-76.5133247, 3.3996881], [-76.5147918, 3.3983815], [-76.5157038, 3.3975488], [-76.5159962, 3.3972195], [-76.5161195, 3.3970213]]]}}, {"type": "Feature", "properties": {"name": "El Vallado", "comuna": ""}, "geometry": {"type": "Polygon", "coordinates": [[[-76.5010215, 3.4048203], [-76.5006102, 3.4043697], [-76.4999338, 3.4036253], [-76.4993314, 3.4029702], [-76.4988442, 3.402439], [-76.4988166, 3.4024647], [-76.4985323, 3.4027846], [-76.4983633, 3.4029413], [-76.4978215, 3.403383], [-76.4974219, 3.4037445], [-76.4967057, 3.4043255], [-76.4960754, 3.4048101], [-76.4954853, 3.405118], [-76.4952345, 3.4052479], [-76.4947397, 3.4055344], [-76.4944983, 3.405705], [-76.4941358, 3.4059938], [-76.49442, 3.4063953], [-76.4945925, 3.4066128], [-76.4951843, 3.407205], [-76.4954358, 3.4074543], [-76.4956612, 3.4076799], [-76.4959396, 3.4079589], [-76.4954581, 3.4085222], [-76.4952547, 3.4087852], [-76.4954466, 3.4086629], [-76.4957709, 3.4084991], [-76.4962693, 3.4083284], [-76.4966514, 3.4081861], [-76.4967276, 3.4081554], [-76.4970322, 3.4080238], [-76.4971897, 3.40794], [-76.4973419, 3.4078112], [-76.4977545, 3.4073856], [-76.4984262, 3.4067289], [-76.4984391, 3.4067954], [-76.4984805, 3.4068381], [-76.4988027, 3.4071703], [-76.4989612, 3.4073236], [-76.4990167, 3.407391], [-76.4992277, 3.4076086], [-76.4994863, 3.4078822], [-76.4997192, 3.4081154], [-76.4999736, 3.408378], [-76.5000332, 3.4084392], [-76.5004849, 3.4089054], [-76.500548, 3.40897], [-76.501055, 3.409548], [-76.5016803, 3.4102333], [-76.501747, 3.4103063], [-76.5040673, 3.4081855], [-76.5036561, 3.4077455], [-76.5028534, 3.4068735], [-76.5021262, 3.4060584], [-76.5014575, 3.4053079], [-76.5010215, 3.4048203]]]}}, {"type": "Feature", "properties": {"name": "El Retiro", "comuna": ""}, "geometry": {"type": "Polygon", "coordinates": [[[-76.4976812, 3.4141587], [-76.4977732, 3.4140701], [-76.498189, 3.4136605], [-76.4992484, 3.4126457], [-76.4999364, 3.4119831], [-76.5004621, 3.4114636], [-76.5005627, 3.411382], [-76.5008403, 3.4111236], [-76.500997, 3.4109793], [-76.5013952, 3.4106279], [-76.501747, 3.4103063], [-76.5016803, 3.4102333], [-76.501055, 3.409548], [-76.500548, 3.40897], [-76.5004849, 3.4089054], [-76.5000332, 3.4084392], [-76.4999736, 3.408378], [-76.4997192, 3.4081154], [-76.4994863, 3.4078822], [-76.4992277, 3.4076086], [-76.4990167, 3.407391], [-76.4989612, 3.4073236], [-76.4988027, 3.4071703], [-76.4984805, 3.4068381], [-76.4984391, 3.4067954], [-76.4984262, 3.4067289], [-76.4977545, 3.4073856], [-76.4973419, 3.4078112], [-76.4971897, 3.40794], [-76.4970322, 3.4080238], [-76.4967276, 3.4081554], [-76.4967662, 3.4081949], [-76.4968, 3.4082321], [-76.4973016, 3.4087727], [-76.4970621, 3.4090073], [-76.4968122, 3.4092521], [-76.4974261, 3.4098623], [-76.4971836, 3.4100906], [-76.4975797, 3.4105158], [-76.49771, 3.4106515], [-76.4972386, 3.4111315], [-76.4972868, 3.4111875], [-76.497035, 3.4114308], [-76.4975018, 3.4118803], [-76.4972581, 3.4121077], [-76.4970195, 3.4123325], [-76.4967294, 3.4126101], [-76.4969856, 3.4128676], [-76.497239, 3.4131378], [-76.496968, 3.4133691], [-76.4969981, 3.4134019], [-76.4975504, 3.4140031], [-76.4976812, 3.4141587]]]}}, {"type": "Feature", "properties": {"name": "Laureano G\u00f3mez", "comuna": ""}, "geometry": {"type": "Polygon", "coordinates": [[[-76.4951787, 3.412696], [-76.4943678, 3.4135065], [-76.4946183, 3.4137654], [-76.4948442, 3.4140098], [-76.4950709, 3.4142551], [-76.4953098, 3.4145135], [-76.49554, 3.4147625], [-76.4954012, 3.414898], [-76.4951537, 3.4151394], [-76.4949194, 3.4153681], [-76.4946754, 3.4156061], [-76.4944418, 3.4153595], [-76.4941525, 3.4156301], [-76.4941062, 3.4156773], [-76.4946311, 3.4162283], [-76.4948712, 3.4164803], [-76.4949747, 3.4166041], [-76.4950964, 3.4165615], [-76.4955175, 3.4162054], [-76.4961505, 3.4156311], [-76.4967553, 3.4150501], [-76.4967655, 3.4150402], [-76.4973659, 3.4144622], [-76.4976812, 3.4141587], [-76.4975504, 3.4140031], [-76.4969981, 3.4134019], [-76.496968, 3.4133691], [-76.497239, 3.4131378], [-76.4969856, 3.4128676], [-76.4967294, 3.4126101], [-76.4970195, 3.4123325], [-76.4972581, 3.4121077], [-76.4975018, 3.4118803], [-76.497035, 3.4114308], [-76.4972868, 3.4111875], [-76.4972386, 3.4111315], [-76.49771, 3.4106515], [-76.4975797, 3.4105158], [-76.4971836, 3.4100906], [-76.4974261, 3.4098623], [-76.4968122, 3.4092521], [-76.4970621, 3.4090073], [-76.4973016, 3.4087727], [-76.4968, 3.4082321], [-76.4967662, 3.4081949], [-76.4967276, 3.4081554], [-76.4966514, 3.4081861], [-76.4962693, 3.4083284], [-76.4957709, 3.4084991], [-76.4954466, 3.4086629], [-76.4952547, 3.4087852], [-76.4949343, 3.4090605], [-76.4943273, 3.4096311], [-76.4941008, 3.4098494], [-76.4941304, 3.4098829], [-76.4941633, 3.409917], [-76.4944235, 3.4101866], [-76.4946573, 3.4104286], [-76.4948695, 3.4106561], [-76.4951198, 3.4109102], [-76.4942708, 3.4117419], [-76.4945146, 3.4119985], [-76.4947205, 3.4122148], [-76.4949448, 3.4124504], [-76.4951787, 3.412696]]]}}, {"type": "Feature", "properties": {"name": "Los Comuneros I", "comuna": ""}, "geometry": {"type": "Polygon", "coordinates": [[[-76.4949747, 3.4166041], [-76.4948712, 3.4164803], [-76.4946311, 3.4162283], [-76.4941062, 3.4156773], [-76.4941525, 3.4156301], [-76.4944418, 3.4153595], [-76.4946754, 3.4156061], [-76.4949194, 3.4153681], [-76.4951537, 3.4151394], [-76.4954012, 3.414898], [-76.49554, 3.4147625], [-76.4953098, 3.4145135], [-76.4950709, 3.4142551], [-76.4948442, 3.4140098], [-76.4946183, 3.4137654], [-76.4943678, 3.4135065], [-76.4951787, 3.412696], [-76.4949448, 3.4124504], [-76.4947205, 3.4122148], [-76.4945146, 3.4119985], [-76.4942708, 3.4117419], [-76.4951198, 3.4109102], [-76.4948695, 3.4106561], [-76.4946573, 3.4104286], [-76.4944235, 3.4101866], [-76.4941633, 3.409917], [-76.4941304, 3.4098829], [-76.4941008, 3.4098494], [-76.4943273, 3.4096311], [-76.4949343, 3.4090605], [-76.4952547, 3.4087852], [-76.4954581, 3.4085222], [-76.4959396, 3.4079589], [-76.4956612, 3.4076799], [-76.4954358, 3.4074543], [-76.4951843, 3.407205], [-76.4945925, 3.4066128], [-76.49442, 3.4063953], [-76.4941358, 3.4059938], [-76.4938345, 3.4063241], [-76.4935045, 3.4065847], [-76.4934218, 3.4066555], [-76.4932967, 3.4067618], [-76.4931759, 3.406912], [-76.4929922, 3.4072426], [-76.4928408, 3.4075586], [-76.4927037, 3.4078877], [-76.4925731, 3.4082833], [-76.4925301, 3.4084087], [-76.4924898, 3.4084838], [-76.4924523, 3.4085329], [-76.4923941, 3.4085854], [-76.4923324, 3.4086189], [-76.4922505, 3.4086529], [-76.4918905, 3.4087775], [-76.4918372, 3.4087983], [-76.4916111, 3.4089225], [-76.4913316, 3.4091123], [-76.4910553, 3.409307], [-76.4907577, 3.4095082], [-76.4904897, 3.4096893], [-76.4903356, 3.409773], [-76.4892744, 3.4103496], [-76.4894972, 3.4107338], [-76.4898576, 3.4111985], [-76.4899721, 3.4113175], [-76.490192, 3.411529], [-76.4910824, 3.4125186], [-76.4911176, 3.4125589], [-76.4911935, 3.4126424], [-76.4900935, 3.4137202], [-76.4901682, 3.413812], [-76.4902052, 3.4138509], [-76.4903991, 3.4140544], [-76.4906274, 3.4142941], [-76.4908474, 3.414525], [-76.4910798, 3.4147689], [-76.4913504, 3.415053], [-76.4915794, 3.4152933], [-76.4918045, 3.4155296], [-76.4920157, 3.4157513], [-76.4922896, 3.4160388], [-76.4925252, 3.4162861], [-76.4927404, 3.416512], [-76.4929789, 3.4167623], [-76.4930772, 3.4168759], [-76.49331, 3.4167047], [-76.493652, 3.4166137], [-76.4940101, 3.4166445], [-76.4944507, 3.4166887], [-76.4946243, 3.4167061], [-76.4949747, 3.4166041]]]}}, {"type": "Feature", "properties": {"name": "Mojica", "comuna": ""}, "geometry": {"type": "Polygon", "coordinates": [[[-76.4879005, 3.4112177], [-76.4877793, 3.4113331], [-76.4871108, 3.411732], [-76.486976, 3.4118485], [-76.4868503, 3.4119294], [-76.4867835, 3.4119723], [-76.4863606, 3.4121371], [-76.4850602, 3.4126253], [-76.4846385, 3.4127856], [-76.4839974, 3.4130567], [-76.4836836, 3.4132067], [-76.4833456, 3.4134717], [-76.4832306, 3.4135841], [-76.4833851, 3.4137554], [-76.4833422, 3.4139696], [-76.483222, 3.4141238], [-76.4831588, 3.4141618], [-76.4830294, 3.4143153], [-76.4829385, 3.4146086], [-76.4828888, 3.4149317], [-76.4830117, 3.414891], [-76.4832547, 3.4148049], [-76.4834706, 3.4149463], [-76.4838452, 3.4151887], [-76.4840035, 3.4153447], [-76.4840445, 3.4153979], [-76.4842336, 3.4156903], [-76.4843815, 3.4159183], [-76.4846051, 3.4162349], [-76.4848088, 3.416531], [-76.4850049, 3.4167958], [-76.4851248, 3.4169253], [-76.4859074, 3.4177345], [-76.485965, 3.4177861], [-76.4862238, 3.4180185], [-76.4862794, 3.418072], [-76.4864564, 3.4182146], [-76.4866421, 3.4183511], [-76.486823, 3.4184738], [-76.4871946, 3.4187499], [-76.4873612, 3.4188688], [-76.4874774, 3.4189634], [-76.4876325, 3.4190797], [-76.487869, 3.419245], [-76.4880931, 3.4194183], [-76.4884914, 3.4194679], [-76.4886256, 3.4194652], [-76.4888046, 3.4194484], [-76.4891405, 3.4192985], [-76.4894819, 3.419083], [-76.4897943, 3.4188802], [-76.4902208, 3.4186184], [-76.4904387, 3.418522], [-76.4906667, 3.4184585], [-76.4910255, 3.4183581], [-76.4913802, 3.4182463], [-76.4917812, 3.4180702], [-76.4920695, 3.4179042], [-76.4922881, 3.4177422], [-76.4925711, 3.4174785], [-76.4929184, 3.4170474], [-76.4930772, 3.4168759], [-76.4929789, 3.4167623], [-76.4927404, 3.416512], [-76.4925252, 3.4162861], [-76.4922896, 3.4160388], [-76.4920157, 3.4157513], [-76.4918045, 3.4155296], [-76.4915794, 3.4152933], [-76.4913504, 3.415053], [-76.4910798, 3.4147689], [-76.4908474, 3.414525], [-76.4906274, 3.4142941], [-76.4903991, 3.4140544], [-76.4902052, 3.4138509], [-76.4901682, 3.413812], [-76.4900935, 3.4137202], [-76.4911935, 3.4126424], [-76.4911176, 3.4125589], [-76.4910824, 3.4125186], [-76.490192, 3.411529], [-76.4899721, 3.4113175], [-76.4898576, 3.4111985], [-76.4894972, 3.4107338], [-76.4892744, 3.4103496], [-76.4884821, 3.4108398], [-76.4880951, 3.4110877], [-76.4879005, 3.4112177]]]}}, {"type": "Feature", "properties": {"name": "Ciudad 2000", "comuna": ""}, "geometry": {"type": "Polygon", "coordinates": [[[-76.5235278, 3.3878642], [-76.5235499, 3.3879385], [-76.5236163, 3.3880564], [-76.5236847, 3.3881762], [-76.5237605, 3.388227], [-76.5238792, 3.3882933], [-76.5238979, 3.3883321], [-76.5238758, 3.3884091], [-76.5237276, 3.3885537], [-76.5236237, 3.3885778], [-76.5234581, 3.3885865], [-76.5233146, 3.3886153], [-76.5232609, 3.3886849], [-76.5230691, 3.3889433], [-76.5231007, 3.3890343], [-76.5231556, 3.3891956], [-76.52311, 3.3892706], [-76.522982, 3.3893616], [-76.5228365, 3.3894507], [-76.5226977, 3.3895169], [-76.5226353, 3.3896421], [-76.5225508, 3.3897626], [-76.5224073, 3.389869], [-76.5222558, 3.3899808], [-76.5220881, 3.3901073], [-76.5219976, 3.3901602], [-76.5217917, 3.3902278], [-76.5216952, 3.3902673], [-76.5215416, 3.3903704], [-76.5213686, 3.3904521], [-76.5212057, 3.3905043], [-76.5210903, 3.390517], [-76.5208691, 3.3905873], [-76.5207423, 3.3906047], [-76.5206645, 3.3906214], [-76.520576, 3.3906201], [-76.5205023, 3.3905987], [-76.5204446, 3.3905592], [-76.5203326, 3.3904434], [-76.5202763, 3.3903871], [-76.5202113, 3.3903416], [-76.5201643, 3.3903189], [-76.5201066, 3.3902928], [-76.5200751, 3.3902412], [-76.5200333, 3.3901508], [-76.5199658, 3.3900846], [-76.5198927, 3.390027], [-76.5197848, 3.3899808], [-76.5196842, 3.3899447], [-76.5195414, 3.3899226], [-76.5194589, 3.3899192], [-76.5193516, 3.3899279], [-76.5192678, 3.389952], [-76.5191893, 3.3899922], [-76.5191645, 3.3900257], [-76.5191343, 3.3900752], [-76.5190955, 3.390114], [-76.5190478, 3.3901709], [-76.518958, 3.3902044], [-76.5187682, 3.390197], [-76.5185892, 3.3901743], [-76.5184604, 3.3901294], [-76.5183974, 3.3900692], [-76.5183277, 3.3899929], [-76.5182338, 3.3898925], [-76.5181627, 3.3898342], [-76.5181104, 3.3898121], [-76.5180521, 3.3898336], [-76.5179166, 3.3898797], [-76.5178154, 3.3898811], [-76.5177302, 3.389861], [-76.5176457, 3.3898041], [-76.517523, 3.3897144], [-76.517468, 3.3896776], [-76.517399, 3.3895999], [-76.5173312, 3.3895076], [-76.5172427, 3.3894667], [-76.5171549, 3.3894674], [-76.5170255, 3.3895149], [-76.5169182, 3.3895645], [-76.5168263, 3.3895906], [-76.5167693, 3.3895839], [-76.516709, 3.3895477], [-76.5166379, 3.3895029], [-76.5165775, 3.3894868], [-76.5164944, 3.3894647], [-76.5164441, 3.3894165], [-76.5163389, 3.3892972], [-76.5162266, 3.390255], [-76.5161997, 3.3904315], [-76.5161437, 3.3906462], [-76.5160709, 3.3908452], [-76.515959, 3.3910783], [-76.5157258, 3.3914169], [-76.515343, 3.3917969], [-76.5137223, 3.3932333], [-76.5132876, 3.3936739], [-76.5141159, 3.3947722], [-76.5150413, 3.3959905], [-76.5156421, 3.3965983], [-76.5161195, 3.3970213], [-76.5176082, 3.3983065], [-76.5189171, 3.3994016], [-76.519125, 3.3996163], [-76.5195772, 3.3994994], [-76.5196416, 3.3994831], [-76.5213228, 3.3990659], [-76.521442, 3.3990417], [-76.5229587, 3.3986749], [-76.5230791, 3.3986544], [-76.52359, 3.3985984], [-76.523675, 3.3978043], [-76.5237308, 3.3970971], [-76.5238116, 3.3964882], [-76.5237948, 3.3953487], [-76.5238228, 3.3948981], [-76.5240174, 3.3924143], [-76.5243977, 3.3888147], [-76.5244181, 3.3885546], [-76.5246098, 3.3873447], [-76.5246007, 3.3872645], [-76.524606, 3.3871714], [-76.5244686, 3.3871982], [-76.5241977, 3.3872718], [-76.5239647, 3.3873468], [-76.5237182, 3.3874231], [-76.5234903, 3.3874894], [-76.523381, 3.3875637], [-76.5233608, 3.3875958], [-76.5233655, 3.387644], [-76.5233957, 3.3876721], [-76.5234869, 3.3877571], [-76.5235244, 3.3878], [-76.5235256, 3.3878235], [-76.5235278, 3.3878642]]]}}, {"type": "Feature", "properties": {"name": "La Alborada", "comuna": ""}, "geometry": {"type": "Polygon", "coordinates": [[[-76.5227285, 3.4002142], [-76.5228554, 3.4002103], [-76.5229008, 3.4002156], [-76.5229726, 3.4002241], [-76.5232485, 3.4001522], [-76.52359, 3.3985984], [-76.5230791, 3.3986544], [-76.5229587, 3.3986749], [-76.521442, 3.3990417], [-76.5213228, 3.3990659], [-76.5196416, 3.3994831], [-76.5195772, 3.3994994], [-76.519125, 3.3996163], [-76.5192443, 3.3997095], [-76.5196493, 3.4002343], [-76.5201515, 3.4009225], [-76.5205268, 3.4007552], [-76.5208512, 3.4006754], [-76.5213276, 3.4005542], [-76.5222173, 3.4003394], [-76.522302, 3.4003186], [-76.5223185, 3.4003146], [-76.5227285, 3.4002142]]]}}, {"type": "Feature", "properties": {"name": "Brisas del Limonar", "comuna": ""}, "geometry": {"type": "Polygon", "coordinates": [[[-76.5221164, 3.4035496], [-76.5221703, 3.4033595], [-76.5222015, 3.4032604], [-76.5222279, 3.4031927], [-76.5222658, 3.4031073], [-76.5222899, 3.4030549], [-76.5223684, 3.4028998], [-76.5225921, 3.4025905], [-76.5227403, 3.4024243], [-76.5228317, 3.4023348], [-76.5228985, 3.4022549], [-76.5229243, 3.4021795], [-76.5229504, 3.4020883], [-76.5232319, 3.400228], [-76.5232485, 3.4001522], [-76.5229726, 3.4002241], [-76.5229008, 3.4002156], [-76.5228554, 3.4002103], [-76.5227285, 3.4002142], [-76.5223185, 3.4003146], [-76.522302, 3.4003186], [-76.5222173, 3.4003394], [-76.5213276, 3.4005542], [-76.5208512, 3.4006754], [-76.5205268, 3.4007552], [-76.5201515, 3.4009225], [-76.5207276, 3.4017364], [-76.5212479, 3.4024058], [-76.5220177, 3.4034205], [-76.5221164, 3.4035496]]]}}, {"type": "Feature", "properties": {"name": "Mariano Ramos", "comuna": ""}, "geometry": {"type": "Polygon", "coordinates": [[[-76.5221164, 3.4035496], [-76.5220177, 3.4034205], [-76.5212479, 3.4024058], [-76.5207276, 3.4017364], [-76.5201515, 3.4009225], [-76.5196493, 3.4002343], [-76.5192443, 3.3997095], [-76.519125, 3.3996163], [-76.5189171, 3.3994016], [-76.5176082, 3.3983065], [-76.5161195, 3.3970213], [-76.5159962, 3.3972195], [-76.5157038, 3.3975488], [-76.5147918, 3.3983815], [-76.5133247, 3.3996881], [-76.5123242, 3.4006493], [-76.5112299, 3.4016132], [-76.5108597, 3.4019505], [-76.5111135, 3.4021968], [-76.5125057, 3.4036299], [-76.5140742, 3.4053309], [-76.5160789, 3.4074225], [-76.5170943, 3.4084863], [-76.5180667, 3.4095101], [-76.5181203, 3.4095642], [-76.5181692, 3.4096114], [-76.5182262, 3.4096777], [-76.5182568, 3.4096333], [-76.5183144, 3.4095456], [-76.5183332, 3.409518], [-76.5184222, 3.4094264], [-76.5186892, 3.4091512], [-76.5191423, 3.4087252], [-76.5194866, 3.4084014], [-76.5196728, 3.4082263], [-76.519821, 3.4081048], [-76.5199883, 3.4079918], [-76.5206367, 3.4073834], [-76.5210052, 3.4070605], [-76.5212238, 3.4068557], [-76.5213217, 3.4067071], [-76.5215333, 3.4064918], [-76.5215797, 3.4064446], [-76.5216221, 3.4064015], [-76.5216576, 3.406339], [-76.5216771, 3.4062934], [-76.5216884, 3.4062319], [-76.5216959, 3.4061629], [-76.5217065, 3.4060425], [-76.5217738, 3.4055458], [-76.5218398, 3.4055528], [-76.5219645, 3.405566], [-76.5225532, 3.4056339], [-76.5225706, 3.4052986], [-76.522577, 3.4051194], [-76.5224804, 3.4049775], [-76.5224375, 3.4048382], [-76.5224183, 3.4046972], [-76.5223771, 3.4043938], [-76.522357, 3.4041836], [-76.5223503, 3.4040377], [-76.52229, 3.4038596], [-76.5221867, 3.4036414], [-76.5221164, 3.4035496]]]}}, {"type": "Feature", "properties": {"name": "Rep\u00fablica de Israel", "comuna": ""}, "geometry": {"type": "Polygon", "coordinates": [[[-76.5181692, 3.4096114], [-76.5181203, 3.4095642], [-76.5180667, 3.4095101], [-76.5170943, 3.4084863], [-76.5160789, 3.4074225], [-76.5140742, 3.4053309], [-76.5125057, 3.4036299], [-76.5111135, 3.4021968], [-76.5108597, 3.4019505], [-76.5101141, 3.4026548], [-76.5090787, 3.4035892], [-76.5078127, 3.4047485], [-76.5076701, 3.4048885], [-76.5079338, 3.4051787], [-76.5082843, 3.4055562], [-76.5087727, 3.4060691], [-76.5092757, 3.4066051], [-76.5097032, 3.4070627], [-76.5104412, 3.4078347], [-76.5110413, 3.4084684], [-76.511542, 3.4090043], [-76.5119488, 3.4094296], [-76.5125581, 3.4100609], [-76.5149071, 3.4125371], [-76.5149549, 3.4125876], [-76.5149787, 3.4126127], [-76.5150127, 3.4126487], [-76.5150746, 3.4125918], [-76.5150971, 3.41257], [-76.5151703, 3.4124987], [-76.5152053, 3.4125058], [-76.5152436, 3.4125135], [-76.5152709, 3.412519], [-76.5161641, 3.4116468], [-76.5164164, 3.4113704], [-76.5167852, 3.4110407], [-76.5175134, 3.4103438], [-76.5179609, 3.4099117], [-76.5180244, 3.4098542], [-76.5180615, 3.4098182], [-76.5181919, 3.4097056], [-76.5182262, 3.4096777], [-76.5181692, 3.4096114]]]}}, {"type": "Feature", "properties": {"name": "Uni\u00f3n de Vivienda Popular", "comuna": ""}, "geometry": {"type": "Polygon", "coordinates": [[[-76.5076701, 3.4048885], [-76.5076174, 3.4049318], [-76.5075228, 3.4050391], [-76.5040673, 3.4081855], [-76.504327, 3.408466], [-76.5047453, 3.4088913], [-76.5052345, 3.4093996], [-76.5056798, 3.409881], [-76.5061266, 3.4103477], [-76.5064786, 3.410723], [-76.507363, 3.4116365], [-76.5086479, 3.4130022], [-76.5105121, 3.4149585], [-76.5114057, 3.4158876], [-76.5114571, 3.4159419], [-76.511489, 3.4159757], [-76.5115652, 3.4160613], [-76.5116082, 3.4160207], [-76.5117064, 3.4159281], [-76.5121837, 3.4154796], [-76.5126526, 3.4150592], [-76.5126582, 3.4149323], [-76.5132857, 3.4143461], [-76.5137763, 3.4138716], [-76.5149143, 3.4127375], [-76.5149508, 3.4127056], [-76.5150127, 3.4126487], [-76.5149787, 3.4126127], [-76.5149549, 3.4125876], [-76.5149071, 3.4125371], [-76.5125581, 3.4100609], [-76.5119488, 3.4094296], [-76.511542, 3.4090043], [-76.5110413, 3.4084684], [-76.5104412, 3.4078347], [-76.5097032, 3.4070627], [-76.5092757, 3.4066051], [-76.5087727, 3.4060691], [-76.5082843, 3.4055562], [-76.5079338, 3.4051787], [-76.5076701, 3.4048885]]]}}, {"type": "Feature", "properties": {"name": "Antonio Nari\u00f1o", "comuna": ""}, "geometry": {"type": "Polygon", "coordinates": [[[-76.500997, 3.4109793], [-76.5008403, 3.4111236], [-76.5005627, 3.411382], [-76.5004621, 3.4114636], [-76.5017778, 3.4128532], [-76.5030143, 3.4141357], [-76.5043688, 3.4155628], [-76.5045565, 3.4157556], [-76.5039316, 3.4163607], [-76.5030786, 3.417188], [-76.5031259, 3.417236], [-76.5037654, 3.4179285], [-76.5044188, 3.4186213], [-76.5050848, 3.419335], [-76.5057075, 3.420009], [-76.5060249, 3.4203424], [-76.506373, 3.4207067], [-76.5063884, 3.4207228], [-76.5064524, 3.4207894], [-76.5064853, 3.4208237], [-76.5065435, 3.4208796], [-76.5067399, 3.4206526], [-76.5075878, 3.4198427], [-76.507908, 3.4196098], [-76.5079777, 3.4195498], [-76.5080238, 3.4195085], [-76.5080732, 3.4194643], [-76.5081292, 3.4194143], [-76.508168, 3.4193797], [-76.5083919, 3.4191636], [-76.5085276, 3.4189722], [-76.5094524, 3.4181244], [-76.5097925, 3.4177231], [-76.5099396, 3.417579], [-76.5102953, 3.4172583], [-76.5103099, 3.4171934], [-76.5104307, 3.4170736], [-76.5104867, 3.4170661], [-76.5105608, 3.4170562], [-76.5106825, 3.4169461], [-76.5106953, 3.4168686], [-76.5107053, 3.4168082], [-76.5108047, 3.4167035], [-76.5108798, 3.4167019], [-76.5109348, 3.4167008], [-76.511085, 3.4165628], [-76.5110998, 3.4164932], [-76.5112671, 3.4163424], [-76.5113221, 3.4162905], [-76.5113943, 3.416222], [-76.5115652, 3.4160613], [-76.511489, 3.4159757], [-76.5114571, 3.4159419], [-76.5114057, 3.4158876], [-76.5105121, 3.4149585], [-76.5086479, 3.4130022], [-76.507363, 3.4116365], [-76.5064786, 3.410723], [-76.5061266, 3.4103477], [-76.5056798, 3.409881], [-76.5052345, 3.4093996], [-76.5047453, 3.4088913], [-76.504327, 3.408466], [-76.5040673, 3.4081855], [-76.501747, 3.4103063], [-76.5013952, 3.4106279], [-76.500997, 3.4109793]]]}}, {"type": "Feature", "properties": {"name": "Ciudadela Pasoancho", "comuna": ""}, "geometry": {"type": "Polygon", "coordinates": [[[-76.5382928, 3.3835882], [-76.538269, 3.3834273], [-76.5379903, 3.383629], [-76.5379474, 3.3836718], [-76.5378616, 3.3837404], [-76.5376985, 3.3838175], [-76.5375612, 3.3838175], [-76.5373552, 3.3838004], [-76.537235, 3.3837404], [-76.5370805, 3.3836547], [-76.5369346, 3.3836204], [-76.5367458, 3.3836204], [-76.53666, 3.3836718], [-76.5365999, 3.3837575], [-76.5365312, 3.3838775], [-76.536454, 3.3841602], [-76.5362308, 3.3841859], [-76.5358875, 3.3842288], [-76.5355699, 3.3843916], [-76.5355248, 3.384508], [-76.5354342, 3.3846412], [-76.5353336, 3.3847134], [-76.5351751, 3.3848714], [-76.5350292, 3.3849399], [-76.5348747, 3.3849828], [-76.5346944, 3.3849057], [-76.5346, 3.3849399], [-76.5344799, 3.3850427], [-76.5343854, 3.3851541], [-76.5342224, 3.3853084], [-76.5341129, 3.3853121], [-76.5339676, 3.3853978], [-76.5338876, 3.3855483], [-76.5337932, 3.3856768], [-76.5336263, 3.3858138], [-76.5334526, 3.3858943], [-76.5333784, 3.38594], [-76.5333428, 3.3859619], [-76.533267, 3.3860135], [-76.533275, 3.3861032], [-76.5333018, 3.3861603], [-76.5333555, 3.3862765], [-76.5334928, 3.3864907], [-76.5335786, 3.3866964], [-76.5335615, 3.3868335], [-76.5333263, 3.3869355], [-76.5330856, 3.3869903], [-76.5328371, 3.3870469], [-76.5325328, 3.3870706], [-76.5325136, 3.3876975], [-76.5335653, 3.387565], [-76.5347884, 3.3873722], [-76.5365962, 3.3871487], [-76.5369786, 3.3870977], [-76.5386093, 3.3868712], [-76.5386051, 3.3867242], [-76.5385676, 3.3862115], [-76.5384592, 3.3848898], [-76.5382928, 3.3835882]]]}}, {"type": "Feature", "properties": {"name": "Mayap\u00e1n - Las Vegas", "comuna": ""}, "geometry": {"type": "Polygon", "coordinates": [[[-76.5404861, 3.3865897], [-76.5423421, 3.3863233], [-76.5433667, 3.38618], [-76.5442837, 3.3860576], [-76.5447134, 3.3859927], [-76.5447104, 3.3859068], [-76.5447012, 3.3858208], [-76.544692, 3.3857355], [-76.5446706, 3.3855934], [-76.5444069, 3.3838742], [-76.54427, 3.38312], [-76.5437039, 3.3806971], [-76.5435014, 3.379757], [-76.5433239, 3.3790765], [-76.5431056, 3.3782304], [-76.5428576, 3.3773049], [-76.5427487, 3.3769032], [-76.5426735, 3.3766096], [-76.5426097, 3.3762808], [-76.5424602, 3.3756263], [-76.5424179, 3.3754626], [-76.5422664, 3.3755309], [-76.5422357, 3.3755447], [-76.5421566, 3.3755795], [-76.5420859, 3.3756254], [-76.542019, 3.375668], [-76.541917, 3.3757593], [-76.5417225, 3.3757932], [-76.5414736, 3.3758006], [-76.5412993, 3.3758521], [-76.5411346, 3.3758674], [-76.5410402, 3.3758809], [-76.5408625, 3.3759558], [-76.540745, 3.3760397], [-76.5407549, 3.3761042], [-76.5408322, 3.3761489], [-76.5410212, 3.3762653], [-76.5412607, 3.3763327], [-76.54149, 3.3765715], [-76.5416187, 3.3767535], [-76.5416509, 3.3769035], [-76.5416295, 3.377107], [-76.5415329, 3.3772569], [-76.5414149, 3.3773426], [-76.5412281, 3.3773752], [-76.541032, 3.3774335], [-76.5409736, 3.3774801], [-76.5409386, 3.3775453], [-76.5409083, 3.3776502], [-76.5409433, 3.377839], [-76.540997, 3.3780232], [-76.5409713, 3.3782889], [-76.5409176, 3.3785476], [-76.5408429, 3.3787831], [-76.5407635, 3.3789532], [-76.5407238, 3.3789532], [-76.5406818, 3.3791467], [-76.5406537, 3.3794217], [-76.5406397, 3.3796781], [-76.5406491, 3.3798297], [-76.5406304, 3.3799695], [-76.5405278, 3.380147], [-76.5402568, 3.3802585], [-76.5401005, 3.3804008], [-76.5399486, 3.3808366], [-76.5398972, 3.3810254], [-76.5397641, 3.3813541], [-76.5397174, 3.381473], [-76.5395983, 3.3816991], [-76.5393391, 3.382086], [-76.5392014, 3.3822678], [-76.5389889, 3.3824846], [-76.5388511, 3.3826547], [-76.5387507, 3.3827946], [-76.5386013, 3.3830603], [-76.5385059, 3.3832214], [-76.5383434, 3.3833799], [-76.538269, 3.3834273], [-76.5382928, 3.3835882], [-76.5384592, 3.3848898], [-76.5385676, 3.3862115], [-76.5386051, 3.3867242], [-76.5386093, 3.3868712], [-76.5394481, 3.3867572], [-76.5404861, 3.3865897]]]}}, {"type": "Feature", "properties": {"name": "La Playa", "comuna": ""}, "geometry": {"type": "Polygon", "coordinates": [[[-76.5407549, 3.3761042], [-76.540745, 3.3760397], [-76.5408625, 3.3759558], [-76.5410402, 3.3758809], [-76.5411346, 3.3758674], [-76.5412993, 3.3758521], [-76.5414736, 3.3758006], [-76.5417225, 3.3757932], [-76.541917, 3.3757593], [-76.542019, 3.375668], [-76.5420859, 3.3756254], [-76.5421566, 3.3755795], [-76.5422357, 3.3755447], [-76.5422664, 3.3755309], [-76.5424179, 3.3754626], [-76.5423645, 3.3752362], [-76.5422121, 3.3746412], [-76.5420877, 3.37434], [-76.541923, 3.3744219], [-76.5416495, 3.3745264], [-76.5416112, 3.3745411], [-76.5416206, 3.3746], [-76.5411325, 3.374762], [-76.5406322, 3.3748999], [-76.5406363, 3.3749615], [-76.5405102, 3.3749976], [-76.540535, 3.3751464], [-76.5407018, 3.3756369], [-76.5406966, 3.3756533], [-76.5406651, 3.3756694], [-76.540643, 3.3756888], [-76.5406249, 3.3757176], [-76.5406135, 3.3757444], [-76.5406014, 3.3757578], [-76.5405759, 3.3757691], [-76.5405531, 3.3757698], [-76.5404566, 3.3757839], [-76.5404063, 3.3757912], [-76.540366, 3.3758073], [-76.5403412, 3.3758187], [-76.5403238, 3.3758461], [-76.5402936, 3.3758702], [-76.5402728, 3.3758823], [-76.5402435, 3.3758989], [-76.5402246, 3.3759097], [-76.5403683, 3.3760183], [-76.5404347, 3.3761149], [-76.5407549, 3.3761042]]]}}, {"type": "Feature", "properties": {"name": "Unicentro Cali", "comuna": ""}, "geometry": {"type": "Polygon", "coordinates": [[[-76.5407549, 3.3761042], [-76.5404347, 3.3761149], [-76.5403683, 3.3760183], [-76.5402246, 3.3759097], [-76.5402435, 3.3758989], [-76.5402728, 3.3758823], [-76.5402936, 3.3758702], [-76.5403238, 3.3758461], [-76.5403412, 3.3758187], [-76.540366, 3.3758073], [-76.5404063, 3.3757912], [-76.5404566, 3.3757839], [-76.5405531, 3.3757698], [-76.5405759, 3.3757691], [-76.5406014, 3.3757578], [-76.5406135, 3.3757444], [-76.5406249, 3.3757176], [-76.540643, 3.3756888], [-76.5406651, 3.3756694], [-76.5406966, 3.3756533], [-76.5407018, 3.3756369], [-76.540535, 3.3751464], [-76.5405102, 3.3749976], [-76.5406363, 3.3749615], [-76.5406322, 3.3748999], [-76.5411325, 3.374762], [-76.5416206, 3.3746], [-76.5416112, 3.3745411], [-76.5416495, 3.3745264], [-76.541923, 3.3744219], [-76.5420877, 3.37434], [-76.5420136, 3.3741606], [-76.5417829, 3.3737991], [-76.5416273, 3.3735889], [-76.541445, 3.3733814], [-76.5411459, 3.3731766], [-76.5404678, 3.3728341], [-76.540311, 3.3727608], [-76.5402653, 3.3727393], [-76.5401121, 3.3726483], [-76.5398854, 3.3725358], [-76.5391745, 3.3721511], [-76.5382893, 3.3716731], [-76.5380573, 3.3715279], [-76.5377596, 3.3713666], [-76.5374069, 3.3711657], [-76.5373146, 3.3711229], [-76.5372205, 3.371068], [-76.5371405, 3.371025], [-76.5370954, 3.3709939], [-76.5370952, 3.3710937], [-76.5370911, 3.3711445], [-76.53709, 3.3712545], [-76.537091, 3.3713543], [-76.5370891, 3.3714345], [-76.5370987, 3.3717918], [-76.5371143, 3.3720397], [-76.537136, 3.3726907], [-76.5371627, 3.3731594], [-76.5371647, 3.3732182], [-76.5371667, 3.3732931], [-76.5371679, 3.3733374], [-76.5371843, 3.3738681], [-76.5371996, 3.3741966], [-76.5372179, 3.3749448], [-76.5372192, 3.3750795], [-76.5372344, 3.3757688], [-76.5372358, 3.3758779], [-76.53725, 3.376264], [-76.5373531, 3.3781633], [-76.5375602, 3.3794573], [-76.5376498, 3.3794392], [-76.5380967, 3.3823078], [-76.5381128, 3.3824221], [-76.5381206, 3.3824774], [-76.5381275, 3.3825263], [-76.5382557, 3.3833272], [-76.538269, 3.3834273], [-76.5383434, 3.3833799], [-76.5385059, 3.3832214], [-76.5386013, 3.3830603], [-76.5387507, 3.3827946], [-76.5388511, 3.3826547], [-76.5389889, 3.3824846], [-76.5392014, 3.3822678], [-76.5393391, 3.382086], [-76.5395983, 3.3816991], [-76.5397174, 3.381473], [-76.5397641, 3.3813541], [-76.5398972, 3.3810254], [-76.5399486, 3.3808366], [-76.5401005, 3.3804008], [-76.5402568, 3.3802585], [-76.5405278, 3.380147], [-76.5406304, 3.3799695], [-76.5406491, 3.3798297], [-76.5406397, 3.3796781], [-76.5406537, 3.3794217], [-76.5406818, 3.3791467], [-76.5407238, 3.3789532], [-76.5407635, 3.3789532], [-76.5408429, 3.3787831], [-76.5409176, 3.3785476], [-76.5409713, 3.3782889], [-76.540997, 3.3780232], [-76.5409433, 3.377839], [-76.5409083, 3.3776502], [-76.5409386, 3.3775453], [-76.5409736, 3.3774801], [-76.541032, 3.3774335], [-76.5412281, 3.3773752], [-76.5414149, 3.3773426], [-76.5415329, 3.3772569], [-76.5416295, 3.377107], [-76.5416509, 3.3769035], [-76.5416187, 3.3767535], [-76.54149, 3.3765715], [-76.5412607, 3.3763327], [-76.5410212, 3.3762653], [-76.5408322, 3.3761489], [-76.5407549, 3.3761042]]]}}, {"type": "Feature", "properties": {"name": "El Ingenio", "comuna": ""}, "geometry": {"type": "Polygon", "coordinates": [[[-76.5382557, 3.3833272], [-76.5381275, 3.3825263], [-76.5381206, 3.3824774], [-76.5381128, 3.3824221], [-76.5380967, 3.3823078], [-76.5376498, 3.3794392], [-76.5375602, 3.3794573], [-76.5375356, 3.3795257], [-76.5375263, 3.3795626], [-76.5375209, 3.379606], [-76.5375209, 3.3796469], [-76.5375423, 3.3798363], [-76.537541, 3.3798812], [-76.537533, 3.3799227], [-76.5375165, 3.3799747], [-76.5374914, 3.3800271], [-76.5374616, 3.3800656], [-76.5374205, 3.3801033], [-76.5373828, 3.3801289], [-76.5373412, 3.3801436], [-76.5372963, 3.3801511], [-76.5372409, 3.3801522], [-76.5364804, 3.3800959], [-76.5363547, 3.3800881], [-76.5346402, 3.3799739], [-76.5343629, 3.3799555], [-76.5325646, 3.3798362], [-76.5324299, 3.3798272], [-76.5323773, 3.3798238], [-76.5322327, 3.3798142], [-76.5321275, 3.3798067], [-76.531631, 3.3797764], [-76.5305085, 3.3797025], [-76.5293286, 3.3796112], [-76.529086, 3.3795919], [-76.5290184, 3.3795873], [-76.5288978, 3.379579], [-76.5287928, 3.3795718], [-76.5287201, 3.3795668], [-76.5285368, 3.379555], [-76.5277942, 3.3795029], [-76.527578, 3.3794874], [-76.5273651, 3.3794698], [-76.5273054, 3.3794696], [-76.5270924, 3.3794531], [-76.5267876, 3.3794345], [-76.5267026, 3.379428], [-76.5266097, 3.3794207], [-76.5264699, 3.3794093], [-76.5257937, 3.3793665], [-76.5256355, 3.3793537], [-76.5254026, 3.3793353], [-76.5253529, 3.3793305], [-76.5252484, 3.3793204], [-76.5251398, 3.3793098], [-76.5248708, 3.3792837], [-76.5247693, 3.3792739], [-76.5247669, 3.3794223], [-76.5247588, 3.3800566], [-76.5247559, 3.3801899], [-76.524754, 3.3802685], [-76.5247485, 3.3805469], [-76.524696, 3.3806861], [-76.5247239, 3.3817167], [-76.5247239, 3.3820373], [-76.5247239, 3.3830983], [-76.5247198, 3.3833819], [-76.5247239, 3.3842952], [-76.5247079, 3.385235], [-76.524681, 3.3862498], [-76.5246527, 3.386741], [-76.5246254, 3.3871303], [-76.524606, 3.3871714], [-76.5246577, 3.3871617], [-76.524778, 3.3871624], [-76.524824, 3.3871734], [-76.5249125, 3.387229], [-76.5249779, 3.3873036], [-76.5250463, 3.3873354], [-76.5251891, 3.3873445], [-76.5253245, 3.387321], [-76.5254241, 3.3872805], [-76.525524, 3.3872009], [-76.5256424, 3.3871216], [-76.5257567, 3.3870369], [-76.525857, 3.3869807], [-76.5259733, 3.3869321], [-76.5261302, 3.3868635], [-76.5263052, 3.3867872], [-76.5264883, 3.3867136], [-76.5266532, 3.3866784], [-76.5267552, 3.3866537], [-76.5268698, 3.3866326], [-76.5269007, 3.3866292], [-76.5270764, 3.3866446], [-76.5271655, 3.3866486], [-76.5272925, 3.3866364], [-76.5274583, 3.3864686], [-76.5274905, 3.3864956], [-76.5275292, 3.3865698], [-76.5275471, 3.3866185], [-76.5275337, 3.3866894], [-76.5275053, 3.3867818], [-76.527495, 3.3868474], [-76.5275377, 3.3868858], [-76.5278426, 3.387048], [-76.5280425, 3.3871395], [-76.5282346, 3.3872181], [-76.5284379, 3.3873052], [-76.5286664, 3.3873764], [-76.5292907, 3.3872611], [-76.5296855, 3.3872151], [-76.5300747, 3.3872611], [-76.5305341, 3.3872369], [-76.5309168, 3.3872121], [-76.5312004, 3.3872181], [-76.5313418, 3.3871686], [-76.5315236, 3.3871932], [-76.5317384, 3.3872011], [-76.5322878, 3.3870897], [-76.5325328, 3.3870706], [-76.5328371, 3.3870469], [-76.5330856, 3.3869903], [-76.5333263, 3.3869355], [-76.5335615, 3.3868335], [-76.5335786, 3.3866964], [-76.5334928, 3.3864907], [-76.5333555, 3.3862765], [-76.5333018, 3.3861603], [-76.533275, 3.3861032], [-76.533267, 3.3860135], [-76.5333428, 3.3859619], [-76.5333784, 3.38594], [-76.5334526, 3.3858943], [-76.5336263, 3.3858138], [-76.5337932, 3.3856768], [-76.5338876, 3.3855483], [-76.5339676, 3.3853978], [-76.5341129, 3.3853121], [-76.5342224, 3.3853084], [-76.5343854, 3.3851541], [-76.5344799, 3.3850427], [-76.5346, 3.3849399], [-76.5346944, 3.3849057], [-76.5348747, 3.3849828], [-76.5350292, 3.3849399], [-76.5351751, 3.3848714], [-76.5353336, 3.3847134], [-76.5354342, 3.3846412], [-76.5355248, 3.384508], [-76.5355699, 3.3843916], [-76.5358875, 3.3842288], [-76.5362308, 3.3841859], [-76.536454, 3.3841602], [-76.5365312, 3.3838775], [-76.5365999, 3.3837575], [-76.53666, 3.3836718], [-76.5367458, 3.3836204], [-76.5369346, 3.3836204], [-76.5370805, 3.3836547], [-76.537235, 3.3837404], [-76.5373552, 3.3838004], [-76.5375612, 3.3838175], [-76.5376985, 3.3838175], [-76.5378616, 3.3837404], [-76.5379474, 3.3836718], [-76.5379903, 3.383629], [-76.538269, 3.3834273], [-76.5382557, 3.3833272]]]}}, {"type": "Feature", "properties": {"name": "Urbanizaci\u00f3n San Joaqu\u00edn", "comuna": ""}, "geometry": {"type": "Polygon", "coordinates": [[[-76.5248708, 3.3792837], [-76.5251398, 3.3793098], [-76.5252484, 3.3793204], [-76.5253529, 3.3793305], [-76.5254026, 3.3793353], [-76.5256355, 3.3793537], [-76.5257937, 3.3793665], [-76.5264699, 3.3794093], [-76.5266097, 3.3794207], [-76.5267026, 3.379428], [-76.5267876, 3.3794345], [-76.5270924, 3.3794531], [-76.5273054, 3.3794696], [-76.5273651, 3.3794698], [-76.527578, 3.3794874], [-76.5277942, 3.3795029], [-76.5285368, 3.379555], [-76.5287201, 3.3795668], [-76.5287928, 3.3795718], [-76.5288978, 3.379579], [-76.5289107, 3.3793658], [-76.5292837, 3.3742483], [-76.5293351, 3.3733774], [-76.529406, 3.3721305], [-76.5294921, 3.3703259], [-76.5296499, 3.3680879], [-76.5296918, 3.3675861], [-76.5296907, 3.3675376], [-76.5296915, 3.367486], [-76.5297058, 3.3673824], [-76.5297296, 3.3673094], [-76.5295169, 3.367211], [-76.5286434, 3.3668188], [-76.5285765, 3.3667828], [-76.5280432, 3.3664759], [-76.5277262, 3.3662961], [-76.5276229, 3.3662437], [-76.5275058, 3.3662048], [-76.5273426, 3.3661746], [-76.527269, 3.366174], [-76.527188, 3.3661886], [-76.5271104, 3.3662077], [-76.5260229, 3.366623], [-76.5252344, 3.3668968], [-76.5252112, 3.3673295], [-76.5251987, 3.3674775], [-76.5251708, 3.3679567], [-76.5251276, 3.3685534], [-76.5251048, 3.3688859], [-76.52507, 3.3694535], [-76.5250672, 3.3696129], [-76.5250597, 3.3698397], [-76.5250404, 3.3704844], [-76.5249472, 3.3726187], [-76.5249332, 3.3728995], [-76.5249278, 3.3737376], [-76.5248956, 3.3749639], [-76.5248098, 3.3762541], [-76.5247889, 3.3783381], [-76.5247722, 3.3790097], [-76.5247702, 3.379195], [-76.5247693, 3.3792739], [-76.5248708, 3.3792837]]]}}, {"type": "Feature", "properties": {"name": "Ciudadela Comfandi", "comuna": ""}, "geometry": {"type": "Polygon", "coordinates": [[[-76.5247239, 3.3820373], [-76.5244205, 3.3820665], [-76.5243647, 3.3820647], [-76.5237174, 3.3820434], [-76.5233733, 3.3820315], [-76.5232246, 3.3820273], [-76.5229911, 3.3820197], [-76.5223752, 3.381997], [-76.522089, 3.3819943], [-76.5218646, 3.3819921], [-76.5216983, 3.3819905], [-76.521397, 3.3819876], [-76.5212973, 3.3819867], [-76.5204509, 3.3819786], [-76.5203961, 3.381978], [-76.5203131, 3.3819697], [-76.5202858, 3.3837526], [-76.5202441, 3.3855078], [-76.5201747, 3.3864227], [-76.5200289, 3.3876251], [-76.5199576, 3.3884907], [-76.5200225, 3.3884642], [-76.5201051, 3.388437], [-76.5206538, 3.3882565], [-76.5209951, 3.3881332], [-76.5213584, 3.3879949], [-76.5216879, 3.3878852], [-76.5220334, 3.3878308], [-76.5223812, 3.3878214], [-76.5226845, 3.3878262], [-76.5227545, 3.3878292], [-76.5230679, 3.3878428], [-76.5232946, 3.3878527], [-76.5235278, 3.3878642], [-76.5235256, 3.3878235], [-76.5235244, 3.3878], [-76.5234869, 3.3877571], [-76.5233957, 3.3876721], [-76.5233655, 3.387644], [-76.5233608, 3.3875958], [-76.523381, 3.3875637], [-76.5234903, 3.3874894], [-76.5237182, 3.3874231], [-76.5239647, 3.3873468], [-76.5241977, 3.3872718], [-76.5244686, 3.3871982], [-76.524606, 3.3871714], [-76.5246254, 3.3871303], [-76.5246527, 3.386741], [-76.524681, 3.3862498], [-76.5247079, 3.385235], [-76.5247239, 3.3842952], [-76.5247198, 3.3833819], [-76.5247239, 3.3830983], [-76.5247239, 3.3820373]]]}}, {"type": "Feature", "properties": {"name": "Caney", "comuna": ""}, "geometry": {"type": "Polygon", "coordinates": [[[-76.5244205, 3.3820665], [-76.5247239, 3.3820373], [-76.5247239, 3.3817167], [-76.524696, 3.3806861], [-76.5247485, 3.3805469], [-76.524754, 3.3802685], [-76.5247559, 3.3801899], [-76.5247588, 3.3800566], [-76.5247669, 3.3794223], [-76.5247693, 3.3792739], [-76.5246896, 3.3792661], [-76.5245168, 3.3792483], [-76.5244619, 3.3792451], [-76.5241878, 3.379227], [-76.5238366, 3.3792089], [-76.5236414, 3.3791976], [-76.5233322, 3.3791796], [-76.522061, 3.3791059], [-76.5220169, 3.3791019], [-76.5216115, 3.3791032], [-76.5205202, 3.3790983], [-76.5204673, 3.379098], [-76.520331, 3.3790957], [-76.5202635, 3.3790943], [-76.5195528, 3.3790945], [-76.5191516, 3.3790935], [-76.5188836, 3.3790929], [-76.517694, 3.37909], [-76.5174126, 3.3790893], [-76.5173621, 3.3790892], [-76.516628, 3.3790874], [-76.5165728, 3.379082], [-76.5162102, 3.379088], [-76.5161311, 3.3790863], [-76.5159146, 3.3790817], [-76.515581, 3.3790805], [-76.5153375, 3.3790796], [-76.5153149, 3.3790795], [-76.5151149, 3.3790788], [-76.5142392, 3.3790755], [-76.5142349, 3.37924], [-76.5142579, 3.3792799], [-76.5142939, 3.3793059], [-76.5142679, 3.3803838], [-76.5142497, 3.3807393], [-76.5142318, 3.3810899], [-76.5142119, 3.3814804], [-76.5141948, 3.3818145], [-76.5141758, 3.3821886], [-76.5141485, 3.3825494], [-76.5141284, 3.3829189], [-76.5141091, 3.3832746], [-76.5140873, 3.383677], [-76.5140742, 3.3838028], [-76.5140606, 3.3840571], [-76.5140527, 3.3841933], [-76.5140448, 3.384555], [-76.5140442, 3.3849326], [-76.5140448, 3.3852788], [-76.5140322, 3.3856465], [-76.5139939, 3.3860153], [-76.5137058, 3.386858], [-76.5133186, 3.3880104], [-76.5132274, 3.388221], [-76.5131889, 3.3883131], [-76.5131857, 3.3883221], [-76.5131826, 3.3883308], [-76.5130424, 3.3887031], [-76.5130394, 3.3887111], [-76.5130062, 3.3888004], [-76.5129974, 3.3888242], [-76.5132831, 3.3889727], [-76.513373, 3.3890209], [-76.5134373, 3.3891561], [-76.5135124, 3.3892204], [-76.513605, 3.3892793], [-76.5137485, 3.3893516], [-76.5138504, 3.3893971], [-76.5140355, 3.3894587], [-76.5141615, 3.3894748], [-76.514297, 3.3894855], [-76.5144646, 3.3895176], [-76.5145679, 3.3895618], [-76.514639, 3.3896194], [-76.514702, 3.3896314], [-76.5148348, 3.3896207], [-76.5149085, 3.3895912], [-76.5149501, 3.3895417], [-76.5149662, 3.3894667], [-76.5149823, 3.3893396], [-76.5150064, 3.3892244], [-76.5150641, 3.3891334], [-76.5151472, 3.3890638], [-76.5152317, 3.3890383], [-76.5152592, 3.3890477], [-76.5153125, 3.3890879], [-76.5153467, 3.3890996], [-76.5153762, 3.3890979], [-76.5154155, 3.3890859], [-76.5154718, 3.389111], [-76.5155429, 3.3891254], [-76.5156005, 3.3891354], [-76.5156844, 3.3891367], [-76.5157501, 3.3891428], [-76.5158111, 3.3891233], [-76.5158962, 3.3891039], [-76.5159767, 3.3891019], [-76.5160465, 3.3890992], [-76.5161434, 3.3891227], [-76.5162577, 3.3892184], [-76.5163395, 3.3892947], [-76.5163389, 3.3892972], [-76.5164441, 3.3894165], [-76.5164944, 3.3894647], [-76.5165775, 3.3894868], [-76.5166379, 3.3895029], [-76.516709, 3.3895477], [-76.5167693, 3.3895839], [-76.5168263, 3.3895906], [-76.5169182, 3.3895645], [-76.5170255, 3.3895149], [-76.5171549, 3.3894674], [-76.5172427, 3.3894667], [-76.5173312, 3.3895076], [-76.517399, 3.3895999], [-76.517468, 3.3896776], [-76.517523, 3.3897144], [-76.5176457, 3.3898041], [-76.5177302, 3.389861], [-76.5178154, 3.3898811], [-76.5179166, 3.3898797], [-76.5180521, 3.3898336], [-76.5181104, 3.3898121], [-76.5181627, 3.3898342], [-76.5182338, 3.3898925], [-76.5183277, 3.3899929], [-76.5183974, 3.3900692], [-76.5184604, 3.3901294], [-76.5185892, 3.3901743], [-76.5187682, 3.390197], [-76.518958, 3.3902044], [-76.5190478, 3.3901709], [-76.5190955, 3.390114], [-76.5191343, 3.3900752], [-76.5191645, 3.3900257], [-76.5191893, 3.3899922], [-76.5192678, 3.389952], [-76.5193516, 3.3899279], [-76.5194589, 3.3899192], [-76.5195414, 3.3899226], [-76.5196842, 3.3899447], [-76.5197848, 3.3899808], [-76.5198927, 3.390027], [-76.5199658, 3.3900846], [-76.5200333, 3.3901508], [-76.5200751, 3.3902412], [-76.5201066, 3.3902928], [-76.5201643, 3.3903189], [-76.5202113, 3.3903416], [-76.5202763, 3.3903871], [-76.5203326, 3.3904434], [-76.5204446, 3.3905592], [-76.5205023, 3.3905987], [-76.520576, 3.3906201], [-76.5206645, 3.3906214], [-76.5207423, 3.3906047], [-76.5208691, 3.3905873], [-76.5210903, 3.390517], [-76.5212057, 3.3905043], [-76.5213686, 3.3904521], [-76.5215416, 3.3903704], [-76.5216952, 3.3902673], [-76.5217917, 3.3902278], [-76.5219976, 3.3901602], [-76.5220881, 3.3901073], [-76.5222558, 3.3899808], [-76.5224073, 3.389869], [-76.5225508, 3.3897626], [-76.5226353, 3.3896421], [-76.5226977, 3.3895169], [-76.5228365, 3.3894507], [-76.522982, 3.3893616], [-76.52311, 3.3892706], [-76.5231556, 3.3891956], [-76.5231007, 3.3890343], [-76.5230691, 3.3889433], [-76.5232609, 3.3886849], [-76.5233146, 3.3886153], [-76.5234581, 3.3885865], [-76.5236237, 3.3885778], [-76.5237276, 3.3885537], [-76.5238758, 3.3884091], [-76.5238979, 3.3883321], [-76.5238792, 3.3882933], [-76.5237605, 3.388227], [-76.5236847, 3.3881762], [-76.5236163, 3.3880564], [-76.5235499, 3.3879385], [-76.5235278, 3.3878642], [-76.5232946, 3.3878527], [-76.5230679, 3.3878428], [-76.5227545, 3.3878292], [-76.5226845, 3.3878262], [-76.5223812, 3.3878214], [-76.5220334, 3.3878308], [-76.5216879, 3.3878852], [-76.5213584, 3.3879949], [-76.5209951, 3.3881332], [-76.5206538, 3.3882565], [-76.5201051, 3.388437], [-76.5200225, 3.3884642], [-76.5199576, 3.3884907], [-76.5200289, 3.3876251], [-76.5201747, 3.3864227], [-76.5202441, 3.3855078], [-76.5202858, 3.3837526], [-76.5203131, 3.3819697], [-76.5203961, 3.381978], [-76.5204509, 3.3819786], [-76.5212973, 3.3819867], [-76.521397, 3.3819876], [-76.5216983, 3.3819905], [-76.5218646, 3.3819921], [-76.522089, 3.3819943], [-76.5223752, 3.381997], [-76.5229911, 3.3820197], [-76.5232246, 3.3820273], [-76.5233733, 3.3820315], [-76.5237174, 3.3820434], [-76.5243647, 3.3820647], [-76.5244205, 3.3820665]]]}}, {"type": "Feature", "properties": {"name": "Lili", "comuna": ""}, "geometry": {"type": "Polygon", "coordinates": [[[-76.5242787, 3.3620573], [-76.5240642, 3.3621704], [-76.5237786, 3.3623847], [-76.5234912, 3.3628016], [-76.5231864, 3.363092], [-76.5230479, 3.3633669], [-76.5228702, 3.3633837], [-76.5224858, 3.3634028], [-76.5221054, 3.3634976], [-76.5216371, 3.3637653], [-76.5214337, 3.363858], [-76.5212372, 3.363959], [-76.5207866, 3.3638332], [-76.5205988, 3.3637314], [-76.5204996, 3.3636324], [-76.5203735, 3.3635092], [-76.5202555, 3.3633673], [-76.520108, 3.3632736], [-76.5199524, 3.3632522], [-76.5198639, 3.363303], [-76.519703, 3.3633245], [-76.5196118, 3.3632602], [-76.5195555, 3.3631451], [-76.5195152, 3.3630433], [-76.5194026, 3.3629201], [-76.5192685, 3.3629362], [-76.5191209, 3.3630272], [-76.5189385, 3.3631102], [-76.5186596, 3.3632254], [-76.5183914, 3.3633512], [-76.5182599, 3.3634851], [-76.518209, 3.3638385], [-76.5181392, 3.3640367], [-76.5180561, 3.3641706], [-76.5179783, 3.3642723], [-76.5179059, 3.3643419], [-76.5178227, 3.3643259], [-76.5177101, 3.3641572], [-76.5176055, 3.364026], [-76.5175304, 3.3639349], [-76.5174231, 3.3638814], [-76.5173829, 3.3638252], [-76.517407, 3.3637207], [-76.5174526, 3.3636029], [-76.517466, 3.3634878], [-76.517466, 3.3634289], [-76.5174043, 3.3633646], [-76.5172702, 3.3633753], [-76.5171227, 3.3634235], [-76.5169027, 3.3634316], [-76.5167365, 3.3634369], [-76.5166292, 3.3635815], [-76.5166882, 3.3637047], [-76.5167847, 3.3638385], [-76.5168518, 3.3639242], [-76.5168813, 3.3640019], [-76.5168598, 3.3640956], [-76.5167847, 3.3641679], [-76.5166184, 3.3642268], [-76.5164736, 3.3642241], [-76.5163422, 3.3641652], [-76.5162456, 3.3640206], [-76.5161142, 3.3638466], [-76.515964, 3.3636993], [-76.515854, 3.3635815], [-76.5158004, 3.3635199], [-76.515744, 3.3633887], [-76.5157011, 3.3632709], [-76.5155965, 3.3632281], [-76.5155268, 3.3632066], [-76.5155107, 3.3631397], [-76.5155724, 3.3631022], [-76.515685, 3.3630701], [-76.5157306, 3.3629549], [-76.5156502, 3.362813], [-76.5155751, 3.3626229], [-76.5155, 3.3625801], [-76.5153363, 3.3626202], [-76.5152398, 3.3627273], [-76.5151754, 3.3628398], [-76.5150815, 3.3629148], [-76.514985, 3.362963], [-76.514824, 3.3630058], [-76.514824, 3.3632468], [-76.5147932, 3.3635467], [-76.514761, 3.3636591], [-76.514757, 3.3637689], [-76.5147422, 3.363943], [-76.5146953, 3.3641425], [-76.5146457, 3.3643018], [-76.5145893, 3.3644383], [-76.5145129, 3.364528], [-76.514529, 3.3645976], [-76.5144941, 3.3646552], [-76.5143989, 3.3646552], [-76.5143158, 3.3646164], [-76.5142527, 3.3646458], [-76.5142116, 3.3647247], [-76.5142155, 3.3649658], [-76.5142205, 3.3652784], [-76.5142236, 3.3658475], [-76.5142241, 3.3661032], [-76.5142293, 3.366397], [-76.5142313, 3.3669652], [-76.5142309, 3.3675577], [-76.5142308, 3.3681385], [-76.5142309, 3.3682074], [-76.5142325, 3.3684281], [-76.5142309, 3.368535], [-76.5142261, 3.3695614], [-76.5142314, 3.3707668], [-76.5142291, 3.3709167], [-76.5142274, 3.372122], [-76.5142281, 3.3726736], [-76.5142285, 3.3729729], [-76.514229, 3.3733451], [-76.5142295, 3.373683], [-76.5142297, 3.3738607], [-76.5142306, 3.3740448], [-76.5142315, 3.374231], [-76.5142347, 3.3745894], [-76.5142339, 3.3749036], [-76.5142385, 3.3752004], [-76.5142381, 3.3753586], [-76.5142287, 3.3759101], [-76.5142298, 3.3765632], [-76.514237, 3.3769194], [-76.5142335, 3.3772539], [-76.514233, 3.3775264], [-76.5142295, 3.3777765], [-76.5142286, 3.3781114], [-76.5142315, 3.3785562], [-76.5142377, 3.3787536], [-76.5142392, 3.3790755], [-76.5151149, 3.3790788], [-76.5153149, 3.3790795], [-76.5153375, 3.3790796], [-76.515581, 3.3790805], [-76.5159146, 3.3790817], [-76.5161311, 3.3790863], [-76.5162102, 3.379088], [-76.5165728, 3.379082], [-76.516628, 3.3790874], [-76.5173621, 3.3790892], [-76.5174126, 3.3790893], [-76.517694, 3.37909], [-76.5188836, 3.3790929], [-76.5191516, 3.3790935], [-76.5195528, 3.3790945], [-76.5202635, 3.3790943], [-76.520331, 3.3790957], [-76.5204673, 3.379098], [-76.5205202, 3.3790983], [-76.5216115, 3.3791032], [-76.5220169, 3.3791019], [-76.522061, 3.3791059], [-76.5233322, 3.3791796], [-76.5236414, 3.3791976], [-76.5238366, 3.3792089], [-76.5241878, 3.379227], [-76.5244619, 3.3792451], [-76.5245168, 3.3792483], [-76.5246896, 3.3792661], [-76.5247693, 3.3792739], [-76.5247702, 3.379195], [-76.5247722, 3.3790097], [-76.5247889, 3.3783381], [-76.5248098, 3.3762541], [-76.5248956, 3.3749639], [-76.5249278, 3.3737376], [-76.5249332, 3.3728995], [-76.5249472, 3.3726187], [-76.5250404, 3.3704844], [-76.5250597, 3.3698397], [-76.5250672, 3.3696129], [-76.52507, 3.3694535], [-76.5251048, 3.3688859], [-76.5251276, 3.3685534], [-76.5251708, 3.3679567], [-76.5251987, 3.3674775], [-76.5252112, 3.3673295], [-76.5252344, 3.3668968], [-76.5253693, 3.3649877], [-76.5251901, 3.3647934], [-76.5251346, 3.3647333], [-76.5249849, 3.3645474], [-76.5248448, 3.3643727], [-76.5246885, 3.3641119], [-76.5245669, 3.36379], [-76.5244966, 3.3638043], [-76.5244367, 3.36352], [-76.5243957, 3.3632251], [-76.5243156, 3.3624509], [-76.5242787, 3.3620573]]]}}, {"type": "Feature", "properties": {"name": "Santa Anita - La Selva", "comuna": ""}, "geometry": {"type": "Polygon", "coordinates": [[[-76.5416062, 3.4008846], [-76.5393971, 3.4011741], [-76.5368249, 3.4018209], [-76.5366856, 3.4019648], [-76.5360524, 3.4038074], [-76.5356749, 3.405013], [-76.5355662, 3.4053543], [-76.5345899, 3.4085258], [-76.5344797, 3.4088557], [-76.5364811, 3.4095635], [-76.5371756, 3.4097755], [-76.5387299, 3.4102655], [-76.5389172, 3.4097185], [-76.5390565, 3.4091637], [-76.5393432, 3.4083325], [-76.539486, 3.4078719], [-76.5402096, 3.4057514], [-76.5404659, 3.4048877], [-76.5413631, 3.4021072], [-76.5417565, 3.400918], [-76.5416062, 3.4008846]]]}}, {"type": "Feature", "properties": {"name": "Primero de Mayo", "comuna": ""}, "geometry": {"type": "Polygon", "coordinates": [[[-76.5344797, 3.4088557], [-76.5345899, 3.4085258], [-76.5355662, 3.4053543], [-76.5356749, 3.405013], [-76.5360524, 3.4038074], [-76.5366856, 3.4019648], [-76.5365194, 3.4021073], [-76.5364531, 3.4021224], [-76.5358767, 3.4022832], [-76.5352501, 3.4024548], [-76.5348012, 3.4025777], [-76.534235, 3.4027327], [-76.5335719, 3.4029142], [-76.5334372, 3.4032871], [-76.5328937, 3.4031206], [-76.532418, 3.4034567], [-76.532403, 3.4034995], [-76.5322419, 3.4034531], [-76.5320235, 3.4033876], [-76.531589, 3.4032596], [-76.5315566, 3.4032485], [-76.5314567, 3.4032178], [-76.5313567, 3.4036467], [-76.5312593, 3.4039758], [-76.5310345, 3.404906], [-76.5308432, 3.4055953], [-76.5304166, 3.4071753], [-76.5303052, 3.4075361], [-76.5316862, 3.4079857], [-76.5341768, 3.4087567], [-76.5344797, 3.4088557]]]}}, {"type": "Feature", "properties": {"name": "El Limonar", "comuna": ""}, "geometry": {"type": "Polygon", "coordinates": [[[-76.528605, 3.4069595], [-76.5303052, 3.4075361], [-76.5304166, 3.4071753], [-76.5308432, 3.4055953], [-76.5310345, 3.404906], [-76.5312593, 3.4039758], [-76.5313567, 3.4036467], [-76.5314567, 3.4032178], [-76.5315652, 3.4028149], [-76.5317825, 3.4020546], [-76.5320344, 3.4011112], [-76.5321022, 3.4008235], [-76.5321597, 3.4005558], [-76.5322082, 3.4001657], [-76.5322709, 3.3993438], [-76.5323016, 3.3990563], [-76.5323262, 3.3980513], [-76.5312058, 3.3979118], [-76.5301135, 3.3977843], [-76.5288262, 3.3976485], [-76.5278139, 3.397505], [-76.52762, 3.4004506], [-76.5274967, 3.4025126], [-76.5274884, 3.4026166], [-76.5274227, 3.4037256], [-76.5273569, 3.4053674], [-76.5273021, 3.4057724], [-76.5270732, 3.4064203], [-76.528605, 3.4069595]]]}}, {"type": "Feature", "properties": {"name": "Ca\u00f1averales - Los Samanes", "comuna": ""}, "geometry": {"type": "Polygon", "coordinates": [[[-76.5235003, 3.4055508], [-76.5235959, 3.4055611], [-76.5250295, 3.4057633], [-76.5268876, 3.406361], [-76.5270732, 3.4064203], [-76.5273021, 3.4057724], [-76.5273569, 3.4053674], [-76.5274227, 3.4037256], [-76.5274884, 3.4026166], [-76.5274967, 3.4025126], [-76.52762, 3.4004506], [-76.5278139, 3.397505], [-76.5268964, 3.3973924], [-76.5250784, 3.3972063], [-76.5242304, 3.3971334], [-76.5237308, 3.3970971], [-76.523675, 3.3978043], [-76.52359, 3.3985984], [-76.5232485, 3.4001522], [-76.5232319, 3.400228], [-76.5229504, 3.4020883], [-76.5229243, 3.4021795], [-76.5228985, 3.4022549], [-76.5228317, 3.4023348], [-76.5227403, 3.4024243], [-76.5225921, 3.4025905], [-76.5223684, 3.4028998], [-76.5222899, 3.4030549], [-76.5222658, 3.4031073], [-76.5222279, 3.4031927], [-76.5222015, 3.4032604], [-76.5221703, 3.4033595], [-76.5221164, 3.4035496], [-76.5221867, 3.4036414], [-76.52229, 3.4038596], [-76.5223503, 3.4040377], [-76.522357, 3.4041836], [-76.5223771, 3.4043938], [-76.5224183, 3.4046972], [-76.5224375, 3.4048382], [-76.5224804, 3.4049775], [-76.522577, 3.4051194], [-76.5225706, 3.4052986], [-76.5225532, 3.4056339], [-76.5228538, 3.405675], [-76.523426, 3.4057285], [-76.5234689, 3.4057319], [-76.5235003, 3.4055508]]]}}, {"type": "Feature", "properties": {"name": "Bosques del Limonar", "comuna": ""}, "geometry": {"type": "Polygon", "coordinates": [[[-76.5328937, 3.4031206], [-76.5334372, 3.4032871], [-76.5335719, 3.4029142], [-76.534235, 3.4027327], [-76.5348012, 3.4025777], [-76.5352501, 3.4024548], [-76.5358767, 3.4022832], [-76.5364531, 3.4021224], [-76.5365194, 3.4021073], [-76.5366856, 3.4019648], [-76.5372654, 3.4001948], [-76.5377539, 3.3986687], [-76.53787, 3.3982621], [-76.5379163, 3.3979838], [-76.5379721, 3.3974997], [-76.5380192, 3.396867], [-76.5380587, 3.3962913], [-76.5380926, 3.3958766], [-76.5380111, 3.3958904], [-76.5379547, 3.3958941], [-76.5374595, 3.3959258], [-76.5370841, 3.3959499], [-76.5369355, 3.3959594], [-76.5365742, 3.3959825], [-76.5360206, 3.396018], [-76.5353822, 3.3960589], [-76.5350258, 3.3960818], [-76.5350147, 3.3965268], [-76.534985, 3.3970126], [-76.5349741, 3.397136], [-76.5349045, 3.3979538], [-76.5348999, 3.3980069], [-76.5348804, 3.3980526], [-76.532653, 3.3980546], [-76.5323262, 3.3980513], [-76.5323016, 3.3990563], [-76.5322709, 3.3993438], [-76.5322082, 3.4001657], [-76.5321597, 3.4005558], [-76.5321022, 3.4008235], [-76.5320344, 3.4011112], [-76.5317825, 3.4020546], [-76.5315652, 3.4028149], [-76.5314567, 3.4032178], [-76.5315566, 3.4032485], [-76.531589, 3.4032596], [-76.5320235, 3.4033876], [-76.5322419, 3.4034531], [-76.532403, 3.4034995], [-76.532418, 3.4034567], [-76.5328937, 3.4031206]]]}}, {"type": "Feature", "properties": {"name": "El Gran Limonar - Cataya", "comuna": ""}, "geometry": {"type": "Polygon", "coordinates": [[[-76.5381967, 3.3958734], [-76.5380926, 3.3958766], [-76.5380587, 3.3962913], [-76.5380192, 3.396867], [-76.5379721, 3.3974997], [-76.5379163, 3.3979838], [-76.53787, 3.3982621], [-76.5377539, 3.3986687], [-76.5372654, 3.4001948], [-76.5366856, 3.4019648], [-76.5368249, 3.4018209], [-76.5393971, 3.4011741], [-76.5416062, 3.4008846], [-76.5417565, 3.400918], [-76.5426324, 3.3983467], [-76.5427747, 3.3979499], [-76.5431495, 3.3967872], [-76.5435539, 3.3955358], [-76.5433474, 3.3955418], [-76.5432741, 3.3955464], [-76.5427175, 3.3955816], [-76.5422539, 3.3956109], [-76.5417735, 3.3956444], [-76.54134, 3.3956693], [-76.540818, 3.3957027], [-76.5402632, 3.3957388], [-76.5396713, 3.3957796], [-76.5394148, 3.3957942], [-76.5391567, 3.3958101], [-76.5387091, 3.395839], [-76.5382396, 3.3958705], [-76.5381967, 3.3958734]]]}}, {"type": "Feature", "properties": {"name": "La Hacienda", "comuna": ""}, "geometry": {"type": "Polygon", "coordinates": [[[-76.5327602, 3.3917451], [-76.5324622, 3.3917006], [-76.532427, 3.3930512], [-76.5318516, 3.3930112], [-76.5301837, 3.3928674], [-76.5290433, 3.3927755], [-76.5272012, 3.3926288], [-76.5254424, 3.3925062], [-76.5240174, 3.3924143], [-76.5238228, 3.3948981], [-76.5237948, 3.3953487], [-76.5238116, 3.3964882], [-76.5237308, 3.3970971], [-76.5242304, 3.3971334], [-76.5250784, 3.3972063], [-76.5268964, 3.3973924], [-76.5278139, 3.397505], [-76.5288262, 3.3976485], [-76.5301135, 3.3977843], [-76.5312058, 3.3979118], [-76.5323262, 3.3980513], [-76.532653, 3.3980546], [-76.5348804, 3.3980526], [-76.5348999, 3.3980069], [-76.5349045, 3.3979538], [-76.5349741, 3.397136], [-76.534985, 3.3970126], [-76.5350147, 3.3965268], [-76.5350258, 3.3960818], [-76.5351968, 3.3944482], [-76.5353057, 3.3933835], [-76.535311, 3.3933312], [-76.5352884, 3.3931765], [-76.5352915, 3.3931269], [-76.5353193, 3.3926703], [-76.5353269, 3.3925468], [-76.5353562, 3.3919762], [-76.5353644, 3.3919099], [-76.5337526, 3.3918004], [-76.5336746, 3.391824], [-76.5327602, 3.3917451]]]}}, {"type": "Feature", "properties": {"name": "Los Portales - Nuevo Rey", "comuna": ""}, "geometry": {"type": "Polygon", "coordinates": [[[-76.5380111, 3.3958904], [-76.5380926, 3.3958766], [-76.5381967, 3.3958734], [-76.5382396, 3.3958705], [-76.5387091, 3.395839], [-76.5391567, 3.3958101], [-76.5394148, 3.3957942], [-76.5396713, 3.3957796], [-76.5402632, 3.3957388], [-76.540818, 3.3957027], [-76.54134, 3.3956693], [-76.5417735, 3.3956444], [-76.5422539, 3.3956109], [-76.5427175, 3.3955816], [-76.5432741, 3.3955464], [-76.5433474, 3.3955418], [-76.5435539, 3.3955358], [-76.5439273, 3.3943801], [-76.5444668, 3.3926939], [-76.5442843, 3.3926822], [-76.5442573, 3.3926805], [-76.5436336, 3.3926399], [-76.5432335, 3.392601], [-76.5429514, 3.3925736], [-76.5420138, 3.3925028], [-76.5419102, 3.3924945], [-76.5406645, 3.3923694], [-76.5399689, 3.392304], [-76.5386728, 3.3921856], [-76.5383585, 3.3921448], [-76.53828, 3.3921335], [-76.5382321, 3.3921299], [-76.537925, 3.3921063], [-76.5377392, 3.3920921], [-76.5368591, 3.3920246], [-76.5363151, 3.3919828], [-76.5354477, 3.3919163], [-76.5353644, 3.3919099], [-76.5353562, 3.3919762], [-76.5353269, 3.3925468], [-76.5353193, 3.3926703], [-76.5352915, 3.3931269], [-76.5352884, 3.3931765], [-76.535311, 3.3933312], [-76.5353057, 3.3933835], [-76.5351968, 3.3944482], [-76.5350258, 3.3960818], [-76.5353822, 3.3960589], [-76.5360206, 3.396018], [-76.5365742, 3.3959825], [-76.5369355, 3.3959594], [-76.5370841, 3.3959499], [-76.5374595, 3.3959258], [-76.5379547, 3.3958941], [-76.5380111, 3.3958904]]]}}, {"type": "Feature", "properties": {"name": "El Gran Limonar", "comuna": ""}, "geometry": {"type": "Polygon", "coordinates": [[[-76.5455784, 3.3913806], [-76.5455261, 3.3909936], [-76.5452942, 3.3903477], [-76.5451991, 3.3907067], [-76.5450325, 3.3914565], [-76.5446019, 3.3922984], [-76.5444668, 3.3926939], [-76.5439273, 3.3943801], [-76.5435539, 3.3955358], [-76.5431495, 3.3967872], [-76.5427747, 3.3979499], [-76.5426324, 3.3983467], [-76.5417565, 3.400918], [-76.5420686, 3.4008906], [-76.5441909, 3.4006373], [-76.5444739, 3.4005958], [-76.5461207, 3.4003669], [-76.5464384, 3.4003812], [-76.5464342, 3.4003166], [-76.5464279, 3.399376], [-76.5464283, 3.3988893], [-76.5464185, 3.3983031], [-76.5464167, 3.3982465], [-76.5464116, 3.3980923], [-76.5464078, 3.3979768], [-76.5463617, 3.3970476], [-76.5462515, 3.3962475], [-76.5461583, 3.3956642], [-76.5460136, 3.394568], [-76.5459848, 3.394406], [-76.5458319, 3.3934941], [-76.5456988, 3.3925117], [-76.5456749, 3.3923357], [-76.545631, 3.3920382], [-76.5455811, 3.3917005], [-76.5455784, 3.3913806]]]}}, {"type": "Feature", "properties": {"name": "Ciudad Capri", "comuna": ""}, "geometry": {"type": "Polygon", "coordinates": [[[-76.5404861, 3.3865897], [-76.5394481, 3.3867572], [-76.5386093, 3.3868712], [-76.5386113, 3.3869427], [-76.5386252, 3.3874285], [-76.5385931, 3.3886909], [-76.5385609, 3.3893891], [-76.5384034, 3.3916119], [-76.5383585, 3.3921448], [-76.5386728, 3.3921856], [-76.5399689, 3.392304], [-76.5406645, 3.3923694], [-76.5419102, 3.3924945], [-76.5420138, 3.3925028], [-76.5429514, 3.3925736], [-76.5432335, 3.392601], [-76.5436336, 3.3926399], [-76.5442573, 3.3926805], [-76.5442843, 3.3926822], [-76.5444668, 3.3926939], [-76.5446019, 3.3922984], [-76.5450325, 3.3914565], [-76.5451991, 3.3907067], [-76.5452942, 3.3903477], [-76.5452738, 3.390195], [-76.5452148, 3.3897492], [-76.5451491, 3.389286], [-76.5450418, 3.3886327], [-76.5449372, 3.3879205], [-76.5448782, 3.387464], [-76.5448509, 3.3872179], [-76.5448286, 3.3870168], [-76.5448058, 3.3867183], [-76.5447335, 3.3861749], [-76.5447221, 3.3860824], [-76.5447134, 3.3859927], [-76.5442837, 3.3860576], [-76.5433667, 3.38618], [-76.5423421, 3.3863233], [-76.5404861, 3.3865897]]]}}, {"type": "Feature", "properties": {"name": "Quintas de don Sim\u00f3n", "comuna": ""}, "geometry": {"type": "Polygon", "coordinates": [[[-76.5386113, 3.3869427], [-76.5386093, 3.3868712], [-76.5369786, 3.3870977], [-76.5365962, 3.3871487], [-76.5347884, 3.3873722], [-76.5335653, 3.387565], [-76.5325136, 3.3876975], [-76.5325126, 3.387955], [-76.5324885, 3.3888503], [-76.5324666, 3.3898924], [-76.5324688, 3.3907418], [-76.5324622, 3.3917006], [-76.5327602, 3.3917451], [-76.5336746, 3.391824], [-76.5337526, 3.3918004], [-76.5353644, 3.3919099], [-76.5354477, 3.3919163], [-76.5363151, 3.3919828], [-76.5368591, 3.3920246], [-76.5377392, 3.3920921], [-76.537925, 3.3921063], [-76.5382321, 3.3921299], [-76.53828, 3.3921335], [-76.5383585, 3.3921448], [-76.5384034, 3.3916119], [-76.5385609, 3.3893891], [-76.5385931, 3.3886909], [-76.5386252, 3.3874285], [-76.5386113, 3.3869427]]]}}, {"type": "Feature", "properties": {"name": "Prados del Limonar", "comuna": ""}, "geometry": {"type": "Polygon", "coordinates": [[[-76.5272925, 3.3866364], [-76.5271655, 3.3866486], [-76.5270764, 3.3866446], [-76.5269007, 3.3866292], [-76.5268698, 3.3866326], [-76.5267552, 3.3866537], [-76.5266532, 3.3866784], [-76.5264883, 3.3867136], [-76.5263052, 3.3867872], [-76.5261302, 3.3868635], [-76.5259733, 3.3869321], [-76.525857, 3.3869807], [-76.5257567, 3.3870369], [-76.5256424, 3.3871216], [-76.525524, 3.3872009], [-76.5254241, 3.3872805], [-76.5253245, 3.387321], [-76.5251891, 3.3873445], [-76.5250463, 3.3873354], [-76.5249779, 3.3873036], [-76.5249125, 3.387229], [-76.524824, 3.3871734], [-76.524778, 3.3871624], [-76.5246577, 3.3871617], [-76.524606, 3.3871714], [-76.5246007, 3.3872645], [-76.5246098, 3.3873447], [-76.5244181, 3.3885546], [-76.5243977, 3.3888147], [-76.5240174, 3.3924143], [-76.5254424, 3.3925062], [-76.5272012, 3.3926288], [-76.5290433, 3.3927755], [-76.5301837, 3.3928674], [-76.5318516, 3.3930112], [-76.532427, 3.3930512], [-76.5324622, 3.3917006], [-76.5324688, 3.3907418], [-76.5324666, 3.3898924], [-76.5324885, 3.3888503], [-76.5325126, 3.387955], [-76.5325136, 3.3876975], [-76.5325328, 3.3870706], [-76.5322878, 3.3870897], [-76.5317384, 3.3872011], [-76.5315236, 3.3871932], [-76.5313418, 3.3871686], [-76.5312004, 3.3872181], [-76.5309168, 3.3872121], [-76.5305341, 3.3872369], [-76.5300747, 3.3872611], [-76.5296855, 3.3872151], [-76.5292907, 3.3872611], [-76.5286664, 3.3873764], [-76.5284379, 3.3873052], [-76.5282346, 3.3872181], [-76.5280425, 3.3871395], [-76.5278426, 3.387048], [-76.5275377, 3.3868858], [-76.527495, 3.3868474], [-76.5275053, 3.3867818], [-76.5275337, 3.3866894], [-76.5275471, 3.3866185], [-76.5275292, 3.3865698], [-76.5274905, 3.3864956], [-76.5274583, 3.3864686], [-76.5272925, 3.3866364]]]}}, {"type": "Feature", "properties": {"name": "Alto de los Chorros", "comuna": ""}, "geometry": {"type": "Polygon", "coordinates": [[[-76.55867, 3.3875133], [-76.5587326, 3.3876401], [-76.5588444, 3.387886], [-76.5589004, 3.3880812], [-76.5589477, 3.3883173], [-76.5589734, 3.3885722], [-76.5589548, 3.3887046], [-76.5588984, 3.3888157], [-76.5588568, 3.3888472], [-76.5586565, 3.3889882], [-76.5585261, 3.3890821], [-76.5583809, 3.3892074], [-76.55822, 3.3893615], [-76.5580275, 3.3896032], [-76.5578151, 3.389898], [-76.5577407, 3.3900437], [-76.5577071, 3.3902181], [-76.5577636, 3.3904115], [-76.5578848, 3.3906056], [-76.5580722, 3.3908546], [-76.558229, 3.3910575], [-76.5582731, 3.3911587], [-76.5582888, 3.3912826], [-76.5582688, 3.3914348], [-76.5582436, 3.3915325], [-76.5581938, 3.3916147], [-76.5580681, 3.3918019], [-76.5578993, 3.3920663], [-76.5576052, 3.3924891], [-76.5577099, 3.3924957], [-76.5577893, 3.3925178], [-76.5578684, 3.3925593], [-76.5579139, 3.3925889], [-76.5579501, 3.3926316], [-76.557969, 3.3926906], [-76.5579982, 3.3928197], [-76.5580036, 3.3929382], [-76.5580264, 3.3930733], [-76.5580586, 3.3931952], [-76.5581282, 3.3934814], [-76.5582009, 3.3937027], [-76.5585254, 3.3944358], [-76.5584716, 3.3944322], [-76.5583885, 3.3944094], [-76.5583389, 3.3944014], [-76.5582973, 3.3944094], [-76.5582758, 3.3944308], [-76.558257, 3.3944643], [-76.5582329, 3.3945138], [-76.5582114, 3.394554], [-76.5581716, 3.3945919], [-76.5578238, 3.3947457], [-76.5577181, 3.3947792], [-76.5578649, 3.3947867], [-76.5581471, 3.3948202], [-76.558322, 3.394917], [-76.5586204, 3.3952408], [-76.5589058, 3.3954351], [-76.5593729, 3.3955128], [-76.5595027, 3.395461], [-76.5599114, 3.3955549], [-76.5600541, 3.3953994], [-76.5601352, 3.3952311], [-76.5603331, 3.3951955], [-76.5605407, 3.3953703], [-76.5606412, 3.3954092], [-76.5608034, 3.3953833], [-76.5610272, 3.3952278], [-76.5612121, 3.3950174], [-76.5615689, 3.3949235], [-76.5615657, 3.3926245], [-76.561423, 3.3924885], [-76.5613743, 3.3922747], [-76.5613548, 3.3920384], [-76.56129, 3.39187], [-76.5613451, 3.391734], [-76.5614262, 3.3914523], [-76.5614295, 3.3911479], [-76.5614846, 3.3908209], [-76.5616825, 3.390795], [-76.5618965, 3.3907885], [-76.5620879, 3.3906816], [-76.5621431, 3.390578], [-76.5625388, 3.390374], [-76.5627269, 3.3903578], [-76.5627367, 3.3902963], [-76.5626231, 3.3900891], [-76.5624837, 3.3899466], [-76.5622761, 3.3897976], [-76.5621593, 3.3896876], [-76.5621917, 3.3895321], [-76.5624707, 3.3892925], [-76.5626037, 3.3891209], [-76.5629586, 3.3889454], [-76.5630522, 3.3889476], [-76.563184, 3.3890282], [-76.5632172, 3.3890419], [-76.5632529, 3.3890338], [-76.5634001, 3.3888714], [-76.5635125, 3.3888038], [-76.5635251, 3.3887615], [-76.5634437, 3.3886562], [-76.5633623, 3.3885188], [-76.5632465, 3.388473], [-76.5632052, 3.3884009], [-76.5630526, 3.3880986], [-76.5630091, 3.3880265], [-76.5630091, 3.387975], [-76.5629208, 3.387904], [-76.5628313, 3.3878994], [-76.5626983, 3.387841], [-76.56261, 3.3877598], [-76.5625893, 3.3876899], [-76.56254, 3.3876258], [-76.5623967, 3.3875342], [-76.5623038, 3.3875193], [-76.5621833, 3.3875617], [-76.5620996, 3.3875434], [-76.5620297, 3.387627], [-76.5619609, 3.3876899], [-76.5619035, 3.387722], [-76.5618714, 3.387635], [-76.5617269, 3.3874472], [-76.5616822, 3.387414], [-76.5616501, 3.387414], [-76.5616271, 3.3873545], [-76.5616203, 3.3872789], [-76.5615973, 3.3871919], [-76.5616271, 3.3871267], [-76.5617602, 3.3870683], [-76.5618909, 3.3870832], [-76.5619586, 3.3870912], [-76.56197, 3.3870752], [-76.5621042, 3.3870694], [-76.5622177, 3.3871084], [-76.5622889, 3.3871427], [-76.5624196, 3.3872057], [-76.5625067, 3.3871965], [-76.5625767, 3.3872412], [-76.5626283, 3.3872595], [-76.5626696, 3.3872515], [-76.5627074, 3.3873087], [-76.5627487, 3.3873156], [-76.5627453, 3.3872881], [-76.5627074, 3.3872618], [-76.562696, 3.3872148], [-76.5626868, 3.3871736], [-76.562649, 3.38709], [-76.5626707, 3.3870545], [-76.5626616, 3.3870317], [-76.5626031, 3.386995], [-76.5625549, 3.3869527], [-76.5625354, 3.3868874], [-76.5625182, 3.3868084], [-76.5624712, 3.3867317], [-76.562454, 3.3866607], [-76.5624334, 3.3866275], [-76.5623955, 3.3866172], [-76.5623577, 3.3866115], [-76.5623244, 3.3866321], [-76.5623083, 3.3866607], [-76.5622911, 3.3866539], [-76.5623049, 3.3866252], [-76.5623026, 3.3865714], [-76.5622969, 3.3865451], [-76.5622751, 3.3865794], [-76.5622669, 3.3866245], [-76.5622536, 3.3866518], [-76.5622403, 3.3866681], [-76.5622395, 3.3866837], [-76.5622198, 3.3867053], [-76.5622023, 3.3867064], [-76.5621833, 3.3867144], [-76.5621753, 3.3867246], [-76.5621746, 3.3867603], [-76.5620948, 3.3868115], [-76.562075, 3.3868877], [-76.5620568, 3.386926], [-76.5620306, 3.386926], [-76.5620013, 3.386926], [-76.5619527, 3.3869161], [-76.5619215, 3.3869021], [-76.5618984, 3.3868828], [-76.5618753, 3.3868391], [-76.5618183, 3.386811], [-76.5617852, 3.3867885], [-76.5617654, 3.3867986], [-76.5617392, 3.3868213], [-76.5617137, 3.3868207], [-76.5616655, 3.3868046], [-76.5615937, 3.3867872], [-76.5614609, 3.3867825], [-76.5614341, 3.3867852], [-76.5614167, 3.3868126], [-76.5613852, 3.3868301], [-76.561349, 3.386826], [-76.5613094, 3.3868187], [-76.5611853, 3.3868287], [-76.5611351, 3.386826], [-76.5610673, 3.3867999], [-76.561015, 3.3867705], [-76.5609753, 3.386772], [-76.5608574, 3.3867745], [-76.5607435, 3.3867317], [-76.5606952, 3.3867102], [-76.5606, 3.3867022], [-76.560494, 3.3866446], [-76.5604149, 3.3866165], [-76.5603103, 3.3865871], [-76.560203, 3.3865375], [-76.5600447, 3.3864907], [-76.5599938, 3.3864853], [-76.5599522, 3.3865067], [-76.5598959, 3.38648], [-76.5598074, 3.3864719], [-76.5596786, 3.3864786], [-76.5595888, 3.3864626], [-76.5595365, 3.3864291], [-76.559452, 3.3864211], [-76.5593635, 3.3864117], [-76.5592991, 3.3863796], [-76.5592481, 3.3863314], [-76.5591609, 3.3863073], [-76.559055, 3.3863207], [-76.5589719, 3.3863126], [-76.5588807, 3.3863233], [-76.5587417, 3.3863653], [-76.5587156, 3.3864994], [-76.5585922, 3.3866239], [-76.5585159, 3.3867008], [-76.5585159, 3.3869847], [-76.558524, 3.3871774], [-76.5585691, 3.3873334], [-76.55867, 3.3875133]]]}}, {"type": "Feature", "properties": {"name": "Mario Correa Rengifo", "comuna": ""}, "geometry": {"type": "Polygon", "coordinates": [[[-76.5558201, 3.3858734], [-76.5558926, 3.3859783], [-76.5560283, 3.3863736], [-76.5560383, 3.3864916], [-76.5559793, 3.3868721], [-76.5559398, 3.3871908], [-76.5558905, 3.3875253], [-76.5558548, 3.3878594], [-76.5558508, 3.3883165], [-76.5558547, 3.3883874], [-76.5558842, 3.3884775], [-76.5559235, 3.3885414], [-76.5559961, 3.3886264], [-76.5561588, 3.3887736], [-76.5563306, 3.3889341], [-76.5564352, 3.389108], [-76.5564902, 3.389277], [-76.5566446, 3.3901557], [-76.5566761, 3.3901519], [-76.5569518, 3.3901167], [-76.5572259, 3.3901701], [-76.557501, 3.3901925], [-76.5577071, 3.3902181], [-76.5577407, 3.3900437], [-76.5578151, 3.389898], [-76.5580275, 3.3896032], [-76.55822, 3.3893615], [-76.5583809, 3.3892074], [-76.5585261, 3.3890821], [-76.5586565, 3.3889882], [-76.5588568, 3.3888472], [-76.5588984, 3.3888157], [-76.5589548, 3.3887046], [-76.5589734, 3.3885722], [-76.5589477, 3.3883173], [-76.5589004, 3.3880812], [-76.5588444, 3.387886], [-76.5587326, 3.3876401], [-76.55867, 3.3875133], [-76.5585691, 3.3873334], [-76.558524, 3.3871774], [-76.5585159, 3.3869847], [-76.5585159, 3.3867008], [-76.5585922, 3.3866239], [-76.5587156, 3.3864994], [-76.5587417, 3.3863653], [-76.5587068, 3.3862582], [-76.5585705, 3.3860946], [-76.5584297, 3.3859259], [-76.5582906, 3.3857349], [-76.5582406, 3.3856989], [-76.5578416, 3.3855822], [-76.5576873, 3.3855596], [-76.5575277, 3.3856218], [-76.5574082, 3.3859193], [-76.55727, 3.3863167], [-76.556397, 3.3860498], [-76.5558201, 3.3858734]]]}}, {"type": "Feature", "properties": {"name": "Lourdes", "comuna": ""}, "geometry": {"type": "Polygon", "coordinates": [[[-76.5559987, 3.390378], [-76.5557009, 3.3904025], [-76.5555199, 3.390453], [-76.5549114, 3.3904498], [-76.5542915, 3.3904472], [-76.5538267, 3.3904501], [-76.5537692, 3.3904505], [-76.5537705, 3.3905926], [-76.5537719, 3.3907605], [-76.5537731, 3.3908903], [-76.5537743, 3.3910336], [-76.5537757, 3.3911882], [-76.5537776, 3.391409], [-76.5537783, 3.3914833], [-76.5537792, 3.3915868], [-76.5537808, 3.3917645], [-76.5537822, 3.3919312], [-76.5537877, 3.3925573], [-76.5537891, 3.3927166], [-76.5537936, 3.3932266], [-76.5537938, 3.3932799], [-76.5537942, 3.3933105], [-76.5537948, 3.3933573], [-76.5542652, 3.3932695], [-76.5547118, 3.3931784], [-76.5550987, 3.3930901], [-76.5556198, 3.3929756], [-76.5558765, 3.3928697], [-76.5564104, 3.3927566], [-76.5568468, 3.392746], [-76.5570423, 3.3926376], [-76.5572581, 3.3925798], [-76.5574491, 3.3925303], [-76.5575086, 3.3925146], [-76.5575715, 3.392498], [-76.5576052, 3.3924891], [-76.5578993, 3.3920663], [-76.5580681, 3.3918019], [-76.5581938, 3.3916147], [-76.5582436, 3.3915325], [-76.5582688, 3.3914348], [-76.5582888, 3.3912826], [-76.5582731, 3.3911587], [-76.558229, 3.3910575], [-76.5580722, 3.3908546], [-76.5578848, 3.3906056], [-76.5577636, 3.3904115], [-76.5577071, 3.3902181], [-76.557501, 3.3901925], [-76.5572259, 3.3901701], [-76.5569518, 3.3901167], [-76.5566761, 3.3901519], [-76.5566446, 3.3901557], [-76.5566131, 3.3901595], [-76.5559987, 3.390378]]]}}, {"type": "Feature", "properties": {"name": "Los Chorros", "comuna": ""}, "geometry": {"type": "Polygon", "coordinates": [[[-76.557034, 3.394867], [-76.5575675, 3.3948172], [-76.5577181, 3.3947792], [-76.5578238, 3.3947457], [-76.5581716, 3.3945919], [-76.5582114, 3.394554], [-76.5582329, 3.3945138], [-76.558257, 3.3944643], [-76.5582758, 3.3944308], [-76.5582973, 3.3944094], [-76.5583389, 3.3944014], [-76.5583885, 3.3944094], [-76.5584716, 3.3944322], [-76.5585254, 3.3944358], [-76.5582009, 3.3937027], [-76.5581282, 3.3934814], [-76.5580586, 3.3931952], [-76.5580264, 3.3930733], [-76.5580036, 3.3929382], [-76.5579982, 3.3928197], [-76.557969, 3.3926906], [-76.5579501, 3.3926316], [-76.5579139, 3.3925889], [-76.5578684, 3.3925593], [-76.5577893, 3.3925178], [-76.5577099, 3.3924957], [-76.5576052, 3.3924891], [-76.5575715, 3.392498], [-76.5575086, 3.3925146], [-76.5574491, 3.3925303], [-76.5572581, 3.3925798], [-76.5570423, 3.3926376], [-76.5568468, 3.392746], [-76.5564104, 3.3927566], [-76.5558765, 3.3928697], [-76.5556198, 3.3929756], [-76.5550987, 3.3930901], [-76.5547118, 3.3931784], [-76.5542652, 3.3932695], [-76.5537948, 3.3933573], [-76.5535236, 3.3933956], [-76.5527751, 3.3935019], [-76.552782, 3.3935311], [-76.5527865, 3.3935655], [-76.5528751, 3.39417], [-76.5529067, 3.3944049], [-76.5529776, 3.3949212], [-76.553036, 3.3953585], [-76.5540132, 3.3952383], [-76.5550478, 3.395098], [-76.5559899, 3.3949758], [-76.5569606, 3.3948638], [-76.5569962, 3.3948656], [-76.557034, 3.394867]]]}}, {"type": "Feature", "properties": {"name": "Prados del Sur", "comuna": ""}, "geometry": {"type": "Polygon", "coordinates": [[[-76.5542915, 3.3904472], [-76.5549114, 3.3904498], [-76.5555199, 3.390453], [-76.5557009, 3.3904025], [-76.5559987, 3.390378], [-76.5566131, 3.3901595], [-76.5566446, 3.3901557], [-76.5564902, 3.389277], [-76.5564352, 3.389108], [-76.5563306, 3.3889341], [-76.5561588, 3.3887736], [-76.5559961, 3.3886264], [-76.5559235, 3.3885414], [-76.5558842, 3.3884775], [-76.5558547, 3.3883874], [-76.5558508, 3.3883165], [-76.5558548, 3.3878594], [-76.5558905, 3.3875253], [-76.5559398, 3.3871908], [-76.5559793, 3.3868721], [-76.5560383, 3.3864916], [-76.5560283, 3.3863736], [-76.5558926, 3.3859783], [-76.5558201, 3.3858734], [-76.5557569, 3.3859065], [-76.555466, 3.3860885], [-76.5552301, 3.3861916], [-76.5550934, 3.3862136], [-76.5546573, 3.3861794], [-76.5544805, 3.3862283], [-76.5542125, 3.3864463], [-76.5537547, 3.3868207], [-76.5537508, 3.3869691], [-76.5537505, 3.3871239], [-76.5537503, 3.3871904], [-76.5537497, 3.3875183], [-76.5537491, 3.3878531], [-76.5537621, 3.3882092], [-76.5537631, 3.3886451], [-76.5537641, 3.3890373], [-76.5537649, 3.3893801], [-76.5537655, 3.3896547], [-76.5537657, 3.3897206], [-76.5537664, 3.3899927], [-76.5537665, 3.3900648], [-76.5537668, 3.3901759], [-76.5537675, 3.3902587], [-76.5537692, 3.3904505], [-76.5538267, 3.3904501], [-76.5542915, 3.3904472]]]}}, {"type": "Feature", "properties": {"name": "Farallones", "comuna": ""}, "geometry": {"type": "Polygon", "coordinates": [[[-76.5514768, 3.3909768], [-76.5515626, 3.3910458], [-76.5517027, 3.3911746], [-76.5518718, 3.3913239], [-76.5522149, 3.3916662], [-76.5525895, 3.392208], [-76.5528686, 3.3926488], [-76.5533561, 3.3925869], [-76.5537877, 3.3925573], [-76.5537822, 3.3919312], [-76.5537808, 3.3917645], [-76.5537792, 3.3915868], [-76.5537783, 3.3914833], [-76.5537776, 3.391409], [-76.5537757, 3.3911882], [-76.5537743, 3.3910336], [-76.5537731, 3.3908903], [-76.5537719, 3.3907605], [-76.5537705, 3.3905926], [-76.5537692, 3.3904505], [-76.5537675, 3.3902587], [-76.5527182, 3.3901745], [-76.5524786, 3.3901565], [-76.5517768, 3.390099], [-76.5514067, 3.3900719], [-76.5514299, 3.3903708], [-76.5514331, 3.3904121], [-76.5514559, 3.3907069], [-76.5514577, 3.3907209], [-76.5514642, 3.390804], [-76.5514768, 3.3909768]]]}}, {"type": "Feature", "properties": {"name": "Colinas del Sur", "comuna": ""}, "geometry": {"type": "Polygon", "coordinates": [[[-76.5514067, 3.3900719], [-76.5517768, 3.390099], [-76.5524786, 3.3901565], [-76.5527182, 3.3901745], [-76.5537675, 3.3902587], [-76.5533049, 3.3898663], [-76.5525608, 3.3892592], [-76.5524271, 3.3891501], [-76.5516545, 3.388511], [-76.5512881, 3.3882061], [-76.5512701, 3.3882705], [-76.5512934, 3.3885648], [-76.5513162, 3.3888516], [-76.5513372, 3.3891166], [-76.551343, 3.3891899], [-76.5513486, 3.3892604], [-76.5513557, 3.3893509], [-76.5513672, 3.3894956], [-76.5513834, 3.3897319], [-76.5514067, 3.3900719]]]}}, {"type": "Feature", "properties": {"name": "Alto N\u00e1poles", "comuna": ""}, "geometry": {"type": "Polygon", "coordinates": [[[-76.5578416, 3.3855822], [-76.5582406, 3.3856989], [-76.5582906, 3.3857349], [-76.5584297, 3.3859259], [-76.5585705, 3.3860946], [-76.5587068, 3.3862582], [-76.5587417, 3.3863653], [-76.5588807, 3.3863233], [-76.5589719, 3.3863126], [-76.559055, 3.3863207], [-76.5591609, 3.3863073], [-76.5592481, 3.3863314], [-76.5592991, 3.3863796], [-76.5593635, 3.3864117], [-76.559452, 3.3864211], [-76.5595365, 3.3864291], [-76.5595888, 3.3864626], [-76.5596786, 3.3864786], [-76.5598074, 3.3864719], [-76.5598959, 3.38648], [-76.5599522, 3.3865067], [-76.5599938, 3.3864853], [-76.5600447, 3.3864907], [-76.560203, 3.3865375], [-76.5603103, 3.3865871], [-76.5604149, 3.3866165], [-76.560494, 3.3866446], [-76.5606, 3.3867022], [-76.5606952, 3.3867102], [-76.5607435, 3.3867317], [-76.5608574, 3.3867745], [-76.5609753, 3.386772], [-76.561015, 3.3867705], [-76.5610673, 3.3867999], [-76.5611351, 3.386826], [-76.5611853, 3.3868287], [-76.5613094, 3.3868187], [-76.561349, 3.386826], [-76.5613852, 3.3868301], [-76.5614167, 3.3868126], [-76.5614341, 3.3867852], [-76.5614609, 3.3867825], [-76.5615937, 3.3867872], [-76.5616655, 3.3868046], [-76.5617137, 3.3868207], [-76.5617392, 3.3868213], [-76.5617654, 3.3867986], [-76.5617852, 3.3867885], [-76.5618183, 3.386811], [-76.5618753, 3.3868391], [-76.5618984, 3.3868828], [-76.5619215, 3.3869021], [-76.5619527, 3.3869161], [-76.5620013, 3.386926], [-76.5620306, 3.386926], [-76.5620568, 3.386926], [-76.562075, 3.3868877], [-76.5620948, 3.3868115], [-76.5621746, 3.3867603], [-76.5621753, 3.3867246], [-76.5621833, 3.3867144], [-76.5622023, 3.3867064], [-76.5622198, 3.3867053], [-76.5622395, 3.3866837], [-76.5622403, 3.3866681], [-76.5622536, 3.3866518], [-76.5622669, 3.3866245], [-76.5622751, 3.3865794], [-76.562235, 3.3866321], [-76.5622017, 3.386655], [-76.5621627, 3.3866882], [-76.5621172, 3.3866825], [-76.5620937, 3.3866882], [-76.5620765, 3.3866968], [-76.562073, 3.386679], [-76.5620679, 3.3866384], [-76.5620484, 3.3866338], [-76.562026, 3.3866584], [-76.5620128, 3.3866768], [-76.5619956, 3.3866865], [-76.5619646, 3.3866762], [-76.5619526, 3.3866567], [-76.5619411, 3.3866699], [-76.5619354, 3.3866911], [-76.5619159, 3.3867208], [-76.5619073, 3.3867254], [-76.5618781, 3.3867002], [-76.5618471, 3.3866424], [-76.5618431, 3.3866161], [-76.5618465, 3.3865897], [-76.5618259, 3.3865749], [-76.5617983, 3.3865525], [-76.5617564, 3.3864251], [-76.5617142, 3.3863814], [-76.5616672, 3.3863231], [-76.5615821, 3.3861377], [-76.5614651, 3.3860003], [-76.5614307, 3.3858492], [-76.561316, 3.3856042], [-76.5611945, 3.3855401], [-76.5612449, 3.3854416], [-76.5614124, 3.3851394], [-76.5615018, 3.384883], [-76.561566, 3.3846861], [-76.5616096, 3.3846013], [-76.5617151, 3.3845739], [-76.5617083, 3.3845349], [-76.561566, 3.3844891], [-76.5614766, 3.3844227], [-76.5613826, 3.3843083], [-76.5613367, 3.3840541], [-76.5613986, 3.383919], [-76.5614422, 3.3837221], [-76.5614858, 3.3836099], [-76.5615133, 3.3835756], [-76.5615179, 3.3833512], [-76.5614582, 3.3832275], [-76.5613413, 3.383097], [-76.5612165, 3.3830466], [-76.561113, 3.3829377], [-76.5613067, 3.3826779], [-76.5615828, 3.3825232], [-76.5608871, 3.3818826], [-76.560586, 3.3816054], [-76.5600366, 3.3810995], [-76.5595538, 3.3796424], [-76.5595705, 3.3795852], [-76.559466, 3.3796235], [-76.5593882, 3.3796996], [-76.5593674, 3.3797419], [-76.5593664, 3.3797792], [-76.5594697, 3.3798992], [-76.5595433, 3.3800166], [-76.5595794, 3.3800762], [-76.5595895, 3.3801843], [-76.5595918, 3.3802642], [-76.5595952, 3.3803588], [-76.559603, 3.3804398], [-76.5595952, 3.380486], [-76.5595546, 3.380504], [-76.5595016, 3.3804815], [-76.5594497, 3.3804275], [-76.5593053, 3.3803273], [-76.5591102, 3.3802091], [-76.5589535, 3.3800999], [-76.5588012, 3.379949], [-76.5585634, 3.3797563], [-76.5586735, 3.3800294], [-76.5587293, 3.3801871], [-76.5587596, 3.3803542], [-76.5587548, 3.3805707], [-76.5587752, 3.3807266], [-76.5589494, 3.3811296], [-76.5590658, 3.3812904], [-76.5590804, 3.3813445], [-76.5591553, 3.3814488], [-76.5592905, 3.3813819], [-76.5594886, 3.3817552], [-76.5597469, 3.3822702], [-76.5594748, 3.3827502], [-76.5594954, 3.3828228], [-76.5591012, 3.3826966], [-76.5589544, 3.3827018], [-76.5589061, 3.3827501], [-76.5588393, 3.3827924], [-76.5587506, 3.382821], [-76.5586475, 3.3828218], [-76.5585333, 3.3828198], [-76.5584555, 3.3828292], [-76.5582557, 3.3829162], [-76.558187, 3.382973], [-76.5578651, 3.3832535], [-76.5577776, 3.3832817], [-76.5577086, 3.3833197], [-76.5576321, 3.3833888], [-76.557518, 3.3835258], [-76.5574447, 3.3836019], [-76.5573924, 3.3836398], [-76.557311, 3.3836807], [-76.5572092, 3.3837079], [-76.5570975, 3.3837131], [-76.5567241, 3.3837427], [-76.5565662, 3.3837552], [-76.5562078, 3.3837462], [-76.5557886, 3.3837373], [-76.5539707, 3.3836653], [-76.5537388, 3.3836814], [-76.5537254, 3.3836859], [-76.5535122, 3.3838073], [-76.5533566, 3.3838975], [-76.5531804, 3.3840047], [-76.5531412, 3.3840293], [-76.5529948, 3.3841662], [-76.5529315, 3.3842638], [-76.5528642, 3.3844502], [-76.5527974, 3.3846923], [-76.5525287, 3.385355], [-76.5522785, 3.3859083], [-76.5519294, 3.3859686], [-76.5512243, 3.3859016], [-76.5503876, 3.3858822], [-76.5503884, 3.3859203], [-76.5503895, 3.3859498], [-76.5505645, 3.3865536], [-76.5506121, 3.3867972], [-76.5506871, 3.3869887], [-76.5507402, 3.3870857], [-76.550769, 3.3871633], [-76.5507759, 3.3872538], [-76.5506188, 3.387312], [-76.5504704, 3.3873704], [-76.5506439, 3.3876593], [-76.5509164, 3.3879461], [-76.5510628, 3.3880485], [-76.5512881, 3.3882061], [-76.5516545, 3.388511], [-76.5524271, 3.3891501], [-76.5525608, 3.3892592], [-76.5533049, 3.3898663], [-76.5537675, 3.3902587], [-76.5537668, 3.3901759], [-76.5537665, 3.3900648], [-76.5537664, 3.3899927], [-76.5537657, 3.3897206], [-76.5537655, 3.3896547], [-76.5537649, 3.3893801], [-76.5537641, 3.3890373], [-76.5537631, 3.3886451], [-76.5537621, 3.3882092], [-76.5537491, 3.3878531], [-76.5537497, 3.3875183], [-76.5537503, 3.3871904], [-76.5537505, 3.3871239], [-76.5537508, 3.3869691], [-76.5537547, 3.3868207], [-76.5542125, 3.3864463], [-76.5544805, 3.3862283], [-76.5546573, 3.3861794], [-76.5550934, 3.3862136], [-76.5552301, 3.3861916], [-76.555466, 3.3860885], [-76.5557569, 3.3859065], [-76.5558201, 3.3858734], [-76.556397, 3.3860498], [-76.55727, 3.3863167], [-76.5574082, 3.3859193], [-76.5575277, 3.3856218], [-76.5576873, 3.3855596], [-76.5578416, 3.3855822]]]}}, {"type": "Feature", "properties": {"name": "Caldas", "comuna": ""}, "geometry": {"type": "Polygon", "coordinates": [[[-76.5527751, 3.3935019], [-76.5520343, 3.3935837], [-76.5512411, 3.3936717], [-76.5506241, 3.3937415], [-76.5504676, 3.3937627], [-76.549925, 3.3938477], [-76.5493795, 3.3939356], [-76.5484267, 3.3940722], [-76.5476623, 3.3941814], [-76.5465757, 3.3943316], [-76.5459848, 3.394406], [-76.5460136, 3.394568], [-76.5461583, 3.3956642], [-76.5462515, 3.3962475], [-76.546464, 3.3962229], [-76.5465245, 3.3962157], [-76.5471983, 3.3961353], [-76.5475785, 3.3960779], [-76.5477025, 3.3960651], [-76.5481363, 3.3960035], [-76.5481977, 3.395998], [-76.548711, 3.3959217], [-76.5486343, 3.3953422], [-76.5488256, 3.3953177], [-76.5491065, 3.3952817], [-76.549367, 3.3952484], [-76.5495641, 3.3952211], [-76.5496581, 3.3958115], [-76.5502482, 3.3957309], [-76.5508026, 3.3956539], [-76.551379, 3.395577], [-76.5519747, 3.395505], [-76.5521633, 3.3954746], [-76.553036, 3.3953585], [-76.5529776, 3.3949212], [-76.5529067, 3.3944049], [-76.5528751, 3.39417], [-76.5527865, 3.3935655], [-76.552782, 3.3935311], [-76.5527751, 3.3935019]]]}}, {"type": "Feature", "properties": {"name": "Buenos Aires", "comuna": ""}, "geometry": {"type": "Polygon", "coordinates": [[[-76.5537877, 3.3925573], [-76.5533561, 3.3925869], [-76.5528686, 3.3926488], [-76.5525895, 3.392208], [-76.5522149, 3.3916662], [-76.5518718, 3.3913239], [-76.5517027, 3.3911746], [-76.5516508, 3.3912178], [-76.5514858, 3.3912411], [-76.5510003, 3.3913037], [-76.5506952, 3.3913358], [-76.5505403, 3.3913553], [-76.5504725, 3.3913639], [-76.5502839, 3.3913877], [-76.5499583, 3.3914342], [-76.5493806, 3.3915129], [-76.5491071, 3.3915537], [-76.5486563, 3.391614], [-76.5484689, 3.3916414], [-76.5481894, 3.3916823], [-76.5480887, 3.391697], [-76.5476569, 3.391754], [-76.5472115, 3.3918254], [-76.547024, 3.3918524], [-76.5466739, 3.391902], [-76.5464903, 3.3919292], [-76.5458415, 3.3920109], [-76.5457912, 3.3920221], [-76.545631, 3.3920382], [-76.5456749, 3.3923357], [-76.5456988, 3.3925117], [-76.5458319, 3.3934941], [-76.5459848, 3.394406], [-76.5465757, 3.3943316], [-76.5476623, 3.3941814], [-76.5484267, 3.3940722], [-76.5493795, 3.3939356], [-76.549925, 3.3938477], [-76.5504676, 3.3937627], [-76.5506241, 3.3937415], [-76.5512411, 3.3936717], [-76.5520343, 3.3935837], [-76.5527751, 3.3935019], [-76.5535236, 3.3933956], [-76.5537948, 3.3933573], [-76.5537942, 3.3933105], [-76.5537938, 3.3932799], [-76.5537936, 3.3932266], [-76.5537891, 3.3927166], [-76.5537877, 3.3925573]]]}}, {"type": "Feature", "properties": {"name": "N\u00e1poles", "comuna": ""}, "geometry": {"type": "Polygon", "coordinates": [[[-76.5503479, 3.3873768], [-76.5504704, 3.3873704], [-76.5506188, 3.387312], [-76.5507759, 3.3872538], [-76.550769, 3.3871633], [-76.5507402, 3.3870857], [-76.5506871, 3.3869887], [-76.5506121, 3.3867972], [-76.5505645, 3.3865536], [-76.5503895, 3.3859498], [-76.5503884, 3.3859203], [-76.5503876, 3.3858822], [-76.5501926, 3.3858777], [-76.5499839, 3.3858548], [-76.5497891, 3.3858343], [-76.5496725, 3.3858141], [-76.5493518, 3.3858076], [-76.5490538, 3.385801], [-76.5487969, 3.3857888], [-76.5485061, 3.3857791], [-76.5482088, 3.3857693], [-76.54791, 3.385759], [-76.5470179, 3.3857731], [-76.5466593, 3.3858181], [-76.5459212, 3.3859188], [-76.5458327, 3.3859283], [-76.5458618, 3.3862097], [-76.5459136, 3.3866709], [-76.5459661, 3.3871527], [-76.546049, 3.3871548], [-76.5471955, 3.3872172], [-76.5472561, 3.3872205], [-76.5473525, 3.3872257], [-76.547914, 3.3872521], [-76.5481433, 3.3872645], [-76.5482788, 3.3872714], [-76.5487515, 3.3872955], [-76.5490137, 3.3873088], [-76.5496135, 3.3873394], [-76.5498069, 3.3873492], [-76.5503479, 3.3873768]]]}}, {"type": "Feature", "properties": {"name": "Francisco Eladio Ramirez", "comuna": ""}, "geometry": {"type": "Polygon", "coordinates": [[[-76.5461639, 3.3890555], [-76.546242, 3.3890547], [-76.5472302, 3.3891542], [-76.5477848, 3.3891915], [-76.5478976, 3.3891979], [-76.5486044, 3.3892531], [-76.5496686, 3.3893329], [-76.5497097, 3.3893354], [-76.5500673, 3.3893677], [-76.5501871, 3.3893793], [-76.5507757, 3.3894396], [-76.5509512, 3.3894562], [-76.5510213, 3.3894629], [-76.5513672, 3.3894956], [-76.5513557, 3.3893509], [-76.5513486, 3.3892604], [-76.551343, 3.3891899], [-76.5513372, 3.3891166], [-76.5513162, 3.3888516], [-76.5512934, 3.3885648], [-76.5512701, 3.3882705], [-76.5512881, 3.3882061], [-76.5510628, 3.3880485], [-76.5509164, 3.3879461], [-76.5506439, 3.3876593], [-76.5504704, 3.3873704], [-76.5503479, 3.3873768], [-76.5498069, 3.3873492], [-76.5496135, 3.3873394], [-76.5490137, 3.3873088], [-76.5487515, 3.3872955], [-76.5482788, 3.3872714], [-76.5481433, 3.3872645], [-76.547914, 3.3872521], [-76.5473525, 3.3872257], [-76.5472561, 3.3872205], [-76.5471955, 3.3872172], [-76.546049, 3.3871548], [-76.5459661, 3.3871527], [-76.5461243, 3.3886275], [-76.5461639, 3.3890555]]]}}, {"type": "Feature", "properties": {"name": "Alf\u00e9rez Real", "comuna": ""}, "geometry": {"type": "Polygon", "coordinates": [[[-76.5514067, 3.3900719], [-76.5513834, 3.3897319], [-76.5513672, 3.3894956], [-76.5510213, 3.3894629], [-76.5509512, 3.3894562], [-76.5507757, 3.3894396], [-76.5501871, 3.3893793], [-76.5500673, 3.3893677], [-76.5497097, 3.3893354], [-76.5496686, 3.3893329], [-76.5486044, 3.3892531], [-76.5478976, 3.3891979], [-76.5477848, 3.3891915], [-76.5472302, 3.3891542], [-76.546242, 3.3890547], [-76.5461639, 3.3890555], [-76.5461243, 3.3886275], [-76.5459661, 3.3871527], [-76.5459136, 3.3866709], [-76.5458618, 3.3862097], [-76.5458327, 3.3859283], [-76.5449002, 3.3860508], [-76.5448571, 3.3860597], [-76.5447134, 3.3859927], [-76.5447221, 3.3860824], [-76.5447335, 3.3861749], [-76.5448058, 3.3867183], [-76.5448286, 3.3870168], [-76.5448509, 3.3872179], [-76.5448782, 3.387464], [-76.5449372, 3.3879205], [-76.5450418, 3.3886327], [-76.5451491, 3.389286], [-76.5452148, 3.3897492], [-76.5452738, 3.390195], [-76.5452942, 3.3903477], [-76.5455261, 3.3909936], [-76.5455784, 3.3913806], [-76.5455811, 3.3917005], [-76.545631, 3.3920382], [-76.5457912, 3.3920221], [-76.5458415, 3.3920109], [-76.5464903, 3.3919292], [-76.5466739, 3.391902], [-76.547024, 3.3918524], [-76.5472115, 3.3918254], [-76.5476569, 3.391754], [-76.5480887, 3.391697], [-76.5481894, 3.3916823], [-76.5484689, 3.3916414], [-76.5486563, 3.391614], [-76.5491071, 3.3915537], [-76.5493806, 3.3915129], [-76.5499583, 3.3914342], [-76.5502839, 3.3913877], [-76.5504725, 3.3913639], [-76.5505403, 3.3913553], [-76.5506952, 3.3913358], [-76.5510003, 3.3913037], [-76.5514858, 3.3912411], [-76.5516508, 3.3912178], [-76.5517027, 3.3911746], [-76.5515626, 3.3910458], [-76.5514768, 3.3909768], [-76.5514642, 3.390804], [-76.5514577, 3.3907209], [-76.5514559, 3.3907069], [-76.5514331, 3.3904121], [-76.5514299, 3.3903708], [-76.5514067, 3.3900719]]]}}, {"type": "Feature", "properties": {"name": "Polvorines", "comuna": ""}, "geometry": {"type": "Polygon", "coordinates": [[[-76.5493379, 3.3711362], [-76.5493767, 3.3712909], [-76.5493438, 3.3714858], [-76.5491437, 3.3718563], [-76.5490845, 3.3719477], [-76.5490814, 3.3719705], [-76.5490921, 3.3719861], [-76.5491047, 3.3720003], [-76.5491188, 3.372013], [-76.5491343, 3.3720239], [-76.5491511, 3.372033], [-76.5491689, 3.3720398], [-76.5491873, 3.3720446], [-76.5492063, 3.3720471], [-76.5492252, 3.3720474], [-76.5492616, 3.3720768], [-76.5492969, 3.3720928], [-76.5493602, 3.3720965], [-76.5494329, 3.3720879], [-76.5500147, 3.3721601], [-76.5505674, 3.372208], [-76.5511496, 3.3722764], [-76.5517184, 3.372314], [-76.5520328, 3.3723603], [-76.5522415, 3.3723802], [-76.5523326, 3.3723845], [-76.5525069, 3.3723874], [-76.552881, 3.3724925], [-76.5529039, 3.3725096], [-76.5533271, 3.372953], [-76.553366, 3.372985], [-76.5534314, 3.3730266], [-76.553486, 3.3729704], [-76.5538071, 3.3727094], [-76.5540079, 3.3727145], [-76.5541519, 3.3727619], [-76.5542895, 3.3728456], [-76.5543833, 3.3729077], [-76.5546261, 3.3730945], [-76.554905, 3.3731844], [-76.5551987, 3.3731815], [-76.5554077, 3.3732245], [-76.555629, 3.3733228], [-76.555789, 3.3733764], [-76.5559113, 3.3733852], [-76.5560643, 3.3733507], [-76.5561714, 3.3732912], [-76.5562724, 3.3732789], [-76.5563371, 3.3732822], [-76.5566841, 3.3734008], [-76.557011, 3.3734717], [-76.5573808, 3.3734426], [-76.5576972, 3.3733542], [-76.557782, 3.3733552], [-76.5578404, 3.373388], [-76.5582793, 3.3737331], [-76.5583626, 3.3738442], [-76.5585177, 3.3742805], [-76.5585652, 3.3744141], [-76.5586231, 3.3744984], [-76.5586737, 3.374572], [-76.558891, 3.3747751], [-76.559074, 3.3750326], [-76.5591362, 3.3751224], [-76.5593635, 3.3753842], [-76.5594319, 3.3755315], [-76.5594748, 3.3756988], [-76.5595257, 3.3759639], [-76.5595727, 3.3761768], [-76.5596062, 3.3762625], [-76.5596572, 3.3763964], [-76.5599133, 3.377047], [-76.5599898, 3.3772197], [-76.5601115, 3.3773947], [-76.5601927, 3.3770282], [-76.5603657, 3.3762099], [-76.5606088, 3.3755734], [-76.5612209, 3.3757511], [-76.5611967, 3.3754458], [-76.5611243, 3.3752236], [-76.561127, 3.3750549], [-76.5611163, 3.3748648], [-76.5611297, 3.374747], [-76.5611404, 3.3744391], [-76.561127, 3.3742008], [-76.561127, 3.3740428], [-76.561127, 3.3738768], [-76.561186, 3.3736786], [-76.5613014, 3.3734082], [-76.561414, 3.3731565], [-76.5615132, 3.3728727], [-76.5614864, 3.3727335], [-76.5613925, 3.3724844], [-76.5613738, 3.3723291], [-76.5612558, 3.3720748], [-76.5611511, 3.3716597], [-76.5612343, 3.3712902], [-76.5613067, 3.371076], [-76.5612128, 3.3708243], [-76.5610009, 3.3706851], [-76.5607569, 3.3705459], [-76.5605718, 3.3703959], [-76.5601802, 3.3703585], [-76.5601131, 3.3703879], [-76.5595928, 3.3703745], [-76.5591314, 3.3700479], [-76.5589571, 3.3697988], [-76.558882, 3.3694052], [-76.5588391, 3.3691321], [-76.5587747, 3.3687251], [-76.5587372, 3.3684949], [-76.558587, 3.3681468], [-76.5583938, 3.3680611], [-76.558131, 3.3680075], [-76.5576536, 3.3680022], [-76.5572888, 3.3679808], [-76.557042, 3.3679593], [-76.556704, 3.3679433], [-76.556409, 3.3679058], [-76.5560979, 3.3677398], [-76.5558833, 3.3677077], [-76.555717, 3.3678094], [-76.5554971, 3.3680772], [-76.5553576, 3.3681789], [-76.5552986, 3.3682164], [-76.5551108, 3.3682699], [-76.5545905, 3.3680879], [-76.5540433, 3.367622], [-76.5536946, 3.3674238], [-76.5529543, 3.3672685], [-76.5522945, 3.3670115], [-76.5517151, 3.3667812], [-76.5512484, 3.3668026], [-76.5510768, 3.3669151], [-76.5506208, 3.3675363], [-76.550256, 3.3679379], [-76.5499556, 3.3682325], [-76.5497303, 3.3689768], [-76.5495855, 3.3694481], [-76.5494138, 3.3700318], [-76.5492958, 3.3705352], [-76.5492529, 3.3709047], [-76.5493, 3.3710173], [-76.5493379, 3.3711362]]]}}, {"type": "Feature", "properties": {"name": "Alto Jord\u00e1n", "comuna": ""}, "geometry": {"type": "Polygon", "coordinates": [[[-76.5572375, 3.3801263], [-76.5572492, 3.3799814], [-76.5572461, 3.3799479], [-76.5572111, 3.3799198], [-76.5571705, 3.379818], [-76.5572105, 3.3795313], [-76.5576035, 3.3793366], [-76.5577368, 3.3795317], [-76.5579229, 3.3796935], [-76.5582932, 3.3800868], [-76.5584108, 3.3803056], [-76.5585026, 3.3804426], [-76.5585405, 3.3804853], [-76.5586416, 3.3805994], [-76.5587752, 3.3807266], [-76.5587548, 3.3805707], [-76.5587596, 3.3803542], [-76.5587293, 3.3801871], [-76.5586735, 3.3800294], [-76.5585634, 3.3797563], [-76.5588012, 3.379949], [-76.5589535, 3.3800999], [-76.5591102, 3.3802091], [-76.5593053, 3.3803273], [-76.5594497, 3.3804275], [-76.5595016, 3.3804815], [-76.5595546, 3.380504], [-76.5595952, 3.380486], [-76.559603, 3.3804398], [-76.5595952, 3.3803588], [-76.5595918, 3.3802642], [-76.5595895, 3.3801843], [-76.5595794, 3.3800762], [-76.5595433, 3.3800166], [-76.5594697, 3.3798992], [-76.5593664, 3.3797792], [-76.5593674, 3.3797419], [-76.5593882, 3.3796996], [-76.559466, 3.3796235], [-76.5595705, 3.3795852], [-76.5594623, 3.3793307], [-76.5598636, 3.3785672], [-76.5601115, 3.3773947], [-76.5599898, 3.3772197], [-76.5599133, 3.377047], [-76.5596572, 3.3763964], [-76.5596062, 3.3762625], [-76.5595727, 3.3761768], [-76.5595257, 3.3759639], [-76.5594748, 3.3756988], [-76.5594319, 3.3755315], [-76.5593635, 3.3753842], [-76.5591362, 3.3751224], [-76.559074, 3.3750326], [-76.558891, 3.3747751], [-76.5586737, 3.374572], [-76.5586231, 3.3744984], [-76.5585652, 3.3744141], [-76.5585177, 3.3742805], [-76.5583626, 3.3738442], [-76.5582793, 3.3737331], [-76.5578404, 3.373388], [-76.557782, 3.3733552], [-76.5576972, 3.3733542], [-76.5573808, 3.3734426], [-76.557011, 3.3734717], [-76.5566841, 3.3734008], [-76.5563371, 3.3732822], [-76.5562724, 3.3732789], [-76.5561714, 3.3732912], [-76.5560643, 3.3733507], [-76.5559113, 3.3733852], [-76.555789, 3.3733764], [-76.555629, 3.3733228], [-76.5554077, 3.3732245], [-76.5551987, 3.3731815], [-76.554905, 3.3731844], [-76.5546261, 3.3730945], [-76.5543833, 3.3729077], [-76.5542835, 3.3730835], [-76.554205, 3.3731324], [-76.5539735, 3.3731442], [-76.5538244, 3.3731501], [-76.5536615, 3.3732421], [-76.553328, 3.3734928], [-76.5532466, 3.3735795], [-76.5532081, 3.3736206], [-76.5529673, 3.3739517], [-76.5529586, 3.3741578], [-76.5528523, 3.3741856], [-76.5526875, 3.3742714], [-76.5526783, 3.3742977], [-76.5526689, 3.3743242], [-76.5526837, 3.3744035], [-76.5528372, 3.3748104], [-76.5528564, 3.3748569], [-76.5528398, 3.3748867], [-76.5527252, 3.3750118], [-76.552654, 3.3755785], [-76.5525868, 3.3759623], [-76.5523814, 3.3767319], [-76.5522417, 3.3775443], [-76.5521852, 3.3778798], [-76.5521517, 3.3780789], [-76.5521645, 3.3781165], [-76.5521953, 3.3781461], [-76.5525847, 3.3782927], [-76.5527598, 3.3783349], [-76.5528886, 3.3783563], [-76.5530897, 3.378359], [-76.5534089, 3.378375], [-76.5535886, 3.3783536], [-76.5539883, 3.3783804], [-76.554278, 3.3784259], [-76.5542216, 3.3789614], [-76.5572375, 3.3801263]]]}}, {"type": "Feature", "properties": {"name": "El Jord\u00e1n", "comuna": ""}, "geometry": {"type": "Polygon", "coordinates": [[[-76.5489976, 3.3737171], [-76.5490036, 3.3740669], [-76.5491834, 3.3742303], [-76.5492982, 3.3743], [-76.5495052, 3.3743965], [-76.5496186, 3.3744879], [-76.5497063, 3.3746072], [-76.549825, 3.3747739], [-76.550053, 3.3750693], [-76.5502079, 3.3752711], [-76.5502709, 3.3754212], [-76.5502969, 3.3755319], [-76.5502989, 3.3757614], [-76.5502736, 3.3759284], [-76.5502419, 3.3760747], [-76.550201, 3.3762209], [-76.5501417, 3.3764073], [-76.549849, 3.3771148], [-76.5496238, 3.3776445], [-76.5496164, 3.377662], [-76.5496539, 3.3776523], [-76.5496976, 3.3776365], [-76.5497745, 3.3777097], [-76.5502466, 3.3778623], [-76.5505255, 3.3779185], [-76.5507079, 3.377956], [-76.5509547, 3.3779667], [-76.5512176, 3.3779613], [-76.5513503, 3.3779437], [-76.5515904, 3.3779988], [-76.5517057, 3.378039], [-76.5518291, 3.3780604], [-76.5520624, 3.3780818], [-76.5521517, 3.3780789], [-76.5521852, 3.3778798], [-76.5522417, 3.3775443], [-76.5523814, 3.3767319], [-76.5525868, 3.3759623], [-76.552654, 3.3755785], [-76.5527252, 3.3750118], [-76.5528398, 3.3748867], [-76.5528564, 3.3748569], [-76.5528372, 3.3748104], [-76.5526837, 3.3744035], [-76.5526689, 3.3743242], [-76.5526783, 3.3742977], [-76.5526875, 3.3742714], [-76.5528523, 3.3741856], [-76.5529586, 3.3741578], [-76.5529673, 3.3739517], [-76.5532081, 3.3736206], [-76.5532466, 3.3735795], [-76.553328, 3.3734928], [-76.5536615, 3.3732421], [-76.5538244, 3.3731501], [-76.5539735, 3.3731442], [-76.554205, 3.3731324], [-76.5542835, 3.3730835], [-76.5543833, 3.3729077], [-76.5542895, 3.3728456], [-76.5541519, 3.3727619], [-76.5540079, 3.3727145], [-76.5538071, 3.3727094], [-76.553486, 3.3729704], [-76.5534314, 3.3730266], [-76.553366, 3.372985], [-76.5533271, 3.372953], [-76.5529039, 3.3725096], [-76.552881, 3.3724925], [-76.5525069, 3.3723874], [-76.5523326, 3.3723845], [-76.5522415, 3.3723802], [-76.5520328, 3.3723603], [-76.5517184, 3.372314], [-76.5511496, 3.3722764], [-76.5505674, 3.372208], [-76.5500147, 3.3721601], [-76.5494329, 3.3720879], [-76.5493602, 3.3720965], [-76.5492969, 3.3720928], [-76.5492616, 3.3720768], [-76.5492252, 3.3720474], [-76.5492063, 3.3720471], [-76.5491873, 3.3720446], [-76.5491689, 3.3720398], [-76.5491511, 3.372033], [-76.5491343, 3.3720239], [-76.5491188, 3.372013], [-76.5491047, 3.3720003], [-76.5490921, 3.3719861], [-76.5490814, 3.3719705], [-76.5490168, 3.3720875], [-76.5490015, 3.372144], [-76.5489431, 3.3722492], [-76.548903, 3.3724217], [-76.5488826, 3.3725444], [-76.5488865, 3.3727738], [-76.5489469, 3.3731723], [-76.5489885, 3.3734815], [-76.5489976, 3.3737171]]]}}, {"type": "Feature", "properties": {"name": "Horizontes", "comuna": ""}, "geometry": {"type": "Polygon", "coordinates": [[[-76.5496238, 3.3776445], [-76.549849, 3.3771148], [-76.5501417, 3.3764073], [-76.550201, 3.3762209], [-76.5502419, 3.3760747], [-76.5502736, 3.3759284], [-76.5502989, 3.3757614], [-76.5502969, 3.3755319], [-76.5502709, 3.3754212], [-76.5502079, 3.3752711], [-76.550053, 3.3750693], [-76.549825, 3.3747739], [-76.5497063, 3.3746072], [-76.5496186, 3.3744879], [-76.5495052, 3.3743965], [-76.5492982, 3.3743], [-76.5491834, 3.3742303], [-76.5490036, 3.3740669], [-76.5488116, 3.3741157], [-76.5485091, 3.3741418], [-76.5482105, 3.3741603], [-76.5481051, 3.3741668], [-76.5477206, 3.3741905], [-76.5472457, 3.3742199], [-76.5472103, 3.3742252], [-76.5471808, 3.374228], [-76.5472036, 3.3747732], [-76.5471914, 3.3754351], [-76.5471587, 3.3763421], [-76.5471151, 3.3765542], [-76.5470281, 3.3769052], [-76.5470563, 3.3769123], [-76.5494854, 3.3776549], [-76.5495369, 3.3776663], [-76.5495638, 3.3776708], [-76.5495895, 3.3776696], [-76.5496164, 3.377662], [-76.5496238, 3.3776445]]]}}, {"type": "Feature", "properties": {"name": "Mel\u00e9ndez", "comuna": ""}, "geometry": {"type": "Polygon", "coordinates": [[[-76.5463921, 3.3750352], [-76.5461295, 3.3751393], [-76.5460802, 3.37516], [-76.5455482, 3.3754059], [-76.5455032, 3.3754272], [-76.5454661, 3.3754448], [-76.5449321, 3.3757034], [-76.5447548, 3.3757893], [-76.5444642, 3.375918], [-76.5437863, 3.3761956], [-76.5436574, 3.376248], [-76.5431171, 3.3764656], [-76.5428498, 3.3765409], [-76.5427954, 3.3765545], [-76.5427254, 3.3765792], [-76.5426735, 3.3766096], [-76.5427487, 3.3769032], [-76.5428576, 3.3773049], [-76.5431056, 3.3782304], [-76.5433239, 3.3790765], [-76.5435014, 3.379757], [-76.5437039, 3.3806971], [-76.543745, 3.3806953], [-76.543808, 3.3806925], [-76.5438644, 3.3806949], [-76.5449752, 3.3807424], [-76.5461344, 3.380834], [-76.5461811, 3.380831], [-76.5462215, 3.3808172], [-76.5462448, 3.3807969], [-76.5462662, 3.3807633], [-76.5464052, 3.3794995], [-76.5465181, 3.3789351], [-76.5466577, 3.3782365], [-76.5467954, 3.3777344], [-76.5469257, 3.3772588], [-76.5470281, 3.3769052], [-76.5471151, 3.3765542], [-76.5471587, 3.3763421], [-76.5471914, 3.3754351], [-76.5472036, 3.3747732], [-76.5471802, 3.3747809], [-76.5471485, 3.3747905], [-76.5467953, 3.3748908], [-76.5463921, 3.3750352]]]}}, {"type": "Feature", "properties": {"name": "Sector Mel\u00e9ndez", "comuna": ""}, "geometry": {"type": "Polygon", "coordinates": [[[-76.5443932, 3.3743417], [-76.5443288, 3.3745023], [-76.544243, 3.3746308], [-76.5440928, 3.3747701], [-76.5439747, 3.3748879], [-76.5438353, 3.3748986], [-76.5436851, 3.374845], [-76.543449, 3.3747915], [-76.5432881, 3.3747808], [-76.543095, 3.3747594], [-76.542934, 3.3747808], [-76.5428375, 3.3749414], [-76.5427302, 3.3751449], [-76.5426197, 3.3753335], [-76.5425875, 3.3753898], [-76.5424179, 3.3754626], [-76.5424602, 3.3756263], [-76.5426097, 3.3762808], [-76.5426735, 3.3766096], [-76.5427254, 3.3765792], [-76.5427954, 3.3765545], [-76.5428498, 3.3765409], [-76.5431171, 3.3764656], [-76.5436574, 3.376248], [-76.5437863, 3.3761956], [-76.5444642, 3.375918], [-76.5447548, 3.3757893], [-76.5449321, 3.3757034], [-76.5454661, 3.3754448], [-76.5455032, 3.3754272], [-76.5455482, 3.3754059], [-76.5460802, 3.37516], [-76.5461295, 3.3751393], [-76.5463921, 3.3750352], [-76.5467953, 3.3748908], [-76.5471485, 3.3747905], [-76.5471802, 3.3747809], [-76.5472036, 3.3747732], [-76.5471808, 3.374228], [-76.5472103, 3.3742252], [-76.5472457, 3.3742199], [-76.5477206, 3.3741905], [-76.5481051, 3.3741668], [-76.5482105, 3.3741603], [-76.5485091, 3.3741418], [-76.5488116, 3.3741157], [-76.5490036, 3.3740669], [-76.5489976, 3.3737171], [-76.5489885, 3.3734815], [-76.5489469, 3.3731723], [-76.5488865, 3.3727738], [-76.5488826, 3.3725444], [-76.548903, 3.3724217], [-76.5489431, 3.3722492], [-76.5490015, 3.372144], [-76.5490168, 3.3720875], [-76.5490814, 3.3719705], [-76.5490845, 3.3719477], [-76.5491437, 3.3718563], [-76.5493438, 3.3714858], [-76.5493767, 3.3712909], [-76.5493379, 3.3711362], [-76.5489647, 3.3708298], [-76.5488349, 3.3707751], [-76.5486847, 3.3706788], [-76.5485023, 3.3705609], [-76.5484258, 3.3704998], [-76.5482877, 3.3703896], [-76.5481161, 3.3702503], [-76.5479015, 3.3701325], [-76.5476977, 3.3700683], [-76.5475796, 3.3701647], [-76.5474831, 3.3703467], [-76.5475045, 3.3705181], [-76.5476547, 3.3706788], [-76.5478264, 3.3708501], [-76.547923, 3.3709893], [-76.547968, 3.3710879], [-76.5478731, 3.3711843], [-76.5475944, 3.3712339], [-76.5474389, 3.3711794], [-76.5473832, 3.3710346], [-76.5472986, 3.3709177], [-76.5472166, 3.3708279], [-76.5470968, 3.3707537], [-76.5469359, 3.3706466], [-76.5467857, 3.3706252], [-76.5466033, 3.3706038], [-76.5463565, 3.3706573], [-76.5461527, 3.3706895], [-76.5459274, 3.3707109], [-76.5457557, 3.370818], [-76.5455626, 3.3709037], [-76.5454017, 3.3710108], [-76.5452622, 3.3711286], [-76.5451013, 3.3711928], [-76.5449618, 3.3712678], [-76.5447794, 3.3713321], [-76.5445434, 3.3712892], [-76.544361, 3.3713749], [-76.5442001, 3.3714499], [-76.5442001, 3.3715784], [-76.5443717, 3.3716534], [-76.5445326, 3.3717605], [-76.5447258, 3.3718462], [-76.5449189, 3.3719319], [-76.5450691, 3.3720604], [-76.5451656, 3.3721889], [-76.5452193, 3.3723174], [-76.5452729, 3.372553], [-76.5452407, 3.372778], [-76.5452193, 3.3729707], [-76.5451442, 3.3731528], [-76.5451442, 3.3733456], [-76.545112, 3.3734634], [-76.5450798, 3.3736134], [-76.5450047, 3.3737419], [-76.5448974, 3.3737526], [-76.5447901, 3.3737312], [-76.5446399, 3.3737205], [-76.5445005, 3.3738276], [-76.5444254, 3.3739454], [-76.5443932, 3.3741703], [-76.5443932, 3.3743417]]]}}, {"type": "Feature", "properties": {"name": "Colseguros", "comuna": ""}, "geometry": {"type": "Polygon", "coordinates": [[[-76.5335854, 3.4302999], [-76.5329701, 3.4293053], [-76.532937, 3.4292568], [-76.5330058, 3.4289529], [-76.533114, 3.428551], [-76.5332233, 3.4281455], [-76.5333774, 3.4275727], [-76.5333755, 3.4273529], [-76.5334397, 3.4271057], [-76.5332687, 3.4269969], [-76.5333822, 3.4266875], [-76.5334949, 3.4262591], [-76.5336102, 3.4258843], [-76.5337953, 3.4254131], [-76.5340576, 3.4245849], [-76.5339047, 3.4245353], [-76.5338464, 3.4245176], [-76.5333332, 3.4243613], [-76.5332948, 3.4244988], [-76.5330627, 3.4251564], [-76.5315731, 3.4246356], [-76.5313956, 3.4251779], [-76.5312399, 3.4256539], [-76.5310688, 3.4261768], [-76.5310539, 3.4262222], [-76.5310373, 3.4262729], [-76.5308374, 3.4268838], [-76.5306439, 3.4274752], [-76.5302357, 3.4273384], [-76.5298214, 3.4286687], [-76.5300992, 3.4287732], [-76.5302809, 3.4288995], [-76.5294216, 3.4295385], [-76.5291627, 3.429723], [-76.5289879, 3.4298475], [-76.5293365, 3.4303669], [-76.5293751, 3.4304244], [-76.5294117, 3.4304789], [-76.5294501, 3.4305309], [-76.5289418, 3.4308911], [-76.528628, 3.4311267], [-76.5277067, 3.4317853], [-76.5275095, 3.4319285], [-76.5276651, 3.4321213], [-76.5278026, 3.4321215], [-76.5278833, 3.4321219], [-76.5287838, 3.4321072], [-76.5290376, 3.4321033], [-76.5294939, 3.4320922], [-76.5298066, 3.4320851], [-76.5298295, 3.4322273], [-76.5298557, 3.4323317], [-76.5310991, 3.4327289], [-76.5317293, 3.4329282], [-76.5317652, 3.4329396], [-76.5319096, 3.4329854], [-76.5319399, 3.432995], [-76.5324503, 3.4331567], [-76.5329977, 3.4333146], [-76.5337365, 3.4335342], [-76.5342835, 3.4337117], [-76.5343542, 3.4337851], [-76.5344233, 3.4334801], [-76.5342112, 3.4326684], [-76.5339893, 3.4317587], [-76.5339315, 3.4313191], [-76.5337451, 3.4307915], [-76.5335854, 3.4302999]]]}}, {"type": "Feature", "properties": {"name": "Champagnat", "comuna": ""}, "geometry": {"type": "Polygon", "coordinates": [[[-76.5333755, 3.4273529], [-76.5333774, 3.4275727], [-76.5332233, 3.4281455], [-76.533114, 3.428551], [-76.5330058, 3.4289529], [-76.532937, 3.4292568], [-76.5329701, 3.4293053], [-76.5335854, 3.4302999], [-76.5337451, 3.4307915], [-76.5339315, 3.4313191], [-76.5339893, 3.4317587], [-76.5342112, 3.4326684], [-76.5344233, 3.4334801], [-76.5343542, 3.4337851], [-76.5348626, 3.4342983], [-76.5348973, 3.4343333], [-76.535084, 3.4337654], [-76.5351032, 3.4336992], [-76.5353804, 3.4327403], [-76.5353914, 3.4327025], [-76.5354052, 3.432658], [-76.5356082, 3.4319958], [-76.5358114, 3.4313104], [-76.5358265, 3.4312597], [-76.5358445, 3.4312031], [-76.5360576, 3.4304924], [-76.5362322, 3.429917], [-76.5364473, 3.4292648], [-76.5364986, 3.4291104], [-76.5366092, 3.4287404], [-76.5367042, 3.4284324], [-76.5368468, 3.427934], [-76.5368637, 3.4278783], [-76.5368758, 3.4278288], [-76.537056, 3.4272338], [-76.5371369, 3.426966], [-76.5371522, 3.4269097], [-76.5373775, 3.4263849], [-76.5374143, 3.4263062], [-76.5374528, 3.4262302], [-76.5374927, 3.426158], [-76.5375387, 3.4260749], [-76.5375896, 3.4259865], [-76.5377517, 3.4256086], [-76.5377773, 3.4255337], [-76.5378109, 3.4253878], [-76.5379337, 3.4249806], [-76.5381037, 3.4244235], [-76.5381409, 3.4242374], [-76.5381566, 3.4241078], [-76.5381661, 3.4240071], [-76.5381767, 3.4236283], [-76.5381754, 3.4230703], [-76.5381858, 3.4226653], [-76.5382009, 3.4225856], [-76.5382748, 3.4223147], [-76.5383733, 3.4219942], [-76.538543, 3.4214134], [-76.5377972, 3.4212845], [-76.5355991, 3.420828], [-76.5353014, 3.4207236], [-76.5351284, 3.4212791], [-76.5347904, 3.4223019], [-76.5346214, 3.4228722], [-76.5341628, 3.4242618], [-76.5340576, 3.4245849], [-76.5337953, 3.4254131], [-76.5336102, 3.4258843], [-76.5334949, 3.4262591], [-76.5333822, 3.4266875], [-76.5332687, 3.4269969], [-76.5334397, 3.4271057], [-76.5333755, 3.4273529]]]}}, {"type": "Feature", "properties": {"name": "Los C\u00e1mbulos", "comuna": ""}, "geometry": {"type": "Polygon", "coordinates": [[[-76.5436393, 3.4177575], [-76.5435866, 3.4177368], [-76.5431317, 3.4175836], [-76.5421588, 3.4172888], [-76.5413541, 3.4170985], [-76.5400347, 3.416716], [-76.5399806, 3.4167006], [-76.5399033, 3.4166785], [-76.5398361, 3.4166576], [-76.5385552, 3.4162588], [-76.5378146, 3.4160354], [-76.5369621, 3.4157569], [-76.5367726, 3.4163232], [-76.5363407, 3.4177583], [-76.5360805, 3.4184759], [-76.5358767, 3.4190569], [-76.5354824, 3.42016], [-76.5353014, 3.4207236], [-76.5355991, 3.420828], [-76.5377972, 3.4212845], [-76.538543, 3.4214134], [-76.5387098, 3.4214471], [-76.540354, 3.4217439], [-76.5405456, 3.4217779], [-76.5407182, 3.4218191], [-76.5417324, 3.4220355], [-76.5417963, 3.4220606], [-76.5420841, 3.4213862], [-76.5424019, 3.420655], [-76.5426114, 3.4201822], [-76.5436145, 3.4178131], [-76.5436393, 3.4177575]]]}}, {"type": "Feature", "properties": {"name": "Unidad Residencial El Coliseo", "comuna": ""}, "geometry": {"type": "Polygon", "coordinates": [[[-76.5534838, 3.4131443], [-76.5533682, 3.4145804], [-76.5533359, 3.4150688], [-76.5533138, 3.4154287], [-76.5533085, 3.4155149], [-76.5533055, 3.4155635], [-76.5533024, 3.4156089], [-76.5542684, 3.4159221], [-76.5547405, 3.4160855], [-76.5547895, 3.4158407], [-76.5548418, 3.4156835], [-76.555443, 3.4136353], [-76.5555896, 3.4131196], [-76.5556383, 3.412666], [-76.5556444, 3.4122923], [-76.5556415, 3.4118482], [-76.5555161, 3.4118602], [-76.5552869, 3.4119004], [-76.5551337, 3.4118381], [-76.5549563, 3.4117252], [-76.5547774, 3.4116774], [-76.5546691, 3.4116234], [-76.554536, 3.411586], [-76.5543321, 3.4115569], [-76.5541281, 3.4115528], [-76.5539929, 3.4115424], [-76.5538455, 3.4115719], [-76.5536976, 3.4115569], [-76.553572, 3.4113815], [-76.5535522, 3.411353], [-76.5535198, 3.411658], [-76.5535637, 3.411896], [-76.553562, 3.4121272], [-76.5535218, 3.4126717], [-76.5534838, 3.4131443]]]}}, {"type": "Feature", "properties": {"name": "Nueva Tequendama", "comuna": ""}, "geometry": {"type": "Polygon", "coordinates": [[[-76.547388, 3.4093147], [-76.5471845, 3.4093628], [-76.5469575, 3.4093994], [-76.5468015, 3.4093847], [-76.5466161, 3.4092995], [-76.5464102, 3.4092055], [-76.5460717, 3.4090792], [-76.5459069, 3.4090586], [-76.545751, 3.4090674], [-76.5455568, 3.4090704], [-76.5453537, 3.4091937], [-76.5452301, 3.4092936], [-76.5451418, 3.4094023], [-76.5450182, 3.409508], [-76.5448358, 3.4096138], [-76.5447181, 3.4096549], [-76.5441737, 3.4101572], [-76.5437909, 3.4105977], [-76.5434615, 3.4109768], [-76.5428077, 3.4116944], [-76.5425097, 3.4119671], [-76.5417816, 3.4113539], [-76.5415966, 3.4112205], [-76.5413031, 3.4123059], [-76.541289, 3.4123572], [-76.5409995, 3.4132942], [-76.5407627, 3.414091], [-76.5404776, 3.4150017], [-76.5402857, 3.4156223], [-76.5401596, 3.4160218], [-76.5399918, 3.4166394], [-76.5399806, 3.4167006], [-76.5400347, 3.416716], [-76.5413541, 3.4170985], [-76.5421588, 3.4172888], [-76.5431317, 3.4175836], [-76.5435866, 3.4177368], [-76.5436393, 3.4177575], [-76.5436639, 3.4177019], [-76.5441052, 3.416729], [-76.5444183, 3.4160686], [-76.5449442, 3.4152981], [-76.5454161, 3.4146942], [-76.5454569, 3.414642], [-76.5456027, 3.4144544], [-76.5456566, 3.4143892], [-76.546174, 3.4137289], [-76.5471881, 3.4124159], [-76.5476888, 3.4117856], [-76.5477537, 3.4117111], [-76.5477856, 3.4116706], [-76.5477713, 3.4115939], [-76.5477246, 3.4113053], [-76.5476823, 3.4109618], [-76.5475749, 3.410415], [-76.5474778, 3.4098784], [-76.547388, 3.4093147]]]}}, {"type": "Feature", "properties": {"name": "Urbanizaci\u00f3n Militar", "comuna": ""}, "geometry": {"type": "Polygon", "coordinates": [[[-76.5399033, 3.4166785], [-76.5399806, 3.4167006], [-76.5399918, 3.4166394], [-76.5401596, 3.4160218], [-76.5402857, 3.4156223], [-76.5404776, 3.4150017], [-76.5407627, 3.414091], [-76.5409995, 3.4132942], [-76.541289, 3.4123572], [-76.5413031, 3.4123059], [-76.5415966, 3.4112205], [-76.5413846, 3.4111369], [-76.5403225, 3.4107702], [-76.5387299, 3.4102655], [-76.5383336, 3.411544], [-76.5381847, 3.4119549], [-76.5378454, 3.4130273], [-76.5376148, 3.4137368], [-76.5374404, 3.4143098], [-76.5369621, 3.4157569], [-76.5378146, 3.4160354], [-76.5385552, 3.4162588], [-76.5398361, 3.4166576], [-76.5399033, 3.4166785]]]}}, {"type": "Feature", "properties": {"name": "Camino Real - Los Fundadores", "comuna": ""}, "geometry": {"type": "Polygon", "coordinates": [[[-76.5410434, 3.405601], [-76.5405925, 3.4056836], [-76.5404512, 3.4057095], [-76.5403874, 3.4057212], [-76.5402096, 3.4057514], [-76.539486, 3.4078719], [-76.5393432, 3.4083325], [-76.5390565, 3.4091637], [-76.5389172, 3.4097185], [-76.5387299, 3.4102655], [-76.5403225, 3.4107702], [-76.5413846, 3.4111369], [-76.5415966, 3.4112205], [-76.5416555, 3.4110173], [-76.542039, 3.4097391], [-76.5421083, 3.4095053], [-76.5422183, 3.4091348], [-76.5425341, 3.4080715], [-76.5426641, 3.4075978], [-76.5427074, 3.4074841], [-76.5434148, 3.4051754], [-76.5433596, 3.4051825], [-76.5433106, 3.4051912], [-76.5424188, 3.4053491], [-76.5418002, 3.4054624], [-76.541181, 3.4055758], [-76.5410434, 3.405601]]]}}, {"type": "Feature", "properties": {"name": "Camino Real - Joaqu\u00edn Borrero Sinisterra", "comuna": ""}, "geometry": {"type": "Polygon", "coordinates": [[[-76.5473443, 3.4090426], [-76.5473406, 3.4089879], [-76.5473323, 3.4088789], [-76.547324, 3.4087585], [-76.5473109, 3.4085735], [-76.5472787, 3.4085726], [-76.547264, 3.4080994], [-76.5472426, 3.4076804], [-76.5471484, 3.4065338], [-76.5471153, 3.4062653], [-76.5469066, 3.4045955], [-76.5466633, 3.404641], [-76.5466316, 3.4046442], [-76.5462641, 3.4046818], [-76.5462129, 3.4046887], [-76.5461101, 3.4047025], [-76.5455432, 3.4047786], [-76.5448525, 3.404886], [-76.5446221, 3.4049218], [-76.5441736, 3.4050231], [-76.5441539, 3.4050275], [-76.5441251, 3.4050341], [-76.5436621, 3.4051368], [-76.543549, 3.4051566], [-76.543498, 3.4051648], [-76.5434148, 3.4051754], [-76.5427074, 3.4074841], [-76.5426641, 3.4075978], [-76.5425341, 3.4080715], [-76.5422183, 3.4091348], [-76.5421083, 3.4095053], [-76.542039, 3.4097391], [-76.5416555, 3.4110173], [-76.5415966, 3.4112205], [-76.5417816, 3.4113539], [-76.5425097, 3.4119671], [-76.5428077, 3.4116944], [-76.5434615, 3.4109768], [-76.5437909, 3.4105977], [-76.5441737, 3.4101572], [-76.5447181, 3.4096549], [-76.5448358, 3.4096138], [-76.5450182, 3.409508], [-76.5451418, 3.4094023], [-76.5452301, 3.4092936], [-76.5453537, 3.4091937], [-76.5455568, 3.4090704], [-76.545751, 3.4090674], [-76.5459069, 3.4090586], [-76.5460717, 3.4090792], [-76.5464102, 3.4092055], [-76.5466161, 3.4092995], [-76.5468015, 3.4093847], [-76.5469575, 3.4093994], [-76.5471845, 3.4093628], [-76.547388, 3.4093147], [-76.547364, 3.4091653], [-76.5473498, 3.4091188], [-76.5473443, 3.4090426]]]}}, {"type": "Feature", "properties": {"name": "Ca\u00f1averalejo - Seguros Patria", "comuna": ""}, "geometry": {"type": "Polygon", "coordinates": [[[-76.5467492, 3.4035518], [-76.5466779, 3.4031099], [-76.546513, 3.401624], [-76.5464807, 3.40115], [-76.5464588, 3.4008058], [-76.5464384, 3.4003812], [-76.5461207, 3.4003669], [-76.5444739, 3.4005958], [-76.5441909, 3.4006373], [-76.5420686, 3.4008906], [-76.5417565, 3.400918], [-76.5413631, 3.4021072], [-76.5404659, 3.4048877], [-76.5402096, 3.4057514], [-76.5403874, 3.4057212], [-76.5404512, 3.4057095], [-76.5405925, 3.4056836], [-76.5410434, 3.405601], [-76.541181, 3.4055758], [-76.5418002, 3.4054624], [-76.5424188, 3.4053491], [-76.5433106, 3.4051912], [-76.5433596, 3.4051825], [-76.5434148, 3.4051754], [-76.543498, 3.4051648], [-76.543549, 3.4051566], [-76.5436621, 3.4051368], [-76.5441251, 3.4050341], [-76.5441539, 3.4050275], [-76.5441736, 3.4050231], [-76.5446221, 3.4049218], [-76.5448525, 3.404886], [-76.5455432, 3.4047786], [-76.5461101, 3.4047025], [-76.5462129, 3.4046887], [-76.5462641, 3.4046818], [-76.5466316, 3.4046442], [-76.5466633, 3.404641], [-76.5469066, 3.4045955], [-76.5468513, 3.404213], [-76.5468423, 3.4041516], [-76.546835, 3.4041004], [-76.5467492, 3.4035518]]]}}, {"type": "Feature", "properties": {"name": "Ca\u00f1averal", "comuna": ""}, "geometry": {"type": "Polygon", "coordinates": [[[-76.562731, 3.4099027], [-76.5627572, 3.4099343], [-76.5628195, 3.4100154], [-76.5628853, 3.4100903], [-76.5629403, 3.4101311], [-76.5629933, 3.4101907], [-76.5631307, 3.4102871], [-76.5632554, 3.4103715], [-76.563301, 3.410409], [-76.5633654, 3.4104612], [-76.563411, 3.410496], [-76.5635035, 3.4106017], [-76.5635424, 3.4106633], [-76.5635746, 3.4107249], [-76.5635934, 3.4107731], [-76.5636189, 3.4108454], [-76.563639, 3.4109043], [-76.5636873, 3.4109605], [-76.5637436, 3.4110141], [-76.5638066, 3.4110703], [-76.5638536, 3.4111252], [-76.563871, 3.4111627], [-76.5638777, 3.4112015], [-76.5638735, 3.4112363], [-76.5639039, 3.4112275], [-76.5640246, 3.4111818], [-76.5641328, 3.4110842], [-76.5642827, 3.4110032], [-76.5643805, 3.410943], [-76.5644366, 3.4108869], [-76.5645906, 3.4108059], [-76.5646697, 3.410727], [-76.5647987, 3.4106605], [-76.564884, 3.4106958], [-76.5649901, 3.4106854], [-76.5650963, 3.4107207], [-76.5652211, 3.4107498], [-76.5653356, 3.410702], [-76.5654514, 3.4107747], [-76.5655598, 3.4108106], [-76.5655311, 3.4107068], [-76.5654856, 3.4103512], [-76.5654611, 3.4098546], [-76.5650989, 3.409704], [-76.5651712, 3.4094833], [-76.5652184, 3.4093594], [-76.5652832, 3.4092144], [-76.5654076, 3.4091025], [-76.5655586, 3.409044], [-76.5657625, 3.4089908], [-76.5658943, 3.4089565], [-76.5659884, 3.4089382], [-76.5661625, 3.4088723], [-76.5662854, 3.4087591], [-76.5662243, 3.4086914], [-76.566241, 3.4086445], [-76.5662779, 3.4085642], [-76.5663466, 3.4082667], [-76.566352, 3.4081596], [-76.5662929, 3.4080284], [-76.5662598, 3.407967], [-76.5661535, 3.4078116], [-76.566132, 3.4076911], [-76.5661857, 3.4075599], [-76.5662809, 3.4074722], [-76.5660561, 3.4072988], [-76.5661446, 3.4071033], [-76.5655052, 3.4066085], [-76.565149, 3.4069641], [-76.5648952, 3.407139], [-76.5648101, 3.4072347], [-76.564746, 3.4074166], [-76.564292, 3.40741], [-76.5636022, 3.407141], [-76.5635621, 3.4072568], [-76.5634552, 3.4072319], [-76.563376, 3.4072413], [-76.5632969, 3.4072895], [-76.56325, 3.407335], [-76.563195, 3.4074006], [-76.5631427, 3.4074769], [-76.5630823, 3.4075559], [-76.5630086, 3.4076482], [-76.5629107, 3.4077647], [-76.5628812, 3.4078812], [-76.5629402, 3.4079669], [-76.5629871, 3.4080485], [-76.5630153, 3.4081155], [-76.5630153, 3.4082145], [-76.5629925, 3.4083096], [-76.5629321, 3.4084983], [-76.5628865, 3.4085894], [-76.5628342, 3.4086884], [-76.56279, 3.4087741], [-76.5627779, 3.4088678], [-76.5628074, 3.4089267], [-76.5628718, 3.4089696], [-76.562908, 3.408987], [-76.5629418, 3.4090259], [-76.5627069, 3.409544], [-76.5625786, 3.4097417], [-76.562731, 3.4099027]]]}}, {"type": "Feature", "properties": {"name": "Sector Ca\u00f1averalejo - Guadalupe", "comuna": ""}, "geometry": {"type": "Polygon", "coordinates": [[[-76.5578797, 3.4099589], [-76.5578864, 3.4097632], [-76.5577998, 3.4095288], [-76.5577934, 3.4092774], [-76.557962, 3.4082091], [-76.5580509, 3.4072518], [-76.5582323, 3.4066719], [-76.5580104, 3.4065822], [-76.55749, 3.4066036], [-76.5571574, 3.4066826], [-76.5571708, 3.4067173], [-76.5565399, 3.4069561], [-76.5564679, 3.4068366], [-76.5563567, 3.4066416], [-76.5561974, 3.4064701], [-76.5561304, 3.4064106], [-76.5560545, 3.4063719], [-76.5559837, 3.4063537], [-76.555865, 3.4063411], [-76.5558262, 3.406337], [-76.5564251, 3.4042238], [-76.5568274, 3.402221], [-76.5573797, 3.3997014], [-76.5577186, 3.3971286], [-76.557734, 3.3961565], [-76.5579137, 3.3960521], [-76.5580371, 3.3958272], [-76.5581176, 3.3951283], [-76.5578649, 3.3947867], [-76.5577181, 3.3947792], [-76.5575675, 3.3948172], [-76.557034, 3.394867], [-76.5569962, 3.3948656], [-76.5570342, 3.3950706], [-76.5571067, 3.3956771], [-76.557127, 3.3960461], [-76.5570917, 3.3966941], [-76.5570215, 3.3973289], [-76.5569338, 3.3976989], [-76.5566971, 3.398288], [-76.5565731, 3.3986644], [-76.556616, 3.3988581], [-76.5566322, 3.3990906], [-76.5566621, 3.3993947], [-76.556796, 3.4002331], [-76.5568052, 3.4004542], [-76.5567738, 3.400794], [-76.5565801, 3.402038], [-76.5565568, 3.402162], [-76.5564557, 3.402833], [-76.5563209, 3.4037143], [-76.5562481, 3.4040029], [-76.5561099, 3.4043354], [-76.5559093, 3.4047827], [-76.555883, 3.4048895], [-76.5558729, 3.4049413], [-76.5558597, 3.4050084], [-76.5558474, 3.405074], [-76.5558473, 3.4051477], [-76.5558279, 3.4055257], [-76.5557904, 3.406337], [-76.5557698, 3.4068529], [-76.5557491, 3.4071597], [-76.5557345, 3.4076723], [-76.5556785, 3.4084677], [-76.5556353, 3.4093614], [-76.5556583, 3.4103335], [-76.5556417, 3.4114306], [-76.5556421, 3.4117323], [-76.5556415, 3.4118482], [-76.5557553, 3.4118374], [-76.5558261, 3.4118685], [-76.5559052, 3.4119412], [-76.5559385, 3.4120139], [-76.5559738, 3.4120845], [-76.5560633, 3.4121739], [-76.556209, 3.4122445], [-76.556338, 3.4122382], [-76.5564212, 3.4121946], [-76.556467, 3.4121219], [-76.5565336, 3.4120783], [-76.5566189, 3.4120845], [-76.5567188, 3.4121157], [-76.5567625, 3.4121884], [-76.5567791, 3.4122777], [-76.5567895, 3.412394], [-76.556852, 3.4125104], [-76.5569331, 3.4125685], [-76.55711, 3.4126786], [-76.5571786, 3.4127098], [-76.5573056, 3.4128115], [-76.5573451, 3.4128801], [-76.557393, 3.4129549], [-76.5574575, 3.4130483], [-76.5575407, 3.4130899], [-76.5576343, 3.4130899], [-76.5577113, 3.4130379], [-76.5578299, 3.4129798], [-76.5580255, 3.4130483], [-76.5581456, 3.4131781], [-76.5582121, 3.4132605], [-76.5582641, 3.4133062], [-76.5583598, 3.4133664], [-76.558468, 3.4134391], [-76.5585117, 3.4134869], [-76.5585617, 3.4135617], [-76.5586116, 3.4136468], [-76.5586491, 3.4137258], [-76.5587073, 3.4138026], [-76.558776, 3.41384], [-76.5588717, 3.413867], [-76.5590347, 3.4138684], [-76.5590995, 3.4138086], [-76.5592133, 3.4137435], [-76.5593383, 3.4137097], [-76.5594689, 3.413705], [-76.5597103, 3.4136344], [-76.5599059, 3.4136032], [-76.5600734, 3.4136263], [-76.560116, 3.4136289], [-76.5603102, 3.413673], [-76.5604435, 3.4136121], [-76.5605434, 3.4135477], [-76.5606225, 3.4134958], [-76.560689, 3.413421], [-76.5607556, 3.4133483], [-76.5608389, 3.4132735], [-76.5609263, 3.4132195], [-76.5610241, 3.4131759], [-76.561106, 3.4131718], [-76.5611419, 3.4131293], [-76.5611936, 3.4130712], [-76.5612464, 3.4130514], [-76.5612708, 3.4130868], [-76.5612949, 3.4131317], [-76.5613111, 3.4131501], [-76.5613521, 3.4131589], [-76.5614026, 3.4131308], [-76.5614303, 3.4130967], [-76.5614833, 3.4130416], [-76.5615068, 3.4129329], [-76.5615588, 3.4128415], [-76.5616338, 3.4127086], [-76.5617066, 3.4126068], [-76.5617752, 3.4125278], [-76.5618418, 3.4124489], [-76.5618918, 3.4123617], [-76.5619376, 3.4122827], [-76.5620104, 3.4122225], [-76.5621186, 3.4121581], [-76.5622372, 3.4121249], [-76.5623412, 3.4120875], [-76.5624078, 3.4120273], [-76.5624411, 3.4119442], [-76.5625202, 3.411832], [-76.5626117, 3.4117385], [-76.5627116, 3.4117136], [-76.5628365, 3.4116637], [-76.5629488, 3.4115931], [-76.5630737, 3.4115017], [-76.5632152, 3.4114519], [-76.5633255, 3.4114041], [-76.5634337, 3.4113958], [-76.5635585, 3.4113792], [-76.5636459, 3.4113086], [-76.5637895, 3.4112608], [-76.5638735, 3.4112363], [-76.5638777, 3.4112015], [-76.563871, 3.4111627], [-76.5638536, 3.4111252], [-76.5638066, 3.4110703], [-76.5637436, 3.4110141], [-76.5636873, 3.4109605], [-76.563639, 3.4109043], [-76.5636189, 3.4108454], [-76.5635934, 3.4107731], [-76.5635746, 3.4107249], [-76.5635424, 3.4106633], [-76.5635035, 3.4106017], [-76.563411, 3.410496], [-76.5633654, 3.4104612], [-76.563301, 3.410409], [-76.5632554, 3.4103715], [-76.5631307, 3.4102871], [-76.5629933, 3.4101907], [-76.5629403, 3.4101311], [-76.5628853, 3.4100903], [-76.5628195, 3.4100154], [-76.5627572, 3.4099343], [-76.562731, 3.4099027], [-76.5625786, 3.4097417], [-76.5624979, 3.4098256], [-76.5624232, 3.409718], [-76.5621382, 3.4099161], [-76.5620953, 3.4098572], [-76.5616934, 3.410121], [-76.561512, 3.4102426], [-76.5613762, 3.4098909], [-76.5613436, 3.4098942], [-76.5612431, 3.4100788], [-76.5609803, 3.4102212], [-76.5607882, 3.4103603], [-76.5606302, 3.4103988], [-76.56051, 3.4103216], [-76.5602926, 3.4103087], [-76.5601272, 3.4104803], [-76.5598937, 3.4107134], [-76.5597866, 3.4106746], [-76.5597574, 3.4108332], [-76.5595758, 3.4112671], [-76.5595271, 3.4114517], [-76.5594428, 3.4115456], [-76.5590568, 3.4114711], [-76.5588589, 3.411102], [-76.5587584, 3.4108397], [-76.5587259, 3.4106163], [-76.5586773, 3.4105968], [-76.5585702, 3.4103961], [-76.5585151, 3.4102795], [-76.5583691, 3.4100691], [-76.5582231, 3.4098942], [-76.5581001, 3.4099535], [-76.5579821, 3.409975], [-76.5578797, 3.4099589]]]}}, {"type": "Feature", "properties": {"name": "Cuarto de Legua - Guadalupe", "comuna": ""}, "geometry": {"type": "Polygon", "coordinates": [[[-76.5495547, 3.4101317], [-76.5497016, 3.410171], [-76.5500622, 3.4103458], [-76.55031, 3.4103973], [-76.5505679, 3.4103799], [-76.5507399, 3.4103683], [-76.5509283, 3.4103815], [-76.5511292, 3.4103894], [-76.5513566, 3.4104105], [-76.5515032, 3.4104247], [-76.5516128, 3.4104574], [-76.5517415, 3.4105066], [-76.5519619, 3.4105601], [-76.5522067, 3.4105472], [-76.5523068, 3.4105535], [-76.5525132, 3.4105849], [-76.5526243, 3.4105863], [-76.5527119, 3.4105953], [-76.5527907, 3.4106188], [-76.5528475, 3.4106521], [-76.5529332, 3.4106966], [-76.5530029, 3.4107904], [-76.5530855, 3.4108829], [-76.5532396, 3.4110434], [-76.5533754, 3.4111482], [-76.5534772, 3.4112454], [-76.5535522, 3.411353], [-76.553572, 3.4113815], [-76.5536976, 3.4115569], [-76.5538455, 3.4115719], [-76.5539929, 3.4115424], [-76.5541281, 3.4115528], [-76.5543321, 3.4115569], [-76.554536, 3.411586], [-76.5546691, 3.4116234], [-76.5547774, 3.4116774], [-76.5549563, 3.4117252], [-76.5551337, 3.4118381], [-76.5552869, 3.4119004], [-76.5555161, 3.4118602], [-76.5556415, 3.4118482], [-76.5556421, 3.4117323], [-76.5556417, 3.4114306], [-76.5556583, 3.4103335], [-76.5556353, 3.4093614], [-76.5556785, 3.4084677], [-76.5557345, 3.4076723], [-76.5556984, 3.4076683], [-76.5556555, 3.4076635], [-76.5549426, 3.4075848], [-76.5540865, 3.4074902], [-76.5537617, 3.4074543], [-76.553275, 3.4074006], [-76.5527003, 3.4073371], [-76.5521555, 3.4072769], [-76.5521843, 3.4069924], [-76.5521898, 3.4069384], [-76.5515902, 3.4068645], [-76.5497276, 3.4066258], [-76.5480593, 3.406449], [-76.5476727, 3.4064832], [-76.5473728, 3.4065097], [-76.5473246, 3.406514], [-76.5471484, 3.4065338], [-76.5472426, 3.4076804], [-76.547264, 3.4080994], [-76.5472787, 3.4085726], [-76.5473109, 3.4085735], [-76.547324, 3.4087585], [-76.5473323, 3.4088789], [-76.5473406, 3.4089879], [-76.547403, 3.4089829], [-76.5474595, 3.408981], [-76.5475137, 3.4089792], [-76.547694, 3.4090021], [-76.5477286, 3.4090048], [-76.5480805, 3.4090525], [-76.5486365, 3.4091278], [-76.5496112, 3.4092575], [-76.5496569, 3.4092663], [-76.5496537, 3.4093027], [-76.549562, 3.4100239], [-76.5495547, 3.4101317]]]}}, {"type": "Feature", "properties": {"name": "La Cascada", "comuna": ""}, "geometry": {"type": "Polygon", "coordinates": [[[-76.5528022, 3.4016775], [-76.5539184, 3.401784], [-76.5551526, 3.4019018], [-76.5552386, 3.40191], [-76.5554136, 3.4019267], [-76.5553999, 3.4020758], [-76.5553204, 3.4030978], [-76.5553118, 3.4032097], [-76.5553072, 3.4032825], [-76.5552325, 3.4043158], [-76.5551832, 3.4049424], [-76.555177, 3.405006], [-76.5558247, 3.4050751], [-76.5558474, 3.405074], [-76.5558597, 3.4050084], [-76.5558729, 3.4049413], [-76.555883, 3.4048895], [-76.5559093, 3.4047827], [-76.5561099, 3.4043354], [-76.5562481, 3.4040029], [-76.5563209, 3.4037143], [-76.5564557, 3.402833], [-76.5565568, 3.402162], [-76.5565801, 3.402038], [-76.5567738, 3.400794], [-76.5568052, 3.4004542], [-76.556796, 3.4002331], [-76.5566621, 3.3993947], [-76.5556014, 3.3993963], [-76.5549748, 3.3993868], [-76.5542492, 3.399381], [-76.5528207, 3.3993697], [-76.5527736, 3.3993693], [-76.5524933, 3.3993671], [-76.5524069, 3.3993919], [-76.55238, 3.399284], [-76.5523544, 3.3992353], [-76.5523119, 3.3992865], [-76.5512819, 3.400478], [-76.5508723, 3.4009225], [-76.5508241, 3.4009563], [-76.5507167, 3.4009673], [-76.5505831, 3.4009544], [-76.5498054, 3.400901], [-76.5498008, 3.4010784], [-76.5497933, 3.4013671], [-76.5497893, 3.4015248], [-76.5505342, 3.4015894], [-76.5510668, 3.4016356], [-76.5521722, 3.4017315], [-76.5521857, 3.4016187], [-76.5528022, 3.4016775]]]}}, {"type": "Feature", "properties": {"name": "El Refugio", "comuna": ""}, "geometry": {"type": "Polygon", "coordinates": [[[-76.5566621, 3.3993947], [-76.5566322, 3.3990906], [-76.556616, 3.3988581], [-76.5565731, 3.3986644], [-76.5566971, 3.398288], [-76.5569338, 3.3976989], [-76.5570215, 3.3973289], [-76.5570917, 3.3966941], [-76.557127, 3.3960461], [-76.5571067, 3.3956771], [-76.5570342, 3.3950706], [-76.5569962, 3.3948656], [-76.5569606, 3.3948638], [-76.5559899, 3.3949758], [-76.5550478, 3.395098], [-76.5540132, 3.3952383], [-76.553036, 3.3953585], [-76.5521633, 3.3954746], [-76.5519747, 3.395505], [-76.551379, 3.395577], [-76.5508026, 3.3956539], [-76.5502482, 3.3957309], [-76.5496581, 3.3958115], [-76.5495641, 3.3952211], [-76.549367, 3.3952484], [-76.5491065, 3.3952817], [-76.5488256, 3.3953177], [-76.5486343, 3.3953422], [-76.548711, 3.3959217], [-76.5481977, 3.395998], [-76.5481363, 3.3960035], [-76.5477025, 3.3960651], [-76.5475785, 3.3960779], [-76.5471983, 3.3961353], [-76.5465245, 3.3962157], [-76.546464, 3.3962229], [-76.5462515, 3.3962475], [-76.5463617, 3.3970476], [-76.5464078, 3.3979768], [-76.5464116, 3.3980923], [-76.5464167, 3.3982465], [-76.5464185, 3.3983031], [-76.5464283, 3.3988893], [-76.5464279, 3.399376], [-76.5464342, 3.4003166], [-76.5464384, 3.4003812], [-76.5464588, 3.4008058], [-76.5464807, 3.40115], [-76.546841, 3.4012433], [-76.5469544, 3.401267], [-76.5471293, 3.4013047], [-76.5474256, 3.4013292], [-76.5474945, 3.4013349], [-76.5482086, 3.401394], [-76.548466, 3.4014193], [-76.5488272, 3.401448], [-76.5497893, 3.4015248], [-76.5497933, 3.4013671], [-76.5498008, 3.4010784], [-76.5498054, 3.400901], [-76.5505831, 3.4009544], [-76.5507167, 3.4009673], [-76.5508241, 3.4009563], [-76.5508723, 3.4009225], [-76.5512819, 3.400478], [-76.5523119, 3.3992865], [-76.5523544, 3.3992353], [-76.55238, 3.399284], [-76.5524069, 3.3993919], [-76.5524933, 3.3993671], [-76.5527736, 3.3993693], [-76.5528207, 3.3993697], [-76.5542492, 3.399381], [-76.5549748, 3.3993868], [-76.5556014, 3.3993963], [-76.5566621, 3.3993947]]]}}, {"type": "Feature", "properties": {"name": "Bellavista", "comuna": ""}, "geometry": {"type": "Polygon", "coordinates": [[[-76.5486699, 3.4451141], [-76.5485427, 3.4451966], [-76.5484831, 3.4452199], [-76.5483792, 3.4452305], [-76.5482182, 3.4452351], [-76.5479813, 3.4452432], [-76.5477461, 3.4453021], [-76.547601, 3.4453494], [-76.5474263, 3.4454379], [-76.5471901, 3.4455179], [-76.5466707, 3.4455802], [-76.5465231, 3.4456198], [-76.5464051, 3.4456855], [-76.5463026, 3.4457796], [-76.5462364, 3.4458744], [-76.5461992, 3.4459597], [-76.5461925, 3.4460745], [-76.5461996, 3.4463139], [-76.5462214, 3.4464721], [-76.5462681, 3.4466215], [-76.5463575, 3.4467583], [-76.5464693, 3.4468799], [-76.5465546, 3.4469205], [-76.5466444, 3.4469446], [-76.5467569, 3.446962], [-76.546855, 3.446966], [-76.5469689, 3.4469653], [-76.5472172, 3.4469575], [-76.5482937, 3.4471072], [-76.5484695, 3.4471132], [-76.5487055, 3.4470703], [-76.5488048, 3.447065], [-76.5488905, 3.4470857], [-76.5489763, 3.4471339], [-76.5492897, 3.4473937], [-76.5494751, 3.4475355], [-76.5495263, 3.4475716], [-76.5495744, 3.4475863], [-76.5496211, 3.4475804], [-76.549875, 3.4474933], [-76.5500691, 3.4474083], [-76.5501137, 3.4473889], [-76.5502129, 3.4473488], [-76.5502988, 3.4473595], [-76.5503685, 3.4473836], [-76.5504355, 3.4474371], [-76.5504999, 3.4474933], [-76.5505605, 3.4475679], [-76.5507254, 3.4474398], [-76.5508379, 3.4473621], [-76.5509961, 3.4472791], [-76.5509521, 3.4472003], [-76.5513973, 3.4469553], [-76.5515099, 3.4469232], [-76.5515916, 3.4470114], [-76.5516317, 3.4469546], [-76.5517014, 3.446909], [-76.5517685, 3.4468796], [-76.551841, 3.4468722], [-76.5519161, 3.4468909], [-76.5520181, 3.4469846], [-76.5521709, 3.4471506], [-76.552238, 3.4472015], [-76.5523076, 3.4472062], [-76.5524337, 3.4471767], [-76.55264, 3.4471077], [-76.5526958, 3.447089], [-76.5527958, 3.4470215], [-76.5528736, 3.4469063], [-76.5528923, 3.4468777], [-76.5529192, 3.4467912], [-76.5529542, 3.4466687], [-76.5530158, 3.446567], [-76.5530587, 3.4465161], [-76.5531043, 3.4464706], [-76.5531512, 3.4464478], [-76.5532143, 3.4464278], [-76.5532881, 3.4464197], [-76.5533833, 3.4464452], [-76.5534557, 3.4465001], [-76.5535522, 3.4465884], [-76.5536461, 3.446666], [-76.553764, 3.4467216], [-76.5538741, 3.4467464], [-76.5539921, 3.446749], [-76.5541021, 3.4467249], [-76.5543746, 3.4466455], [-76.5544819, 3.4468187], [-76.554565, 3.4469895], [-76.554589, 3.4470964], [-76.554565, 3.447215], [-76.5544949, 3.4473309], [-76.5544133, 3.4474387], [-76.5543688, 3.4475103], [-76.5543515, 3.4475999], [-76.5543562, 3.4476883], [-76.5544025, 3.447766], [-76.5544454, 3.4478008], [-76.5544938, 3.4478309], [-76.5545743, 3.4478469], [-76.5547538, 3.4478516], [-76.5549632, 3.4478443], [-76.5550705, 3.4478603], [-76.555175, 3.4478704], [-76.5552636, 3.4479112], [-76.5553508, 3.4479594], [-76.5554419, 3.4480157], [-76.5555565, 3.4480585], [-76.5556429, 3.4480531], [-76.555767, 3.4480009], [-76.5560139, 3.4477733], [-76.556307, 3.4476354], [-76.5563826, 3.4476354], [-76.5567162, 3.4478373], [-76.5568464, 3.4477228], [-76.5568582, 3.4477125], [-76.556998, 3.4475994], [-76.5570168, 3.4475924], [-76.5572591, 3.4475025], [-76.5578535, 3.4473472], [-76.5582134, 3.4472644], [-76.5585463, 3.4471583], [-76.5584596, 3.44663], [-76.558491, 3.4461832], [-76.5581792, 3.4461922], [-76.5582194, 3.4458549], [-76.5579727, 3.445871], [-76.5579566, 3.4454774], [-76.5575865, 3.4455096], [-76.5575999, 3.4458175], [-76.5573478, 3.4458335], [-76.5573585, 3.4456327], [-76.5561247, 3.4436568], [-76.5563929, 3.4433382], [-76.5558645, 3.4424547], [-76.5549526, 3.4431082], [-76.5549775, 3.4430594], [-76.5549998, 3.4429997], [-76.5550182, 3.4429393], [-76.5550317, 3.4428832], [-76.5550418, 3.4428274], [-76.5550501, 3.4427511], [-76.5550559, 3.442651], [-76.5550241, 3.4425656], [-76.5549688, 3.4425041], [-76.5548128, 3.4423761], [-76.5543527, 3.4420581], [-76.5542554, 3.4419734], [-76.5541581, 3.4418868], [-76.5540005, 3.4418018], [-76.5537722, 3.4416976], [-76.5536466, 3.4416393], [-76.553544, 3.4415774], [-76.5534601, 3.4415154], [-76.5533953, 3.4414556], [-76.5533422, 3.4413867], [-76.5532774, 3.4412555], [-76.5531905, 3.4411078], [-76.5530531, 3.4408531], [-76.552611, 3.441128], [-76.5522489, 3.440286], [-76.5517313, 3.4408135], [-76.5517864, 3.4408738], [-76.5518868, 3.4413035], [-76.5520437, 3.4416672], [-76.5521417, 3.4418658], [-76.5522428, 3.44198], [-76.5524205, 3.4420547], [-76.552509, 3.4423904], [-76.5525505, 3.4425478], [-76.5521242, 3.4426662], [-76.5519002, 3.4426006], [-76.5518277, 3.4425289], [-76.5516266, 3.442899], [-76.5515496, 3.4430033], [-76.5514444, 3.4431191], [-76.5512386, 3.443255], [-76.5511056, 3.4433261], [-76.5510545, 3.4433863], [-76.5507011, 3.4435431], [-76.5503599, 3.443686], [-76.5496016, 3.4439942], [-76.5492864, 3.4441816], [-76.5491402, 3.4443262], [-76.5489455, 3.4443507], [-76.5489041, 3.4443593], [-76.5489193, 3.444422], [-76.5489256, 3.444559], [-76.5489175, 3.4446745], [-76.548888, 3.4448281], [-76.5488226, 3.4449405], [-76.5487862, 3.4449956], [-76.5487465, 3.4450391], [-76.5486699, 3.4451141]]]}}, {"type": "Feature", "properties": {"name": "El Morti\u00f1al", "comuna": ""}, "geometry": {"type": "Polygon", "coordinates": [[[-76.5503599, 3.443686], [-76.5507011, 3.4435431], [-76.5510545, 3.4433863], [-76.5511056, 3.4433261], [-76.5512386, 3.443255], [-76.5514444, 3.4431191], [-76.5515496, 3.4430033], [-76.5516266, 3.442899], [-76.5518277, 3.4425289], [-76.5519002, 3.4426006], [-76.5521242, 3.4426662], [-76.5525505, 3.4425478], [-76.552509, 3.4423904], [-76.5524205, 3.4420547], [-76.5522428, 3.44198], [-76.5521417, 3.4418658], [-76.5520437, 3.4416672], [-76.5518868, 3.4413035], [-76.5517864, 3.4408738], [-76.5517313, 3.4408135], [-76.5514536, 3.4406327], [-76.5507147, 3.4405778], [-76.5495238, 3.4404574], [-76.549273, 3.4404024], [-76.5490653, 3.4401467], [-76.549033, 3.4401717], [-76.5490013, 3.4401964], [-76.5486183, 3.4406392], [-76.5481944, 3.4412146], [-76.548176, 3.4412734], [-76.5481181, 3.4415174], [-76.5480667, 3.4416324], [-76.5480432, 3.4416849], [-76.5480781, 3.4418402], [-76.5483563, 3.4429164], [-76.5484267, 3.4431652], [-76.5484512, 3.4432526], [-76.5485366, 3.4435415], [-76.5487311, 3.4440274], [-76.5488424, 3.4442068], [-76.5488647, 3.4442586], [-76.5489041, 3.4443593], [-76.5489455, 3.4443507], [-76.5491402, 3.4443262], [-76.5492864, 3.4441816], [-76.5496016, 3.4439942], [-76.5503599, 3.443686]]]}}, {"type": "Feature", "properties": {"name": "Tejares - Cristales", "comuna": ""}, "geometry": {"type": "Polygon", "coordinates": [[[-76.5486183, 3.4406392], [-76.5490013, 3.4401964], [-76.549033, 3.4401717], [-76.5490653, 3.4401467], [-76.549273, 3.4404024], [-76.5495238, 3.4404574], [-76.5507147, 3.4405778], [-76.5514536, 3.4406327], [-76.5517313, 3.4408135], [-76.5522489, 3.440286], [-76.552611, 3.441128], [-76.5530531, 3.4408531], [-76.5529046, 3.4405606], [-76.5528571, 3.4404489], [-76.5528228, 3.4403747], [-76.5527867, 3.4403007], [-76.5527579, 3.440219], [-76.5527438, 3.4401569], [-76.5527404, 3.4400905], [-76.5527385, 3.4400397], [-76.5527435, 3.4399853], [-76.5527601, 3.4399398], [-76.5527824, 3.4398966], [-76.5528075, 3.4398576], [-76.5528584, 3.4397886], [-76.5529342, 3.4396996], [-76.5530179, 3.4396128], [-76.5530914, 3.4395186], [-76.5531367, 3.4394211], [-76.5531452, 3.4393572], [-76.5531412, 3.4392886], [-76.5531142, 3.4389127], [-76.5531381, 3.4387725], [-76.553177, 3.4386943], [-76.5532388, 3.4386162], [-76.553335, 3.4385441], [-76.5534267, 3.4385142], [-76.5535131, 3.4384966], [-76.5536153, 3.438494], [-76.5537049, 3.4384972], [-76.5538619, 3.4385018], [-76.5540322, 3.4384787], [-76.554137, 3.4384569], [-76.5542352, 3.4384133], [-76.5543259, 3.4383517], [-76.5543842, 3.4383019], [-76.5544378, 3.4382451], [-76.5546426, 3.438023], [-76.5547659, 3.4379], [-76.5548403, 3.4378284], [-76.5549055, 3.4377507], [-76.5550483, 3.4375706], [-76.5553128, 3.4372255], [-76.5555403, 3.4369383], [-76.5556347, 3.4368214], [-76.5556876, 3.4367615], [-76.5557428, 3.4367074], [-76.5557587, 3.4366983], [-76.555944, 3.4365973], [-76.5560441, 3.4365496], [-76.5561781, 3.4364927], [-76.556461, 3.4363774], [-76.556632, 3.436322], [-76.5568092, 3.4362667], [-76.5569586, 3.4362159], [-76.5570834, 3.4361637], [-76.5572209, 3.4360941], [-76.5573064, 3.4360464], [-76.5573641, 3.4360172], [-76.5574335, 3.4359764], [-76.5574774, 3.4359434], [-76.5575205, 3.4359034], [-76.5575552, 3.4358611], [-76.5575783, 3.4358226], [-76.5572646, 3.435713], [-76.5571547, 3.4357398], [-76.5570849, 3.4357746], [-76.5568435, 3.4357773], [-76.5566102, 3.4356836], [-76.5562776, 3.4354828], [-76.5560415, 3.4354614], [-76.5555453, 3.4354962], [-76.5551001, 3.435523], [-76.5545368, 3.4356327], [-76.5539172, 3.4356033], [-76.5533808, 3.4353623], [-76.5529168, 3.4353677], [-76.552273, 3.4353489], [-76.55164, 3.4352606], [-76.5512592, 3.4352391], [-76.5508515, 3.4351883], [-76.5508112, 3.4351802], [-76.550563, 3.4350452], [-76.550394, 3.4349542], [-76.5501916, 3.4347237], [-76.5500656, 3.4344747], [-76.5500441, 3.4343328], [-76.5498805, 3.4341829], [-76.5497161, 3.4340625], [-76.5496866, 3.4340426], [-76.549403, 3.4341305], [-76.5492965, 3.4343774], [-76.5491597, 3.4346987], [-76.5486118, 3.4345119], [-76.5481749, 3.4343597], [-76.5479413, 3.4342847], [-76.5477307, 3.4340972], [-76.5476273, 3.434099], [-76.5475911, 3.4341713], [-76.5469515, 3.4348723], [-76.5470382, 3.4351463], [-76.5470686, 3.4353262], [-76.5470487, 3.4354851], [-76.5469972, 3.4356517], [-76.5469669, 3.4357496], [-76.5469454, 3.4358098], [-76.5469004, 3.4360073], [-76.5468222, 3.4361605], [-76.546674, 3.4362746], [-76.5465273, 3.4363646], [-76.5462522, 3.4366144], [-76.5460768, 3.4367839], [-76.5459625, 3.4369553], [-76.5458655, 3.4371825], [-76.5457796, 3.4373753], [-76.5457109, 3.4376315], [-76.5456869, 3.4377465], [-76.5456746, 3.4377869], [-76.5457217, 3.437867], [-76.5457693, 3.4379534], [-76.5457976, 3.4380633], [-76.5459572, 3.4388597], [-76.5459725, 3.4389326], [-76.546004, 3.4390038], [-76.5460429, 3.439066], [-76.5460904, 3.4391204], [-76.546334, 3.4393124], [-76.5465638, 3.4395013], [-76.5471205, 3.4400798], [-76.5476623, 3.4406878], [-76.5478005, 3.4408918], [-76.5478218, 3.4409464], [-76.5479084, 3.4411685], [-76.5480432, 3.4416849], [-76.5480667, 3.4416324], [-76.5481181, 3.4415174], [-76.548176, 3.4412734], [-76.5481944, 3.4412146], [-76.5486183, 3.4406392]]]}}, {"type": "Feature", "properties": {"name": "Santa B\u00e1rbara", "comuna": ""}, "geometry": {"type": "Polygon", "coordinates": [[[-76.5458968, 3.4413258], [-76.5458003, 3.4413342], [-76.5456952, 3.4413645], [-76.5456021, 3.4414341], [-76.5455541, 3.4415325], [-76.5455484, 3.4416497], [-76.5455686, 3.4416777], [-76.5457577, 3.4418777], [-76.5459052, 3.4419717], [-76.5469177, 3.442604], [-76.5470471, 3.4426474], [-76.5482926, 3.4429044], [-76.5483563, 3.4429164], [-76.5480781, 3.4418402], [-76.5480432, 3.4416849], [-76.5479084, 3.4411685], [-76.5478116, 3.4412139], [-76.547488, 3.4413771], [-76.547229, 3.4414788], [-76.5470687, 3.4415095], [-76.5468897, 3.4414938], [-76.5464124, 3.4414185], [-76.5458968, 3.4413258]]]}}, {"type": "Feature", "properties": {"name": "Viejo San Fernando", "comuna": ""}, "geometry": {"type": "Polygon", "coordinates": [[[-76.5469669, 3.4357496], [-76.5469972, 3.4356517], [-76.5470487, 3.4354851], [-76.5470686, 3.4353262], [-76.5470382, 3.4351463], [-76.5469515, 3.4348723], [-76.5475911, 3.4341713], [-76.5476273, 3.434099], [-76.5476159, 3.4340396], [-76.5473116, 3.4335793], [-76.5475826, 3.4333402], [-76.5476072, 3.4332616], [-76.5475924, 3.4331718], [-76.5471822, 3.4327344], [-76.5471447, 3.4326474], [-76.5471205, 3.4325872], [-76.5471125, 3.4324988], [-76.5471272, 3.4323931], [-76.547331, 3.4319011], [-76.547422, 3.4316787], [-76.5475182, 3.4314307], [-76.547646, 3.4312327], [-76.5476628, 3.4311603], [-76.5476632, 3.4310911], [-76.5476506, 3.4310288], [-76.5476255, 3.4309691], [-76.5476034, 3.4309341], [-76.5475694, 3.4308942], [-76.5474886, 3.4308342], [-76.5473952, 3.4308043], [-76.5472532, 3.4307677], [-76.5470093, 3.4306995], [-76.5468617, 3.4306565], [-76.5467592, 3.4306241], [-76.5467127, 3.4306025], [-76.5466833, 3.4305792], [-76.5466665, 3.4305601], [-76.5466488, 3.4305391], [-76.5466848, 3.4304017], [-76.5468135, 3.4298379], [-76.5469022, 3.4294592], [-76.5469101, 3.4294279], [-76.5469246, 3.4293496], [-76.5469248, 3.4293218], [-76.5469191, 3.4292892], [-76.5469124, 3.4292685], [-76.5468664, 3.4292351], [-76.5468268, 3.4292143], [-76.5467738, 3.4292043], [-76.5467323, 3.4292089], [-76.5466655, 3.4292217], [-76.5463503, 3.4292839], [-76.5462187, 3.4292947], [-76.5461133, 3.4293028], [-76.5460207, 3.4292814], [-76.5459703, 3.4292565], [-76.5459259, 3.4292244], [-76.5458522, 3.4291487], [-76.5458158, 3.4291079], [-76.5457673, 3.4290477], [-76.5456685, 3.4289105], [-76.545592, 3.4287998], [-76.545529, 3.4286844], [-76.5454586, 3.4285031], [-76.5454336, 3.4284071], [-76.5454004, 3.4283475], [-76.5453433, 3.428298], [-76.5453122, 3.4282846], [-76.5452653, 3.4282759], [-76.5452359, 3.4282768], [-76.5452137, 3.4282808], [-76.5451539, 3.4283075], [-76.5451103, 3.4283131], [-76.5450741, 3.428313], [-76.5447061, 3.4290366], [-76.543951, 3.4304896], [-76.5436035, 3.4310952], [-76.5435375, 3.4311736], [-76.5427099, 3.4326259], [-76.5426578, 3.4326952], [-76.5426356, 3.4327259], [-76.5426134, 3.4327565], [-76.5421904, 3.4333134], [-76.5416321, 3.4340435], [-76.5415312, 3.4341679], [-76.5407279, 3.4352438], [-76.5405927, 3.4354368], [-76.5401057, 3.4359404], [-76.5401277, 3.4359667], [-76.5401724, 3.4360204], [-76.5401981, 3.43605], [-76.5407274, 3.436675], [-76.5412559, 3.4373733], [-76.5417018, 3.4379503], [-76.541856, 3.4381233], [-76.5420257, 3.4381986], [-76.542129, 3.4382292], [-76.542228, 3.4382196], [-76.5423943, 3.4381949], [-76.5425257, 3.4381606], [-76.5426612, 3.4381323], [-76.5427532, 3.4381233], [-76.5428343, 3.4381574], [-76.54286, 3.4381758], [-76.5428976, 3.4382028], [-76.5429648, 3.4382729], [-76.5430374, 3.4383771], [-76.5430745, 3.4384925], [-76.5430796, 3.4386285], [-76.5430595, 3.4387556], [-76.5430301, 3.438863], [-76.5429273, 3.4391322], [-76.5428883, 3.4392736], [-76.5428759, 3.4395363], [-76.5428907, 3.4397238], [-76.5428974, 3.4398215], [-76.5429309, 3.4399286], [-76.5431362, 3.4401808], [-76.5435559, 3.4406394], [-76.5436348, 3.4407636], [-76.5437342, 3.4408034], [-76.5437913, 3.4408299], [-76.5439801, 3.4409601], [-76.5442582, 3.4410971], [-76.5445583, 3.4412196], [-76.5453701, 3.4414534], [-76.5454415, 3.4414801], [-76.5454783, 3.4415143], [-76.5455484, 3.4416497], [-76.5455541, 3.4415325], [-76.5456021, 3.4414341], [-76.5456952, 3.4413645], [-76.5458003, 3.4413342], [-76.5458968, 3.4413258], [-76.5464124, 3.4414185], [-76.5468897, 3.4414938], [-76.5470687, 3.4415095], [-76.547229, 3.4414788], [-76.547488, 3.4413771], [-76.5478116, 3.4412139], [-76.5479084, 3.4411685], [-76.5478218, 3.4409464], [-76.5478005, 3.4408918], [-76.5476623, 3.4406878], [-76.5471205, 3.4400798], [-76.5465638, 3.4395013], [-76.546334, 3.4393124], [-76.5460904, 3.4391204], [-76.5460429, 3.439066], [-76.546004, 3.4390038], [-76.5459725, 3.4389326], [-76.5459572, 3.4388597], [-76.5457976, 3.4380633], [-76.5457693, 3.4379534], [-76.5457217, 3.437867], [-76.5456746, 3.4377869], [-76.5456869, 3.4377465], [-76.5457109, 3.4376315], [-76.5457796, 3.4373753], [-76.5458655, 3.4371825], [-76.5459625, 3.4369553], [-76.5460768, 3.4367839], [-76.5462522, 3.4366144], [-76.5465273, 3.4363646], [-76.546674, 3.4362746], [-76.5468222, 3.4361605], [-76.5469004, 3.4360073], [-76.5469454, 3.4358098], [-76.5469669, 3.4357496]]]}}, {"type": "Feature", "properties": {"name": "Altos de Santa Isabel", "comuna": ""}, "geometry": {"type": "Polygon", "coordinates": [[[-76.5561839, 3.4285993], [-76.5549257, 3.4285644], [-76.5548597, 3.4271335], [-76.554798, 3.4271358], [-76.5544192, 3.4271109], [-76.5541846, 3.4270817], [-76.5538774, 3.4277901], [-76.5542646, 3.4281829], [-76.5541157, 3.4288227], [-76.5536145, 3.4287163], [-76.553582, 3.4287077], [-76.5534264, 3.4284633], [-76.5532098, 3.4287578], [-76.5530918, 3.4287404], [-76.5530832, 3.4287332], [-76.5529452, 3.4286171], [-76.552911, 3.4285958], [-76.5528135, 3.4285523], [-76.5526298, 3.4289499], [-76.5525788, 3.4290865], [-76.5524796, 3.4292096], [-76.5524125, 3.4292685], [-76.5523508, 3.4293489], [-76.5522543, 3.4293167], [-76.5519097, 3.4291958], [-76.5518726, 3.4293067], [-76.5515472, 3.4302664], [-76.5515207, 3.4303301], [-76.551438, 3.430574], [-76.5513276, 3.4310864], [-76.5512296, 3.4317092], [-76.5511349, 3.4320669], [-76.5510816, 3.4322326], [-76.5510586, 3.4323078], [-76.5508536, 3.4328573], [-76.5508164, 3.4329814], [-76.5507662, 3.4331152], [-76.5507207, 3.433201], [-76.5506648, 3.4332859], [-76.5505782, 3.4333947], [-76.5504344, 3.4335075], [-76.550278, 3.4336144], [-76.5499136, 3.4338121], [-76.5497873, 3.4339125], [-76.5497277, 3.4339814], [-76.5496866, 3.4340426], [-76.5497161, 3.4340625], [-76.5498805, 3.4341829], [-76.5500441, 3.4343328], [-76.5500656, 3.4344747], [-76.5501916, 3.4347237], [-76.550394, 3.4349542], [-76.550563, 3.4350452], [-76.5508112, 3.4351802], [-76.5508515, 3.4351883], [-76.5512592, 3.4352391], [-76.55164, 3.4352606], [-76.552273, 3.4353489], [-76.5529168, 3.4353677], [-76.5533808, 3.4353623], [-76.5539172, 3.4356033], [-76.5545368, 3.4356327], [-76.5551001, 3.435523], [-76.5555453, 3.4354962], [-76.5560415, 3.4354614], [-76.5562776, 3.4354828], [-76.5566102, 3.4356836], [-76.5568435, 3.4357773], [-76.5570849, 3.4357746], [-76.5571547, 3.4357398], [-76.5572646, 3.435713], [-76.5575783, 3.4358226], [-76.5575975, 3.435756], [-76.5576029, 3.4357373], [-76.5575806, 3.4356127], [-76.5573922, 3.4353928], [-76.5573177, 3.4352439], [-76.5571304, 3.4347287], [-76.5570348, 3.4343642], [-76.5567496, 3.4338742], [-76.5567489, 3.4338107], [-76.5567744, 3.4337558], [-76.5569132, 3.4335941], [-76.5562776, 3.4286019], [-76.5561839, 3.4285993]]]}}, {"type": "Feature", "properties": {"name": "Santa Isabel", "comuna": ""}, "geometry": {"type": "Polygon", "coordinates": [[[-76.5450741, 3.428313], [-76.5451103, 3.4283131], [-76.5451539, 3.4283075], [-76.5452137, 3.4282808], [-76.5452359, 3.4282768], [-76.5452653, 3.4282759], [-76.5453122, 3.4282846], [-76.5453433, 3.428298], [-76.5454004, 3.4283475], [-76.5454336, 3.4284071], [-76.5454586, 3.4285031], [-76.545529, 3.4286844], [-76.545592, 3.4287998], [-76.5456685, 3.4289105], [-76.5457673, 3.4290477], [-76.5458158, 3.4291079], [-76.5458522, 3.4291487], [-76.5459259, 3.4292244], [-76.5459703, 3.4292565], [-76.5460207, 3.4292814], [-76.5461133, 3.4293028], [-76.5462187, 3.4292947], [-76.5463503, 3.4292839], [-76.5466655, 3.4292217], [-76.5467323, 3.4292089], [-76.5467738, 3.4292043], [-76.5468268, 3.4292143], [-76.5468664, 3.4292351], [-76.5469124, 3.4292685], [-76.5469191, 3.4292892], [-76.5469248, 3.4293218], [-76.5469246, 3.4293496], [-76.5469101, 3.4294279], [-76.5469022, 3.4294592], [-76.5468135, 3.4298379], [-76.5466848, 3.4304017], [-76.5466488, 3.4305391], [-76.5466665, 3.4305601], [-76.5466833, 3.4305792], [-76.5467127, 3.4306025], [-76.5467592, 3.4306241], [-76.5468617, 3.4306565], [-76.5470093, 3.4306995], [-76.5472532, 3.4307677], [-76.5473952, 3.4308043], [-76.5474886, 3.4308342], [-76.5475694, 3.4308942], [-76.5476034, 3.4309341], [-76.5476255, 3.4309691], [-76.5476506, 3.4310288], [-76.5476632, 3.4310911], [-76.5476628, 3.4311603], [-76.547646, 3.4312327], [-76.5475182, 3.4314307], [-76.547422, 3.4316787], [-76.547331, 3.4319011], [-76.5471272, 3.4323931], [-76.5471125, 3.4324988], [-76.5471205, 3.4325872], [-76.5471447, 3.4326474], [-76.5471822, 3.4327344], [-76.5475924, 3.4331718], [-76.5476072, 3.4332616], [-76.5475826, 3.4333402], [-76.5473116, 3.4335793], [-76.5476159, 3.4340396], [-76.5476273, 3.434099], [-76.5477307, 3.4340972], [-76.5479413, 3.4342847], [-76.5481749, 3.4343597], [-76.5486118, 3.4345119], [-76.5491597, 3.4346987], [-76.5492965, 3.4343774], [-76.549403, 3.4341305], [-76.5496866, 3.4340426], [-76.5497277, 3.4339814], [-76.5497873, 3.4339125], [-76.5499136, 3.4338121], [-76.550278, 3.4336144], [-76.5504344, 3.4335075], [-76.5505782, 3.4333947], [-76.5506648, 3.4332859], [-76.5507207, 3.433201], [-76.5507662, 3.4331152], [-76.5508164, 3.4329814], [-76.5508536, 3.4328573], [-76.5510586, 3.4323078], [-76.5510816, 3.4322326], [-76.5511349, 3.4320669], [-76.5512296, 3.4317092], [-76.5513276, 3.4310864], [-76.551438, 3.430574], [-76.5515207, 3.4303301], [-76.5515472, 3.4302664], [-76.5518726, 3.4293067], [-76.5519097, 3.4291958], [-76.551117, 3.4289178], [-76.5511644, 3.4287077], [-76.5511399, 3.4286568], [-76.5511379, 3.4283806], [-76.5511472, 3.4283428], [-76.5511639, 3.4283127], [-76.5511988, 3.4282618], [-76.5512062, 3.4282384], [-76.5512087, 3.4282115], [-76.5511981, 3.4281688], [-76.5511827, 3.4281279], [-76.5511425, 3.428069], [-76.5510859, 3.428014], [-76.5504605, 3.4279279], [-76.5502882, 3.4270851], [-76.5502817, 3.4270443], [-76.5506602, 3.4270383], [-76.5506926, 3.4270371], [-76.5507327, 3.4270322], [-76.5507717, 3.4270233], [-76.5508009, 3.427014], [-76.5508292, 3.4270026], [-76.5508643, 3.4269849], [-76.5509142, 3.4269515], [-76.5509869, 3.4268782], [-76.5510397, 3.4268293], [-76.5513442, 3.4265368], [-76.551546, 3.4263392], [-76.5516092, 3.4262504], [-76.5516669, 3.4261882], [-76.5519507, 3.4259175], [-76.552009, 3.4258705], [-76.5520651, 3.4258031], [-76.5521014, 3.4257243], [-76.5521759, 3.4254406], [-76.5521876, 3.425397], [-76.5521504, 3.4253904], [-76.5515052, 3.4252723], [-76.5509979, 3.4251849], [-76.5505526, 3.4251059], [-76.549915, 3.4249924], [-76.5492491, 3.4248738], [-76.5486748, 3.4247716], [-76.5480922, 3.4246678], [-76.5480036, 3.424652], [-76.5475229, 3.4245664], [-76.5471706, 3.4245037], [-76.5470719, 3.4244843], [-76.5468648, 3.4244477], [-76.5467718, 3.4244308], [-76.5466265, 3.4244065], [-76.5465579, 3.4245702], [-76.5464459, 3.4249378], [-76.5464131, 3.4250689], [-76.5460301, 3.4261721], [-76.5460052, 3.4262481], [-76.5459796, 3.4263194], [-76.5458513, 3.4266538], [-76.5454689, 3.4275303], [-76.5450741, 3.428313]]]}}, {"type": "Feature", "properties": {"name": "Urbanizaci\u00f3n Nueva Granada", "comuna": ""}, "geometry": {"type": "Polygon", "coordinates": [[[-76.5526016, 3.4243591], [-76.5526512, 3.4242196], [-76.5527855, 3.4238986], [-76.5527318, 3.4238816], [-76.5521774, 3.4237076], [-76.5518606, 3.4236104], [-76.5514777, 3.423492], [-76.5513729, 3.4234581], [-76.5508196, 3.4232899], [-76.5505501, 3.4232086], [-76.5502932, 3.4231266], [-76.5500589, 3.4230482], [-76.5498557, 3.4229826], [-76.5496472, 3.4229174], [-76.5494222, 3.4228481], [-76.5491446, 3.4227651], [-76.5489501, 3.4227005], [-76.5487114, 3.4226178], [-76.5484807, 3.4225415], [-76.5482216, 3.4224565], [-76.5479272, 3.4223645], [-76.5476234, 3.4222788], [-76.5474424, 3.4222089], [-76.5474056, 3.4223202], [-76.5470133, 3.4234739], [-76.5468134, 3.4240436], [-76.5466937, 3.4242547], [-76.5466265, 3.4244065], [-76.5467718, 3.4244308], [-76.5468648, 3.4244477], [-76.5470719, 3.4244843], [-76.5471706, 3.4245037], [-76.5475229, 3.4245664], [-76.5480036, 3.424652], [-76.5480922, 3.4246678], [-76.5486748, 3.4247716], [-76.5492491, 3.4248738], [-76.549915, 3.4249924], [-76.5505526, 3.4251059], [-76.5509979, 3.4251849], [-76.5515052, 3.4252723], [-76.5521504, 3.4253904], [-76.5521876, 3.425397], [-76.5522288, 3.4254033], [-76.5523228, 3.4250462], [-76.5523803, 3.4248581], [-76.5524434, 3.4246852], [-76.5525499, 3.424467], [-76.5526016, 3.4243591]]]}}, {"type": "Feature", "properties": {"name": "El Lido", "comuna": ""}, "geometry": {"type": "Polygon", "coordinates": [[[-76.5474424, 3.4222089], [-76.5476234, 3.4222788], [-76.5479272, 3.4223645], [-76.5482216, 3.4224565], [-76.5484807, 3.4225415], [-76.5487114, 3.4226178], [-76.5489501, 3.4227005], [-76.5491446, 3.4227651], [-76.5494222, 3.4228481], [-76.5496472, 3.4229174], [-76.5498557, 3.4229826], [-76.5500589, 3.4230482], [-76.5502932, 3.4231266], [-76.5505501, 3.4232086], [-76.5508196, 3.4232899], [-76.5513729, 3.4234581], [-76.5514777, 3.423492], [-76.5518606, 3.4236104], [-76.5521774, 3.4237076], [-76.5527318, 3.4238816], [-76.5527855, 3.4238986], [-76.5528283, 3.4237645], [-76.5530938, 3.4216353], [-76.5531139, 3.4214023], [-76.553198, 3.4207016], [-76.5532512, 3.42036], [-76.5533509, 3.4199439], [-76.5535704, 3.4194416], [-76.5541506, 3.4181238], [-76.5542254, 3.4179568], [-76.5543598, 3.417694], [-76.5544547, 3.4174634], [-76.5544944, 3.4172506], [-76.5545972, 3.4168293], [-76.5546531, 3.4165035], [-76.5546914, 3.4163303], [-76.5547405, 3.4160855], [-76.5542684, 3.4159221], [-76.5533024, 3.4156089], [-76.5527314, 3.4154276], [-76.5516752, 3.4150687], [-76.5497571, 3.4144507], [-76.5485293, 3.4140458], [-76.5484733, 3.4140241], [-76.5483315, 3.4139691], [-76.5482924, 3.4139737], [-76.5483001, 3.4140027], [-76.5483302, 3.4142134], [-76.5483249, 3.4155952], [-76.548294, 3.4161974], [-76.5483007, 3.4171851], [-76.5483317, 3.4183939], [-76.5483188, 3.4186191], [-76.5482822, 3.4198846], [-76.5478561, 3.4210691], [-76.5474835, 3.4220867], [-76.5474424, 3.4222089]]]}}, {"type": "Feature", "properties": {"name": "Unidad Residencial Santiago de Cali", "comuna": ""}, "geometry": {"type": "Polygon", "coordinates": [[[-76.5477856, 3.4116706], [-76.5477537, 3.4117111], [-76.5476888, 3.4117856], [-76.5471881, 3.4124159], [-76.546174, 3.4137289], [-76.5456566, 3.4143892], [-76.5456027, 3.4144544], [-76.5454569, 3.414642], [-76.5454161, 3.4146942], [-76.5449442, 3.4152981], [-76.5444183, 3.4160686], [-76.5441052, 3.416729], [-76.5446126, 3.4169865], [-76.5446545, 3.417004], [-76.5464559, 3.417911], [-76.5476832, 3.4185225], [-76.5477524, 3.4183709], [-76.5481892, 3.4185896], [-76.5483188, 3.4186191], [-76.5483317, 3.4183939], [-76.5483007, 3.4171851], [-76.548294, 3.4161974], [-76.5483249, 3.4155952], [-76.5483302, 3.4142134], [-76.5483001, 3.4140027], [-76.5482924, 3.4139737], [-76.5480647, 3.4132977], [-76.5480116, 3.4130062], [-76.547907, 3.4123854], [-76.5478021, 3.4117493], [-76.5477856, 3.4116706]]]}}, {"type": "Feature", "properties": {"name": "Tequendama", "comuna": ""}, "geometry": {"type": "Polygon", "coordinates": [[[-76.5441052, 3.416729], [-76.5436639, 3.4177019], [-76.5436393, 3.4177575], [-76.5436145, 3.4178131], [-76.5426114, 3.4201822], [-76.5424019, 3.420655], [-76.5420841, 3.4213862], [-76.5417963, 3.4220606], [-76.5418602, 3.4220857], [-76.5425267, 3.4224193], [-76.5436807, 3.4229973], [-76.5447729, 3.4235342], [-76.5465289, 3.4243926], [-76.5466265, 3.4244065], [-76.5466937, 3.4242547], [-76.5468134, 3.4240436], [-76.5470133, 3.4234739], [-76.5474056, 3.4223202], [-76.5474424, 3.4222089], [-76.5474835, 3.4220867], [-76.5478561, 3.4210691], [-76.5482822, 3.4198846], [-76.5483188, 3.4186191], [-76.5481892, 3.4185896], [-76.5477524, 3.4183709], [-76.5476832, 3.4185225], [-76.5464559, 3.417911], [-76.5446545, 3.417004], [-76.5446126, 3.4169865], [-76.5441052, 3.416729]]]}}, {"type": "Feature", "properties": {"name": "Nuevo San Fernando", "comuna": ""}, "geometry": {"type": "Polygon", "coordinates": [[[-76.5436491, 3.4230567], [-76.5436312, 3.4230983], [-76.5435397, 3.4233153], [-76.5435354, 3.4233458], [-76.5437248, 3.4237759], [-76.5437561, 3.4238407], [-76.5438046, 3.4239519], [-76.5438448, 3.4240477], [-76.5437282, 3.4241322], [-76.5436724, 3.4241726], [-76.5432161, 3.4245054], [-76.5427333, 3.4248531], [-76.542611, 3.4249417], [-76.5425053, 3.425022], [-76.5423978, 3.4250962], [-76.5419666, 3.4254087], [-76.5417957, 3.4255325], [-76.5413274, 3.4258719], [-76.5410357, 3.4260833], [-76.5407778, 3.4262701], [-76.5402369, 3.4266621], [-76.5399322, 3.4268564], [-76.5398403, 3.4269229], [-76.539767, 3.4269422], [-76.5397049, 3.4268567], [-76.5395354, 3.4273073], [-76.5390508, 3.4283319], [-76.5391523, 3.4284391], [-76.5392949, 3.4286088], [-76.5396871, 3.4292421], [-76.5402533, 3.4300017], [-76.5408446, 3.4307956], [-76.5413992, 3.4315401], [-76.5414603, 3.4316222], [-76.5415428, 3.4317273], [-76.5416197, 3.4318134], [-76.5419348, 3.4322456], [-76.5420265, 3.4323353], [-76.5426356, 3.4327259], [-76.5426578, 3.4326952], [-76.5427099, 3.4326259], [-76.5435375, 3.4311736], [-76.5436035, 3.4310952], [-76.543951, 3.4304896], [-76.5447061, 3.4290366], [-76.5450741, 3.428313], [-76.5454689, 3.4275303], [-76.5458513, 3.4266538], [-76.5459796, 3.4263194], [-76.5460052, 3.4262481], [-76.5460301, 3.4261721], [-76.5464131, 3.4250689], [-76.5464459, 3.4249378], [-76.5465579, 3.4245702], [-76.5466265, 3.4244065], [-76.5465289, 3.4243926], [-76.5447729, 3.4235342], [-76.5436807, 3.4229973], [-76.5436491, 3.4230567]]]}}, {"type": "Feature", "properties": {"name": "3 de Julio", "comuna": ""}, "geometry": {"type": "Polygon", "coordinates": [[[-76.5392949, 3.4286088], [-76.5391523, 3.4284391], [-76.5390508, 3.4283319], [-76.5390459, 3.4284588], [-76.5390356, 3.428726], [-76.539026, 3.428973], [-76.539024, 3.4293343], [-76.5389926, 3.4300283], [-76.5389821, 3.4303802], [-76.5389059, 3.4317712], [-76.5389034, 3.4318184], [-76.5389, 3.4318832], [-76.5388846, 3.4320616], [-76.5388707, 3.4323893], [-76.5388641, 3.4325444], [-76.5388492, 3.4332338], [-76.5388479, 3.4332961], [-76.5388445, 3.433373], [-76.5388022, 3.4344086], [-76.5387589, 3.4352262], [-76.5387402, 3.4356123], [-76.538717, 3.4361668], [-76.5387151, 3.4363228], [-76.5387138, 3.4365414], [-76.5387306, 3.436846], [-76.5386716, 3.4370708], [-76.5386262, 3.4374621], [-76.538671, 3.4373831], [-76.5387385, 3.4372969], [-76.5388435, 3.4372092], [-76.5393131, 3.436877], [-76.5394203, 3.4367865], [-76.5395064, 3.4366851], [-76.5401057, 3.4359404], [-76.5405927, 3.4354368], [-76.5407279, 3.4352438], [-76.5415312, 3.4341679], [-76.5416321, 3.4340435], [-76.5421904, 3.4333134], [-76.5426134, 3.4327565], [-76.5426356, 3.4327259], [-76.5420265, 3.4323353], [-76.5419348, 3.4322456], [-76.5416197, 3.4318134], [-76.5415428, 3.4317273], [-76.5414603, 3.4316222], [-76.5413992, 3.4315401], [-76.5408446, 3.4307956], [-76.5402533, 3.4300017], [-76.5396871, 3.4292421], [-76.5392949, 3.4286088]]]}}, {"type": "Feature", "properties": {"name": "El Cedro", "comuna": ""}, "geometry": {"type": "Polygon", "coordinates": [[[-76.537056, 3.4272338], [-76.5368758, 3.4278288], [-76.5368637, 3.4278783], [-76.5368468, 3.427934], [-76.5367042, 3.4284324], [-76.5366092, 3.4287404], [-76.5364986, 3.4291104], [-76.5364473, 3.4292648], [-76.5362322, 3.429917], [-76.5360576, 3.4304924], [-76.5358445, 3.4312031], [-76.5358265, 3.4312597], [-76.5358114, 3.4313104], [-76.5356082, 3.4319958], [-76.5354052, 3.432658], [-76.5353914, 3.4327025], [-76.5353804, 3.4327403], [-76.5351032, 3.4336992], [-76.535084, 3.4337654], [-76.5348973, 3.4343333], [-76.5349369, 3.4343755], [-76.5354465, 3.434846], [-76.5358959, 3.4352435], [-76.5359483, 3.4352899], [-76.5359893, 3.4353303], [-76.5364695, 3.4357876], [-76.5366682, 3.4359775], [-76.5371851, 3.4364412], [-76.5372246, 3.4364742], [-76.5372775, 3.4365232], [-76.5377503, 3.4369604], [-76.5379073, 3.4371052], [-76.5381666, 3.4373452], [-76.5382257, 3.4373996], [-76.5384456, 3.4376033], [-76.5384709, 3.4376267], [-76.5385241, 3.4377151], [-76.5385742, 3.4375798], [-76.5386262, 3.4374621], [-76.5386716, 3.4370708], [-76.5387306, 3.436846], [-76.5387138, 3.4365414], [-76.5387151, 3.4363228], [-76.538717, 3.4361668], [-76.5387402, 3.4356123], [-76.5387589, 3.4352262], [-76.5388022, 3.4344086], [-76.5388445, 3.433373], [-76.5388479, 3.4332961], [-76.5388492, 3.4332338], [-76.5388641, 3.4325444], [-76.5388707, 3.4323893], [-76.5388846, 3.4320616], [-76.5389, 3.4318832], [-76.5389034, 3.4318184], [-76.5389059, 3.4317712], [-76.5389821, 3.4303802], [-76.5389926, 3.4300283], [-76.539024, 3.4293343], [-76.539026, 3.428973], [-76.5390356, 3.428726], [-76.5390459, 3.4284588], [-76.5390508, 3.4283319], [-76.5390519, 3.4282375], [-76.5385313, 3.4275643], [-76.5383591, 3.4273306], [-76.5381678, 3.4270772], [-76.5380083, 3.4268649], [-76.5378388, 3.4266323], [-76.5376108, 3.4263198], [-76.5374927, 3.426158], [-76.5374528, 3.4262302], [-76.5374143, 3.4263062], [-76.5373775, 3.4263849], [-76.5371522, 3.4269097], [-76.5371369, 3.426966], [-76.537056, 3.4272338]]]}}, {"type": "Feature", "properties": {"name": "Eucar\u00edstico", "comuna": ""}, "geometry": {"type": "Polygon", "coordinates": [[[-76.5390508, 3.4283319], [-76.5395354, 3.4273073], [-76.5397049, 3.4268567], [-76.539767, 3.4269422], [-76.5398403, 3.4269229], [-76.5399322, 3.4268564], [-76.5402369, 3.4266621], [-76.5407778, 3.4262701], [-76.5410357, 3.4260833], [-76.5413274, 3.4258719], [-76.5417957, 3.4255325], [-76.5419666, 3.4254087], [-76.5423978, 3.4250962], [-76.5425053, 3.425022], [-76.542611, 3.4249417], [-76.5427333, 3.4248531], [-76.5432161, 3.4245054], [-76.5436724, 3.4241726], [-76.5437282, 3.4241322], [-76.5438448, 3.4240477], [-76.5438046, 3.4239519], [-76.5437561, 3.4238407], [-76.5437248, 3.4237759], [-76.5435354, 3.4233458], [-76.5435397, 3.4233153], [-76.5436312, 3.4230983], [-76.5436491, 3.4230567], [-76.5436807, 3.4229973], [-76.5425267, 3.4224193], [-76.5418602, 3.4220857], [-76.5417963, 3.4220606], [-76.5417324, 3.4220355], [-76.5407182, 3.4218191], [-76.5405456, 3.4217779], [-76.540354, 3.4217439], [-76.5387098, 3.4214471], [-76.538543, 3.4214134], [-76.5383733, 3.4219942], [-76.5382748, 3.4223147], [-76.5382009, 3.4225856], [-76.5381858, 3.4226653], [-76.5381754, 3.4230703], [-76.5381767, 3.4236283], [-76.5381661, 3.4240071], [-76.5381566, 3.4241078], [-76.5381409, 3.4242374], [-76.5381037, 3.4244235], [-76.5379337, 3.4249806], [-76.5378109, 3.4253878], [-76.5377773, 3.4255337], [-76.5377517, 3.4256086], [-76.5375896, 3.4259865], [-76.5375387, 3.4260749], [-76.5374927, 3.426158], [-76.5376108, 3.4263198], [-76.5378388, 3.4266323], [-76.5380083, 3.4268649], [-76.5381678, 3.4270772], [-76.5383591, 3.4273306], [-76.5385313, 3.4275643], [-76.5390519, 3.4282375], [-76.5390508, 3.4283319]]]}}, {"type": "Feature", "properties": {"name": "La Sultana", "comuna": ""}, "geometry": {"type": "Polygon", "coordinates": [[[-76.5640675, 3.4193642], [-76.5639979, 3.4194474], [-76.5639428, 3.419514], [-76.5639006, 3.4195608], [-76.5638812, 3.4196018], [-76.5638435, 3.4196383], [-76.5638001, 3.4197055], [-76.5637581, 3.4198116], [-76.5637807, 3.4199004], [-76.5638195, 3.4199563], [-76.5638652, 3.4200098], [-76.5638926, 3.4200759], [-76.56388, 3.4201386], [-76.5638515, 3.4202549], [-76.5638366, 3.4203016], [-76.5637887, 3.4203369], [-76.5637122, 3.4204247], [-76.5636448, 3.4204691], [-76.5636083, 3.4205364], [-76.563582, 3.4205854], [-76.5635284, 3.4207028], [-76.563493, 3.4207746], [-76.5634599, 3.4208555], [-76.5634268, 3.4209296], [-76.5634222, 3.4210572], [-76.5634542, 3.4211119], [-76.5634838, 3.4211735], [-76.5635192, 3.4212293], [-76.5635546, 3.421308], [-76.5635489, 3.4213433], [-76.5635272, 3.4214083], [-76.5635033, 3.4214721], [-76.5634873, 3.4215359], [-76.5634644, 3.4216168], [-76.563433, 3.4217564], [-76.5634233, 3.4217821], [-76.5633925, 3.42183], [-76.5633623, 3.4218961], [-76.5633383, 3.421928], [-76.5633337, 3.4219793], [-76.5633269, 3.4220157], [-76.5633069, 3.4220499], [-76.5632852, 3.4220938], [-76.5632572, 3.4221588], [-76.5632464, 3.4221884], [-76.5632344, 3.4222192], [-76.5632235, 3.422263], [-76.5632013, 3.4223206], [-76.5631916, 3.4223662], [-76.563187, 3.4223998], [-76.5631916, 3.4224334], [-76.563199, 3.4224568], [-76.5632172, 3.4224881], [-76.5632344, 3.4225611], [-76.5632321, 3.4225884], [-76.5632372, 3.4226232], [-76.5632641, 3.4226665], [-76.5632956, 3.4226706], [-76.5633367, 3.4227047], [-76.5633778, 3.4228028], [-76.5634509, 3.4229692], [-76.5635194, 3.4230786], [-76.5635392, 3.4231501], [-76.5635489, 3.4231968], [-76.563554, 3.4232794], [-76.5635649, 3.4233102], [-76.5635848, 3.423349], [-76.5635917, 3.4233872], [-76.5635934, 3.4234151], [-76.5635757, 3.4235318], [-76.5635643, 3.4236264], [-76.5635369, 3.4237404], [-76.5635187, 3.4238677], [-76.5635154, 3.4239233], [-76.5635203, 3.4239918], [-76.5635413, 3.4241127], [-76.5635639, 3.4241691], [-76.5636131, 3.4242416], [-76.5636519, 3.424315], [-76.5636793, 3.4243899], [-76.563689, 3.4244455], [-76.5637068, 3.4245986], [-76.5637488, 3.4247244], [-76.5637601, 3.4248404], [-76.5637698, 3.4249548], [-76.5637633, 3.4249839], [-76.5637439, 3.4250693], [-76.5637181, 3.4251692], [-76.5636729, 3.425253], [-76.5636745, 3.4253659], [-76.5636664, 3.4255109], [-76.5636648, 3.4255818], [-76.5636212, 3.425664], [-76.5635719, 3.4257465], [-76.5642089, 3.4260717], [-76.5648687, 3.424069], [-76.5681946, 3.4194692], [-76.5682652, 3.4183993], [-76.5682538, 3.4184147], [-76.5682398, 3.4184859], [-76.5682119, 3.4185928], [-76.5681917, 3.4186718], [-76.5681405, 3.4187647], [-76.5680583, 3.4188948], [-76.5679956, 3.4189992], [-76.5679429, 3.4190605], [-76.5679122, 3.4190835], [-76.5678343, 3.4191525], [-76.5677366, 3.4191843], [-76.5676401, 3.4191788], [-76.5675764, 3.4191766], [-76.5675095, 3.4191613], [-76.5673844, 3.4191558], [-76.5672745, 3.4191326], [-76.5670748, 3.4191238], [-76.5665706, 3.4189821], [-76.5663492, 3.418896], [-76.566249, 3.4189483], [-76.566162, 3.4190237], [-76.5661363, 3.4190568], [-76.5661188, 3.4190912], [-76.5661041, 3.4191272], [-76.5660858, 3.4192331], [-76.5660943, 3.4193381], [-76.5661338, 3.4194386], [-76.5661893, 3.419595], [-76.5662374, 3.4196876], [-76.5661478, 3.419726], [-76.5659703, 3.4198126], [-76.5658814, 3.4198684], [-76.5657474, 3.4200052], [-76.5656427, 3.4201041], [-76.5655729, 3.4201722], [-76.565516, 3.4202014], [-76.5654776, 3.4202119], [-76.5654389, 3.4202224], [-76.5653894, 3.4202192], [-76.565326, 3.4201981], [-76.565283, 3.4201835], [-76.5651856, 3.4201673], [-76.565106, 3.4201746], [-76.5649964, 3.4202125], [-76.5649235, 3.4202354], [-76.5648409, 3.4202545], [-76.5647149, 3.4202749], [-76.5646653, 3.4202857], [-76.564651, 3.4202918], [-76.5645956, 3.4203328], [-76.5645572, 3.4203684], [-76.5645314, 3.4204095], [-76.5645133, 3.4204572], [-76.5645106, 3.4204856], [-76.5645095, 3.4205147], [-76.5644677, 3.4205669], [-76.5644618, 3.4205746], [-76.5644514, 3.4205661], [-76.5643932, 3.4205282], [-76.5643359, 3.4204968], [-76.5642794, 3.420467], [-76.5642213, 3.4204436], [-76.5641914, 3.4204242], [-76.5641753, 3.4204089], [-76.5641728, 3.4203759], [-76.5641801, 3.4203557], [-76.5642116, 3.4203251], [-76.5642342, 3.4202768], [-76.5642665, 3.4202341], [-76.5643327, 3.4201309], [-76.5643771, 3.420039], [-76.5643916, 3.4199899], [-76.5643642, 3.4199496], [-76.5643044, 3.4199189], [-76.5642802, 3.419894], [-76.5642721, 3.419819], [-76.5642471, 3.4197602], [-76.5642148, 3.4197118], [-76.5641882, 3.4196546], [-76.5641526, 3.4195265], [-76.5641244, 3.4194604], [-76.5641034, 3.4194257], [-76.5640675, 3.4193642]]]}}, {"type": "Feature", "properties": {"name": "Pueblo Joven", "comuna": ""}, "geometry": {"type": "Polygon", "coordinates": [[[-76.5625811, 3.4150654], [-76.5626053, 3.4151282], [-76.5625596, 3.4151876], [-76.5625472, 3.4152094], [-76.5624712, 3.4154071], [-76.5627345, 3.415545], [-76.5629408, 3.4156491], [-76.5630702, 3.4157148], [-76.5631394, 3.4157104], [-76.563259, 3.4157323], [-76.5633226, 3.4157443], [-76.5633851, 3.4157739], [-76.5634444, 3.4158068], [-76.563496, 3.415855], [-76.5636057, 3.4159251], [-76.5637472, 3.4160138], [-76.5639063, 3.4161157], [-76.564105, 3.4162471], [-76.564115, 3.4162615], [-76.5641663, 3.4163349], [-76.5641716, 3.4163595], [-76.5642082, 3.4165301], [-76.5642156, 3.4165932], [-76.5643231, 3.4166796], [-76.5643602, 3.41672], [-76.5644175, 3.416745], [-76.5644904, 3.4167847], [-76.5645897, 3.4168351], [-76.5646983, 3.4168544], [-76.564855, 3.4168382], [-76.5649986, 3.4168219], [-76.5651289, 3.4168335], [-76.5651949, 3.4168273], [-76.5652313, 3.4168188], [-76.5652678, 3.4168049], [-76.5653415, 3.4168087], [-76.5654703, 3.4168149], [-76.5656263, 3.4168273], [-76.5656922, 3.4168312], [-76.5657791, 3.4168521], [-76.5658823, 3.4168978], [-76.565895, 3.4169055], [-76.56597, 3.4169505], [-76.5661438, 3.4170767], [-76.5661942, 3.4171201], [-76.5662594, 3.4171968], [-76.5663897, 3.4173826], [-76.5664774, 3.4174973], [-76.5665077, 3.4175399], [-76.5665599, 3.4175848], [-76.5668045, 3.417876], [-76.5669969, 3.4181091], [-76.5671001, 3.418258], [-76.5671285, 3.4181964], [-76.5671324, 3.4181117], [-76.5671342, 3.4180737], [-76.5671239, 3.4179981], [-76.5670948, 3.4179241], [-76.567086, 3.4179018], [-76.5670416, 3.4177341], [-76.567005, 3.417642], [-76.566989, 3.4175695], [-76.5669858, 3.4175099], [-76.5671365, 3.4172918], [-76.5671683, 3.4172134], [-76.5669479, 3.4168196], [-76.5667643, 3.4163423], [-76.5665885, 3.4160947], [-76.5664399, 3.4159788], [-76.5663169, 3.4158684], [-76.566166, 3.4157473], [-76.5660195, 3.4156232], [-76.5659129, 3.4155569], [-76.5657424, 3.4154395], [-76.565478, 3.4153409], [-76.5653555, 3.4153218], [-76.5649906, 3.4153172], [-76.564717, 3.415302], [-76.5645796, 3.415262], [-76.5644404, 3.4152149], [-76.5642523, 3.4151712], [-76.5639496, 3.4151201], [-76.563925, 3.415116], [-76.5636802, 3.4150686], [-76.5634971, 3.4150224], [-76.5634141, 3.4150091], [-76.5631668, 3.4149315], [-76.5628995, 3.4149199], [-76.5627938, 3.414981], [-76.5625811, 3.4150654]]]}}, {"type": "Feature", "properties": {"name": "Brisas de Mayo", "comuna": ""}, "geometry": {"type": "Polygon", "coordinates": [[[-76.5609464, 3.4148224], [-76.5608548, 3.4148412], [-76.5607122, 3.4148661], [-76.5602848, 3.4149557], [-76.5600272, 3.4150589], [-76.5597513, 3.4152016], [-76.5596115, 3.4152795], [-76.5595938, 3.4152894], [-76.559545, 3.4153207], [-76.5595783, 3.4153607], [-76.5596202, 3.4153785], [-76.5596864, 3.4154446], [-76.5597308, 3.4155187], [-76.5597712, 3.4155687], [-76.559814, 3.415638], [-76.5598423, 3.4156831], [-76.5598503, 3.4157323], [-76.5598697, 3.4157927], [-76.5599222, 3.4158572], [-76.5599456, 3.4158935], [-76.5599835, 3.4159362], [-76.5600296, 3.4159708], [-76.5600861, 3.4159902], [-76.5602112, 3.415995], [-76.5602734, 3.4160216], [-76.5602992, 3.4160635], [-76.5603202, 3.4161054], [-76.5603775, 3.4161924], [-76.5604268, 3.4162916], [-76.5604688, 3.4163504], [-76.5605083, 3.4164116], [-76.5605325, 3.4164729], [-76.5605382, 3.4165269], [-76.5605342, 3.4165793], [-76.5605317, 3.4166454], [-76.5605342, 3.4166897], [-76.5605422, 3.4167042], [-76.5605689, 3.4167413], [-76.5606084, 3.4167936], [-76.5606674, 3.4168613], [-76.5607231, 3.4169218], [-76.5607764, 3.4169669], [-76.5608426, 3.4170088], [-76.5608685, 3.4170198], [-76.5609064, 3.4170331], [-76.5610005, 3.4170484], [-76.5611324, 3.4170335], [-76.5612051, 3.4170394], [-76.5612608, 3.4170741], [-76.5613044, 3.4171104], [-76.5613657, 3.4171603], [-76.5613972, 3.4171765], [-76.5614634, 3.4172208], [-76.561503, 3.4172691], [-76.5615474, 3.4173207], [-76.5616087, 3.4174069], [-76.5616572, 3.4174529], [-76.561704, 3.4174883], [-76.5617936, 3.4175407], [-76.5619107, 3.4176149], [-76.5619704, 3.4176479], [-76.562039, 3.4176777], [-76.5621222, 3.4176818], [-76.5621731, 3.4176656], [-76.5621948, 3.417639], [-76.5622441, 3.4175923], [-76.5622675, 3.4175472], [-76.5622942, 3.4175109], [-76.5623337, 3.4174787], [-76.5623781, 3.4174754], [-76.5624306, 3.41749], [-76.5625073, 3.4175246], [-76.5625517, 3.4175971], [-76.5625703, 3.4176503], [-76.5625969, 3.4177092], [-76.5626534, 3.4177849], [-76.5627196, 3.4178542], [-76.5627818, 3.4179227], [-76.562844, 3.4179969], [-76.5629174, 3.4180702], [-76.5629634, 3.4181234], [-76.5630046, 3.4181548], [-76.563066, 3.4181943], [-76.5631217, 3.4182346], [-76.5631677, 3.4182975], [-76.5631863, 3.4183426], [-76.5632064, 3.4183829], [-76.5632258, 3.4184506], [-76.5632307, 3.4184965], [-76.5632363, 3.4185433], [-76.5632484, 3.418586], [-76.5632702, 3.4186142], [-76.5633179, 3.4186617], [-76.5633736, 3.4187141], [-76.5634051, 3.4187431], [-76.5634632, 3.4187673], [-76.5635423, 3.4187786], [-76.5636416, 3.4187802], [-76.5636691, 3.4187738], [-76.5637562, 3.4187762], [-76.5638087, 3.4187979], [-76.5638346, 3.4188326], [-76.5638596, 3.4189035], [-76.5638773, 3.4189672], [-76.5638975, 3.4189881], [-76.5639484, 3.4190155], [-76.5639799, 3.4190526], [-76.5640057, 3.4191251], [-76.5640315, 3.4191936], [-76.5640453, 3.4192847], [-76.5640517, 3.4193258], [-76.5640675, 3.4193642], [-76.5641034, 3.4194257], [-76.5641244, 3.4194604], [-76.5641526, 3.4195265], [-76.5641882, 3.4196546], [-76.5642148, 3.4197118], [-76.5642471, 3.4197602], [-76.5642721, 3.419819], [-76.5642802, 3.419894], [-76.5643044, 3.4199189], [-76.5643642, 3.4199496], [-76.5643916, 3.4199899], [-76.5643771, 3.420039], [-76.5643327, 3.4201309], [-76.5642665, 3.4202341], [-76.5642342, 3.4202768], [-76.5642116, 3.4203251], [-76.5641801, 3.4203557], [-76.5641728, 3.4203759], [-76.5641753, 3.4204089], [-76.5641914, 3.4204242], [-76.5642213, 3.4204436], [-76.5642794, 3.420467], [-76.5643359, 3.4204968], [-76.5643932, 3.4205282], [-76.5644514, 3.4205661], [-76.5644618, 3.4205746], [-76.5644677, 3.4205669], [-76.5645095, 3.4205147], [-76.5645106, 3.4204856], [-76.5645133, 3.4204572], [-76.5645314, 3.4204095], [-76.5645572, 3.4203684], [-76.5645956, 3.4203328], [-76.564651, 3.4202918], [-76.5646653, 3.4202857], [-76.5647149, 3.4202749], [-76.5648409, 3.4202545], [-76.5649235, 3.4202354], [-76.5649964, 3.4202125], [-76.565106, 3.4201746], [-76.5651856, 3.4201673], [-76.565283, 3.4201835], [-76.565326, 3.4201981], [-76.5653894, 3.4202192], [-76.5654389, 3.4202224], [-76.5654776, 3.4202119], [-76.565516, 3.4202014], [-76.5655729, 3.4201722], [-76.5656427, 3.4201041], [-76.5657474, 3.4200052], [-76.5658814, 3.4198684], [-76.5659703, 3.4198126], [-76.5661478, 3.419726], [-76.5662374, 3.4196876], [-76.5661893, 3.419595], [-76.5661338, 3.4194386], [-76.5660943, 3.4193381], [-76.5660858, 3.4192331], [-76.5661041, 3.4191272], [-76.5661188, 3.4190912], [-76.5661363, 3.4190568], [-76.566162, 3.4190237], [-76.566249, 3.4189483], [-76.5663492, 3.418896], [-76.5664211, 3.4188636], [-76.5665268, 3.4188039], [-76.5666038, 3.418719], [-76.5666689, 3.4186502], [-76.5667524, 3.4185628], [-76.5668265, 3.4185058], [-76.5669149, 3.4184508], [-76.5670286, 3.4183568], [-76.5670626, 3.4183156], [-76.5670872, 3.4182858], [-76.5671001, 3.418258], [-76.5669969, 3.4181091], [-76.5668045, 3.417876], [-76.5665599, 3.4175848], [-76.5665077, 3.4175399], [-76.5664774, 3.4174973], [-76.5663897, 3.4173826], [-76.5662594, 3.4171968], [-76.5661942, 3.4171201], [-76.5661438, 3.4170767], [-76.56597, 3.4169505], [-76.565895, 3.4169055], [-76.5658823, 3.4168978], [-76.5657791, 3.4168521], [-76.5656922, 3.4168312], [-76.5656263, 3.4168273], [-76.5654703, 3.4168149], [-76.5653415, 3.4168087], [-76.5652678, 3.4168049], [-76.5652313, 3.4168188], [-76.5651949, 3.4168273], [-76.5651289, 3.4168335], [-76.5649986, 3.4168219], [-76.564855, 3.4168382], [-76.5646983, 3.4168544], [-76.5645897, 3.4168351], [-76.5644904, 3.4167847], [-76.5644175, 3.416745], [-76.5643602, 3.41672], [-76.5643231, 3.4166796], [-76.5642156, 3.4165932], [-76.5642082, 3.4165301], [-76.5641716, 3.4163595], [-76.5641663, 3.4163349], [-76.564115, 3.4162615], [-76.564105, 3.4162471], [-76.5639063, 3.4161157], [-76.5637472, 3.4160138], [-76.5636057, 3.4159251], [-76.563496, 3.415855], [-76.5634444, 3.4158068], [-76.5633851, 3.4157739], [-76.5633226, 3.4157443], [-76.563259, 3.4157323], [-76.5631394, 3.4157104], [-76.5630702, 3.4157148], [-76.5629408, 3.4156491], [-76.5627345, 3.415545], [-76.5624712, 3.4154071], [-76.5625472, 3.4152094], [-76.5625596, 3.4151876], [-76.5626053, 3.4151282], [-76.5625811, 3.4150654], [-76.5623751, 3.4151705], [-76.562356, 3.4151781], [-76.562269, 3.4152072], [-76.5620905, 3.4152219], [-76.5619563, 3.4152164], [-76.5618413, 3.4152309], [-76.5617348, 3.4151628], [-76.5616321, 3.415122], [-76.5614406, 3.4150821], [-76.5612211, 3.4149918], [-76.5611135, 3.4149168], [-76.5609464, 3.4148224]]]}}, {"type": "Feature", "properties": {"name": "Lleras Camargo", "comuna": ""}, "geometry": {"type": "Polygon", "coordinates": [[[-76.5593784, 3.4241325], [-76.5593937, 3.4241958], [-76.55945, 3.4242681], [-76.5595957, 3.4244391], [-76.5596441, 3.4244776], [-76.5596791, 3.4245339], [-76.559693, 3.4246183], [-76.5596914, 3.4247603], [-76.5596957, 3.4248686], [-76.5597078, 3.424931], [-76.5619853, 3.4249365], [-76.5635719, 3.4257465], [-76.5636212, 3.425664], [-76.5636648, 3.4255818], [-76.5636664, 3.4255109], [-76.5636745, 3.4253659], [-76.5636729, 3.425253], [-76.5637181, 3.4251692], [-76.5637439, 3.4250693], [-76.5637633, 3.4249839], [-76.5637698, 3.4249548], [-76.5637601, 3.4248404], [-76.5637488, 3.4247244], [-76.5637068, 3.4245986], [-76.563689, 3.4244455], [-76.5636793, 3.4243899], [-76.5636519, 3.424315], [-76.5636131, 3.4242416], [-76.5635639, 3.4241691], [-76.5635413, 3.4241127], [-76.5635203, 3.4239918], [-76.5635154, 3.4239233], [-76.5635187, 3.4238677], [-76.5635369, 3.4237404], [-76.5635643, 3.4236264], [-76.5635757, 3.4235318], [-76.5635934, 3.4234151], [-76.5635917, 3.4233872], [-76.5635848, 3.423349], [-76.5635649, 3.4233102], [-76.563554, 3.4232794], [-76.5635489, 3.4231968], [-76.5635392, 3.4231501], [-76.5635194, 3.4230786], [-76.5634509, 3.4229692], [-76.5633778, 3.4228028], [-76.5633367, 3.4227047], [-76.5632956, 3.4226706], [-76.5632641, 3.4226665], [-76.5632372, 3.4226232], [-76.5632321, 3.4225884], [-76.5632344, 3.4225611], [-76.5632172, 3.4224881], [-76.563199, 3.4224568], [-76.5631916, 3.4224334], [-76.563187, 3.4223998], [-76.5631916, 3.4223662], [-76.5632013, 3.4223206], [-76.5632235, 3.422263], [-76.5632344, 3.4222192], [-76.5632464, 3.4221884], [-76.5632572, 3.4221588], [-76.5632852, 3.4220938], [-76.5633069, 3.4220499], [-76.5633269, 3.4220157], [-76.5633337, 3.4219793], [-76.5633383, 3.421928], [-76.5633623, 3.4218961], [-76.5633925, 3.42183], [-76.5634233, 3.4217821], [-76.563433, 3.4217564], [-76.5634644, 3.4216168], [-76.5634873, 3.4215359], [-76.5635033, 3.4214721], [-76.5635272, 3.4214083], [-76.5635489, 3.4213433], [-76.5635546, 3.421308], [-76.5635192, 3.4212293], [-76.5634838, 3.4211735], [-76.5634542, 3.4211119], [-76.5634222, 3.4210572], [-76.5634268, 3.4209296], [-76.5634599, 3.4208555], [-76.563493, 3.4207746], [-76.5635284, 3.4207028], [-76.563582, 3.4205854], [-76.5636083, 3.4205364], [-76.5636448, 3.4204691], [-76.5637122, 3.4204247], [-76.5637887, 3.4203369], [-76.5638366, 3.4203016], [-76.5638515, 3.4202549], [-76.56388, 3.4201386], [-76.5638926, 3.4200759], [-76.5638652, 3.4200098], [-76.5638195, 3.4199563], [-76.5637807, 3.4199004], [-76.5637581, 3.4198116], [-76.5638001, 3.4197055], [-76.5638435, 3.4196383], [-76.5638812, 3.4196018], [-76.5639006, 3.4195608], [-76.5639428, 3.419514], [-76.5639979, 3.4194474], [-76.5640675, 3.4193642], [-76.5640517, 3.4193258], [-76.5640453, 3.4192847], [-76.5640315, 3.4191936], [-76.5640057, 3.4191251], [-76.5639799, 3.4190526], [-76.5639484, 3.4190155], [-76.5638975, 3.4189881], [-76.5638773, 3.4189672], [-76.5638596, 3.4189035], [-76.5638346, 3.4188326], [-76.5638087, 3.4187979], [-76.5637562, 3.4187762], [-76.5636691, 3.4187738], [-76.5636416, 3.4187802], [-76.5635423, 3.4187786], [-76.5634632, 3.4187673], [-76.5634051, 3.4187431], [-76.5633736, 3.4187141], [-76.5633179, 3.4186617], [-76.5632702, 3.4186142], [-76.5632484, 3.418586], [-76.5632363, 3.4185433], [-76.5632307, 3.4184965], [-76.5632258, 3.4184506], [-76.5632064, 3.4183829], [-76.5631863, 3.4183426], [-76.5631677, 3.4182975], [-76.5631217, 3.4182346], [-76.563066, 3.4181943], [-76.5630046, 3.4181548], [-76.5629634, 3.4181234], [-76.5629174, 3.4180702], [-76.562844, 3.4179969], [-76.5627818, 3.4179227], [-76.5627196, 3.4178542], [-76.5626534, 3.4177849], [-76.5625969, 3.4177092], [-76.5625703, 3.4176503], [-76.5625517, 3.4175971], [-76.5625073, 3.4175246], [-76.5624306, 3.41749], [-76.5623781, 3.4174754], [-76.5623337, 3.4174787], [-76.5622942, 3.4175109], [-76.5622675, 3.4175472], [-76.5622441, 3.4175923], [-76.5621948, 3.417639], [-76.5621731, 3.4176656], [-76.5621222, 3.4176818], [-76.562039, 3.4176777], [-76.5619704, 3.4176479], [-76.5619107, 3.4176149], [-76.5617936, 3.4175407], [-76.561704, 3.4174883], [-76.5616572, 3.4174529], [-76.5616087, 3.4174069], [-76.5615474, 3.4173207], [-76.561503, 3.4172691], [-76.5614634, 3.4172208], [-76.5613972, 3.4171765], [-76.5613657, 3.4171603], [-76.5613044, 3.4171104], [-76.5612608, 3.4170741], [-76.5612051, 3.4170394], [-76.5611324, 3.4170335], [-76.5610005, 3.4170484], [-76.5609064, 3.4170331], [-76.5608685, 3.4170198], [-76.5608426, 3.4170088], [-76.5607764, 3.4169669], [-76.5607231, 3.4169218], [-76.5606674, 3.4168613], [-76.5606084, 3.4167936], [-76.5605689, 3.4167413], [-76.5605422, 3.4167042], [-76.5605342, 3.4166897], [-76.5605287, 3.4167114], [-76.5604854, 3.4167644], [-76.5604464, 3.4167857], [-76.5604073, 3.4168083], [-76.5603487, 3.416761], [-76.5602296, 3.416687], [-76.5602127, 3.416814], [-76.5601879, 3.4170471], [-76.560133, 3.4173776], [-76.560093, 3.4175591], [-76.5600781, 3.4176993], [-76.5600656, 3.4177871], [-76.5599951, 3.4178541], [-76.5600415, 3.4179935], [-76.5600929, 3.4182266], [-76.5601049, 3.4182861], [-76.5601176, 3.4183487], [-76.5601803, 3.4185233], [-76.5602002, 3.4185786], [-76.5602131, 3.4186752], [-76.5602397, 3.4187131], [-76.5602707, 3.4188973], [-76.560289, 3.4189825], [-76.5603188, 3.4190419], [-76.5603473, 3.4192072], [-76.5603675, 3.419229], [-76.5603602, 3.4193289], [-76.5603409, 3.4194532], [-76.5603221, 3.4195774], [-76.560301, 3.4196732], [-76.5602405, 3.4198116], [-76.5601824, 3.419907], [-76.5601544, 3.4199823], [-76.5601, 3.4201009], [-76.5600611, 3.4201869], [-76.5600223, 3.4202662], [-76.5600029, 3.420321], [-76.5599746, 3.4203099], [-76.5599302, 3.4203387], [-76.5598192, 3.4204361], [-76.5597539, 3.4204674], [-76.5597137, 3.4205036], [-76.559695, 3.4205427], [-76.5596881, 3.4205871], [-76.5596995, 3.4206247], [-76.5597441, 3.4207418], [-76.5597658, 3.4207927], [-76.5598023, 3.420806], [-76.5598221, 3.4208639], [-76.5598131, 3.4209102], [-76.5598004, 3.4209389], [-76.5597589, 3.4211168], [-76.5596741, 3.4213466], [-76.5601022, 3.4214645], [-76.5600029, 3.4217645], [-76.5599574, 3.4218833], [-76.5600211, 3.4219095], [-76.5600184, 3.4219149], [-76.5599636, 3.4219753], [-76.5599168, 3.4220187], [-76.5598563, 3.4220517], [-76.5597924, 3.422095], [-76.559733, 3.4221383], [-76.5596759, 3.4222227], [-76.5596291, 3.4223047], [-76.559596, 3.422372], [-76.5595492, 3.4224973], [-76.5594715, 3.4226261], [-76.5594202, 3.4227082], [-76.5593642, 3.4228119], [-76.5593185, 3.4228723], [-76.5592449, 3.4229549], [-76.559226, 3.4229752], [-76.5591396, 3.4229894], [-76.559101, 3.4230272], [-76.5590315, 3.4230748], [-76.558946, 3.4231457], [-76.5588652, 3.4232021], [-76.5587829, 3.4232698], [-76.5586949, 3.4233367], [-76.5586085, 3.4233923], [-76.558535, 3.4234358], [-76.5584575, 3.4234777], [-76.5583572, 3.4235189], [-76.5583007, 3.4235496], [-76.5582637, 3.4235721], [-76.558207, 3.4236193], [-76.5583706, 3.4238633], [-76.5584791, 3.4239183], [-76.5587676, 3.4240524], [-76.558968, 3.4241181], [-76.559168, 3.424143], [-76.5593009, 3.4241355], [-76.5593784, 3.4241325]]]}}, {"type": "Feature", "properties": {"name": "El Cortijo", "comuna": ""}, "geometry": {"type": "Polygon", "coordinates": [[[-76.5594579, 3.4154265], [-76.5593939, 3.4154674], [-76.5593334, 3.4154864], [-76.5588959, 3.4155118], [-76.5583986, 3.4155433], [-76.5584198, 3.4160421], [-76.5584095, 3.4160923], [-76.5584142, 3.4161343], [-76.5584522, 3.4161952], [-76.5587191, 3.4164675], [-76.5588758, 3.4166502], [-76.5591839, 3.4169643], [-76.5592681, 3.4170836], [-76.5593831, 3.4173686], [-76.5594582, 3.4175504], [-76.559517, 3.4176923], [-76.5595238, 3.4177458], [-76.5595318, 3.4178313], [-76.5595216, 3.418], [-76.5596527, 3.418086], [-76.5596972, 3.4181384], [-76.5598125, 3.418282], [-76.5599598, 3.4184963], [-76.5600397, 3.4185772], [-76.5600989, 3.418611], [-76.5601436, 3.4186365], [-76.5602131, 3.4186752], [-76.5602002, 3.4185786], [-76.5601803, 3.4185233], [-76.5601176, 3.4183487], [-76.5601049, 3.4182861], [-76.5600929, 3.4182266], [-76.5600415, 3.4179935], [-76.5599951, 3.4178541], [-76.5600656, 3.4177871], [-76.5600781, 3.4176993], [-76.560093, 3.4175591], [-76.560133, 3.4173776], [-76.5601879, 3.4170471], [-76.5602127, 3.416814], [-76.5602296, 3.416687], [-76.5603487, 3.416761], [-76.5604073, 3.4168083], [-76.5604464, 3.4167857], [-76.5604854, 3.4167644], [-76.5605287, 3.4167114], [-76.5605342, 3.4166897], [-76.5605317, 3.4166454], [-76.5605342, 3.4165793], [-76.5605382, 3.4165269], [-76.5605325, 3.4164729], [-76.5605083, 3.4164116], [-76.5604688, 3.4163504], [-76.5604268, 3.4162916], [-76.5603775, 3.4161924], [-76.5603202, 3.4161054], [-76.5602992, 3.4160635], [-76.5602734, 3.4160216], [-76.5602112, 3.415995], [-76.5600861, 3.4159902], [-76.5600296, 3.4159708], [-76.5599835, 3.4159362], [-76.5599456, 3.4158935], [-76.5599222, 3.4158572], [-76.5598697, 3.4157927], [-76.5598503, 3.4157323], [-76.5598423, 3.4156831], [-76.559814, 3.415638], [-76.5597712, 3.4155687], [-76.5597308, 3.4155187], [-76.5596864, 3.4154446], [-76.5596202, 3.4153785], [-76.5595783, 3.4153607], [-76.559545, 3.4153207], [-76.559516, 3.4153402], [-76.5595006, 3.4153581], [-76.5594579, 3.4154265]]]}}, {"type": "Feature", "properties": {"name": "Tierra Blanca", "comuna": ""}, "geometry": {"type": "Polygon", "coordinates": [[[-76.5600029, 3.420321], [-76.5600223, 3.4202662], [-76.5600611, 3.4201869], [-76.5601, 3.4201009], [-76.5601544, 3.4199823], [-76.5601824, 3.419907], [-76.5602405, 3.4198116], [-76.560301, 3.4196732], [-76.5603221, 3.4195774], [-76.5603409, 3.4194532], [-76.5603602, 3.4193289], [-76.5603675, 3.419229], [-76.5603473, 3.4192072], [-76.5603188, 3.4190419], [-76.560289, 3.4189825], [-76.5602707, 3.4188973], [-76.5602397, 3.4187131], [-76.5602131, 3.4186752], [-76.5601436, 3.4186365], [-76.5600989, 3.418611], [-76.5600397, 3.4185772], [-76.5599598, 3.4184963], [-76.5598125, 3.418282], [-76.5596972, 3.4181384], [-76.5596527, 3.418086], [-76.5595216, 3.418], [-76.5595101, 3.4181117], [-76.5594865, 3.41819], [-76.559469, 3.4182484], [-76.559388, 3.4183966], [-76.5593069, 3.4185835], [-76.5592903, 3.4186307], [-76.5592384, 3.4187784], [-76.5591379, 3.4189061], [-76.5590669, 3.4190089], [-76.5590363, 3.4190531], [-76.5589735, 3.4191785], [-76.5589512, 3.4193583], [-76.5589561, 3.4193961], [-76.558808, 3.4197232], [-76.5586607, 3.4199512], [-76.5585545, 3.420105], [-76.5584221, 3.4202429], [-76.5582958, 3.4203421], [-76.5581595, 3.4204492], [-76.5579479, 3.4205938], [-76.5578268, 3.4207091], [-76.5580515, 3.420919], [-76.5581686, 3.4210219], [-76.5582745, 3.4209039], [-76.558373, 3.4209788], [-76.5584154, 3.4210107], [-76.5584531, 3.4210489], [-76.5585549, 3.4211497], [-76.558509, 3.4212424], [-76.5584982, 3.421339], [-76.558507, 3.4214051], [-76.5585296, 3.4214379], [-76.5586261, 3.4215612], [-76.5587262, 3.4216675], [-76.5588029, 3.4217162], [-76.558909, 3.4217481], [-76.5590281, 3.4217584], [-76.5591056, 3.4217509], [-76.5592485, 3.4217339], [-76.5593163, 3.421731], [-76.5593849, 3.4217342], [-76.5594407, 3.4217374], [-76.5595383, 3.4217511], [-76.5596296, 3.4217801], [-76.5597353, 3.4218132], [-76.5597991, 3.421843], [-76.5598694, 3.4218599], [-76.5599574, 3.4218833], [-76.5600029, 3.4217645], [-76.5601022, 3.4214645], [-76.5596741, 3.4213466], [-76.5597589, 3.4211168], [-76.5598004, 3.4209389], [-76.5598131, 3.4209102], [-76.5598221, 3.4208639], [-76.5598023, 3.420806], [-76.5597658, 3.4207927], [-76.5597441, 3.4207418], [-76.5596995, 3.4206247], [-76.5596881, 3.4205871], [-76.559695, 3.4205427], [-76.5597137, 3.4205036], [-76.5597539, 3.4204674], [-76.5598192, 3.4204361], [-76.5599302, 3.4203387], [-76.5599746, 3.4203099], [-76.5600029, 3.420321]]]}}, {"type": "Feature", "properties": {"name": "Bel\u00e9n", "comuna": ""}, "geometry": {"type": "Polygon", "coordinates": [[[-76.5522288, 3.4254033], [-76.5521426, 3.4257364], [-76.5520988, 3.4258262], [-76.5520367, 3.4258985], [-76.5519132, 3.4260094], [-76.5516958, 3.426211], [-76.5516466, 3.4262708], [-76.5515832, 3.4263579], [-76.551546, 3.4263392], [-76.5513442, 3.4265368], [-76.5510397, 3.4268293], [-76.5509869, 3.4268782], [-76.5509142, 3.4269515], [-76.5508643, 3.4269849], [-76.5508292, 3.4270026], [-76.5508009, 3.427014], [-76.5507717, 3.4270233], [-76.5507327, 3.4270322], [-76.5506926, 3.4270371], [-76.5506602, 3.4270383], [-76.5502817, 3.4270443], [-76.5502882, 3.4270851], [-76.5504605, 3.4279279], [-76.5510859, 3.428014], [-76.5511425, 3.428069], [-76.5511827, 3.4281279], [-76.5511981, 3.4281688], [-76.5512087, 3.4282115], [-76.5512062, 3.4282384], [-76.5511988, 3.4282618], [-76.5511639, 3.4283127], [-76.5511472, 3.4283428], [-76.5511379, 3.4283806], [-76.5511399, 3.4286568], [-76.5511644, 3.4287077], [-76.551117, 3.4289178], [-76.5519097, 3.4291958], [-76.5522543, 3.4293167], [-76.5523508, 3.4293489], [-76.5524125, 3.4292685], [-76.5524796, 3.4292096], [-76.5525788, 3.4290865], [-76.5526298, 3.4289499], [-76.5528135, 3.4285523], [-76.552911, 3.4285958], [-76.5529452, 3.4286171], [-76.5530832, 3.4287332], [-76.5530918, 3.4287404], [-76.5532098, 3.4287578], [-76.5534264, 3.4284633], [-76.553582, 3.4287077], [-76.5536145, 3.4287163], [-76.5541157, 3.4288227], [-76.5542646, 3.4281829], [-76.5538774, 3.4277901], [-76.5541846, 3.4270817], [-76.5544192, 3.4271109], [-76.554798, 3.4271358], [-76.5548597, 3.4271335], [-76.5549257, 3.4285644], [-76.5561839, 3.4285993], [-76.5561849, 3.4285642], [-76.5561815, 3.4285279], [-76.5561701, 3.4285041], [-76.5561736, 3.4284724], [-76.5561781, 3.428452], [-76.5561655, 3.4284376], [-76.5561414, 3.4284232], [-76.5561061, 3.428408], [-76.5560902, 3.4283941], [-76.5560539, 3.4283723], [-76.5560343, 3.4283252], [-76.5560234, 3.4282682], [-76.5560309, 3.428198], [-76.5560451, 3.4281385], [-76.5560606, 3.4281046], [-76.556062, 3.428033], [-76.5560711, 3.4279737], [-76.5560756, 3.4278957], [-76.5560747, 3.4278576], [-76.5560881, 3.4277827], [-76.5560948, 3.4277323], [-76.5560982, 3.427691], [-76.5561094, 3.4276503], [-76.5561096, 3.4276086], [-76.5561084, 3.4275675], [-76.5561081, 3.4275368], [-76.556108, 3.427511], [-76.5561, 3.4274662], [-76.5560879, 3.4274295], [-76.556075, 3.4273966], [-76.5560665, 3.4273502], [-76.5560621, 3.4273077], [-76.5560675, 3.4272568], [-76.5560851, 3.4272363], [-76.5561075, 3.427217], [-76.5561095, 3.4271894], [-76.5561065, 3.427141], [-76.5560781, 3.4271044], [-76.5560753, 3.4270738], [-76.5560588, 3.4270345], [-76.556052, 3.4269971], [-76.556052, 3.4269687], [-76.5560383, 3.4269495], [-76.5560293, 3.4269211], [-76.5560236, 3.4268837], [-76.5560213, 3.4268543], [-76.5559986, 3.4268123], [-76.5559895, 3.4267931], [-76.5559725, 3.4267545], [-76.5559646, 3.4267296], [-76.5559305, 3.4267001], [-76.5559021, 3.4266616], [-76.5558817, 3.4266253], [-76.5558453, 3.4265857], [-76.5558101, 3.4265528], [-76.5557863, 3.4265335], [-76.5557625, 3.4265233], [-76.5557443, 3.4265211], [-76.5557261, 3.4265233], [-76.5557068, 3.4265279], [-76.5556739, 3.4265256], [-76.555633, 3.4265177], [-76.5555899, 3.4265267], [-76.5555536, 3.4265347], [-76.5555218, 3.4265358], [-76.5554832, 3.4265347], [-76.5554559, 3.4265267], [-76.5554048, 3.4265188], [-76.5553787, 3.426512], [-76.5553422, 3.4265057], [-76.5552979, 3.4264977], [-76.5552275, 3.4264932], [-76.5551662, 3.426466], [-76.5551378, 3.4263901], [-76.5551083, 3.4263164], [-76.5550957, 3.426251], [-76.5550877, 3.4261513], [-76.5550832, 3.4261173], [-76.5550525, 3.4260708], [-76.5550196, 3.42603], [-76.5549946, 3.4260005], [-76.554981, 3.4259597], [-76.5549731, 3.4259337], [-76.5549509, 3.4258876], [-76.5548916, 3.4258615], [-76.5548751, 3.425857], [-76.5548152, 3.4258358], [-76.5547779, 3.4258282], [-76.5547163, 3.4258085], [-76.5546638, 3.4258018], [-76.554628, 3.4258079], [-76.5545907, 3.4257993], [-76.5545396, 3.4257754], [-76.554496, 3.4257469], [-76.5544529, 3.4257296], [-76.5544214, 3.4257212], [-76.5543624, 3.4256919], [-76.5542876, 3.4256794], [-76.5542428, 3.4256896], [-76.5542191, 3.425683], [-76.5541667, 3.4256684], [-76.5541132, 3.425665], [-76.5540421, 3.4256764], [-76.5540012, 3.4256571], [-76.5539739, 3.4256333], [-76.5539558, 3.4256107], [-76.5539319, 3.4255687], [-76.5539331, 3.425537], [-76.5539433, 3.425503], [-76.5539429, 3.4254616], [-76.5539397, 3.4254072], [-76.5539298, 3.4253503], [-76.5539177, 3.4253129], [-76.5538997, 3.4252818], [-76.5538829, 3.4252522], [-76.5538559, 3.4252015], [-76.553815, 3.4251857], [-76.5537819, 3.4251575], [-76.553738, 3.4251371], [-76.5536867, 3.4251245], [-76.553639, 3.4250939], [-76.5536027, 3.4250372], [-76.5535857, 3.4249794], [-76.5535743, 3.4249307], [-76.5535493, 3.4248808], [-76.5535107, 3.4248117], [-76.5534857, 3.424763], [-76.553463, 3.424721], [-76.5534278, 3.4246734], [-76.5533915, 3.4246564], [-76.5533218, 3.4246248], [-76.553271, 3.4246082], [-76.5532071, 3.4246087], [-76.5531146, 3.4246305], [-76.5530525, 3.4246339], [-76.5529854, 3.4246509], [-76.5529324, 3.4246452], [-76.5528893, 3.4246198], [-76.5528194, 3.4245341], [-76.5527827, 3.4244864], [-76.5527524, 3.4244662], [-76.5526443, 3.4243757], [-76.5526016, 3.4243591], [-76.5525499, 3.424467], [-76.5524434, 3.4246852], [-76.5523803, 3.4248581], [-76.5523228, 3.4250462], [-76.5522288, 3.4254033]]]}}, {"type": "Feature", "properties": {"name": "Silo\u00e9", "comuna": ""}, "geometry": {"type": "Polygon", "coordinates": [[[-76.5560448, 3.4164755], [-76.5559258, 3.4165448], [-76.5552759, 3.4168665], [-76.5549888, 3.4170109], [-76.5547078, 3.4171535], [-76.5546482, 3.4171886], [-76.5545911, 3.4172222], [-76.5544944, 3.4172506], [-76.5544547, 3.4174634], [-76.5543598, 3.417694], [-76.5542254, 3.4179568], [-76.5541506, 3.4181238], [-76.5535704, 3.4194416], [-76.5533509, 3.4199439], [-76.5532512, 3.42036], [-76.553198, 3.4207016], [-76.5531139, 3.4214023], [-76.5530938, 3.4216353], [-76.5528283, 3.4237645], [-76.5527855, 3.4238986], [-76.5526512, 3.4242196], [-76.5526016, 3.4243591], [-76.5526443, 3.4243757], [-76.5527524, 3.4244662], [-76.5527827, 3.4244864], [-76.5528194, 3.4245341], [-76.5528893, 3.4246198], [-76.5529324, 3.4246452], [-76.5529854, 3.4246509], [-76.5530525, 3.4246339], [-76.5531146, 3.4246305], [-76.5532071, 3.4246087], [-76.553271, 3.4246082], [-76.5533218, 3.4246248], [-76.5533915, 3.4246564], [-76.5534278, 3.4246734], [-76.553463, 3.424721], [-76.5534857, 3.424763], [-76.5535107, 3.4248117], [-76.5535493, 3.4248808], [-76.5535743, 3.4249307], [-76.5535857, 3.4249794], [-76.5536027, 3.4250372], [-76.553639, 3.4250939], [-76.5536867, 3.4251245], [-76.553738, 3.4251371], [-76.5537819, 3.4251575], [-76.553815, 3.4251857], [-76.5538559, 3.4252015], [-76.5538829, 3.4252522], [-76.5538997, 3.4252818], [-76.5539177, 3.4253129], [-76.5539298, 3.4253503], [-76.5539397, 3.4254072], [-76.5539429, 3.4254616], [-76.5539433, 3.425503], [-76.5539331, 3.425537], [-76.5539319, 3.4255687], [-76.5539558, 3.4256107], [-76.5539739, 3.4256333], [-76.5540012, 3.4256571], [-76.5540421, 3.4256764], [-76.5541132, 3.425665], [-76.5541667, 3.4256684], [-76.5542191, 3.425683], [-76.5542428, 3.4256896], [-76.5542876, 3.4256794], [-76.5543624, 3.4256919], [-76.5544214, 3.4257212], [-76.5544529, 3.4257296], [-76.554496, 3.4257469], [-76.5545396, 3.4257754], [-76.5545907, 3.4257993], [-76.554628, 3.4258079], [-76.5546638, 3.4258018], [-76.5547163, 3.4258085], [-76.5547779, 3.4258282], [-76.5548152, 3.4258358], [-76.5548751, 3.425857], [-76.5548916, 3.4258615], [-76.5549509, 3.4258876], [-76.5549731, 3.4259337], [-76.554981, 3.4259597], [-76.5549946, 3.4260005], [-76.5550196, 3.42603], [-76.5550525, 3.4260708], [-76.5550832, 3.4261173], [-76.5550877, 3.4261513], [-76.5550957, 3.426251], [-76.5551083, 3.4263164], [-76.5551378, 3.4263901], [-76.5551662, 3.426466], [-76.5552275, 3.4264932], [-76.5552979, 3.4264977], [-76.5553422, 3.4265057], [-76.5553787, 3.426512], [-76.5554048, 3.4265188], [-76.5554559, 3.4265267], [-76.5554832, 3.4265347], [-76.5555218, 3.4265358], [-76.5555536, 3.4265347], [-76.5555899, 3.4265267], [-76.555633, 3.4265177], [-76.5556739, 3.4265256], [-76.5557068, 3.4265279], [-76.5557261, 3.4265233], [-76.5557443, 3.4265211], [-76.5557625, 3.4265233], [-76.5557863, 3.4265335], [-76.5558101, 3.4265528], [-76.5558453, 3.4265857], [-76.5558817, 3.4266253], [-76.5559021, 3.4266616], [-76.5559305, 3.4267001], [-76.5559646, 3.4267296], [-76.5559725, 3.4267545], [-76.5559895, 3.4267931], [-76.5559986, 3.4268123], [-76.5560213, 3.4268543], [-76.5560236, 3.4268837], [-76.5560293, 3.4269211], [-76.5560383, 3.4269495], [-76.556052, 3.4269687], [-76.556052, 3.4269971], [-76.5560588, 3.4270345], [-76.5560753, 3.4270738], [-76.5560781, 3.4271044], [-76.5561065, 3.427141], [-76.5561095, 3.4271894], [-76.5561075, 3.427217], [-76.5560851, 3.4272363], [-76.5560675, 3.4272568], [-76.5560621, 3.4273077], [-76.5560665, 3.4273502], [-76.556075, 3.4273966], [-76.5560879, 3.4274295], [-76.5561, 3.4274662], [-76.556108, 3.427511], [-76.5561081, 3.4275368], [-76.5561084, 3.4275675], [-76.5561096, 3.4276086], [-76.5561094, 3.4276503], [-76.5560982, 3.427691], [-76.5560948, 3.4277323], [-76.5560881, 3.4277827], [-76.5560747, 3.4278576], [-76.5560756, 3.4278957], [-76.5560711, 3.4279737], [-76.556062, 3.428033], [-76.5560606, 3.4281046], [-76.5560451, 3.4281385], [-76.5560309, 3.428198], [-76.5560234, 3.4282682], [-76.5560343, 3.4283252], [-76.5560539, 3.4283723], [-76.5560902, 3.4283941], [-76.5561061, 3.428408], [-76.5561414, 3.4284232], [-76.5561655, 3.4284376], [-76.5561781, 3.428452], [-76.5561736, 3.4284724], [-76.5561701, 3.4285041], [-76.5561815, 3.4285279], [-76.5561849, 3.4285642], [-76.5561839, 3.4285993], [-76.5562776, 3.4286019], [-76.556747, 3.4286688], [-76.5571842, 3.4285885], [-76.557152, 3.4280945], [-76.5575302, 3.4274318], [-76.5577662, 3.4265215], [-76.5581632, 3.4257665], [-76.5585387, 3.4259747], [-76.5597078, 3.424931], [-76.5596957, 3.4248686], [-76.5596914, 3.4247603], [-76.559693, 3.4246183], [-76.5596791, 3.4245339], [-76.5596441, 3.4244776], [-76.5595957, 3.4244391], [-76.55945, 3.4242681], [-76.5593937, 3.4241958], [-76.5593784, 3.4241325], [-76.5593009, 3.4241355], [-76.559168, 3.424143], [-76.558968, 3.4241181], [-76.5587676, 3.4240524], [-76.5584791, 3.4239183], [-76.5583706, 3.4238633], [-76.558207, 3.4236193], [-76.5582637, 3.4235721], [-76.5583007, 3.4235496], [-76.5583572, 3.4235189], [-76.5584575, 3.4234777], [-76.558535, 3.4234358], [-76.5586085, 3.4233923], [-76.5586949, 3.4233367], [-76.5587829, 3.4232698], [-76.5588652, 3.4232021], [-76.558946, 3.4231457], [-76.5590315, 3.4230748], [-76.559101, 3.4230272], [-76.5591396, 3.4229894], [-76.559226, 3.4229752], [-76.5592449, 3.4229549], [-76.5593185, 3.4228723], [-76.5593642, 3.4228119], [-76.5594202, 3.4227082], [-76.5594715, 3.4226261], [-76.5595492, 3.4224973], [-76.559596, 3.422372], [-76.5596291, 3.4223047], [-76.5596759, 3.4222227], [-76.559733, 3.4221383], [-76.5597924, 3.422095], [-76.5598563, 3.4220517], [-76.5599168, 3.4220187], [-76.5599636, 3.4219753], [-76.5600184, 3.4219149], [-76.5600211, 3.4219095], [-76.5599574, 3.4218833], [-76.5598694, 3.4218599], [-76.5597991, 3.421843], [-76.5597353, 3.4218132], [-76.5596296, 3.4217801], [-76.5595383, 3.4217511], [-76.5594407, 3.4217374], [-76.5593849, 3.4217342], [-76.5593163, 3.421731], [-76.5592485, 3.4217339], [-76.5591056, 3.4217509], [-76.5590281, 3.4217584], [-76.558909, 3.4217481], [-76.5588029, 3.4217162], [-76.5587262, 3.4216675], [-76.5586261, 3.4215612], [-76.5585296, 3.4214379], [-76.558507, 3.4214051], [-76.5584982, 3.421339], [-76.558509, 3.4212424], [-76.5585549, 3.4211497], [-76.5584531, 3.4210489], [-76.5584154, 3.4210107], [-76.558373, 3.4209788], [-76.5582745, 3.4209039], [-76.5581686, 3.4210219], [-76.5580515, 3.420919], [-76.5578268, 3.4207091], [-76.5579479, 3.4205938], [-76.5581595, 3.4204492], [-76.5582958, 3.4203421], [-76.5584221, 3.4202429], [-76.5585545, 3.420105], [-76.5586607, 3.4199512], [-76.558808, 3.4197232], [-76.5589561, 3.4193961], [-76.5589512, 3.4193583], [-76.5589735, 3.4191785], [-76.5590363, 3.4190531], [-76.5590669, 3.4190089], [-76.5591379, 3.4189061], [-76.5592384, 3.4187784], [-76.5592903, 3.4186307], [-76.5593069, 3.4185835], [-76.559388, 3.4183966], [-76.559469, 3.4182484], [-76.5594865, 3.41819], [-76.5595101, 3.4181117], [-76.5595216, 3.418], [-76.5595318, 3.4178313], [-76.5595238, 3.4177458], [-76.559517, 3.4176923], [-76.5594582, 3.4175504], [-76.5593831, 3.4173686], [-76.5592681, 3.4170836], [-76.5591839, 3.4169643], [-76.5588758, 3.4166502], [-76.5587191, 3.4164675], [-76.5584522, 3.4161952], [-76.5584142, 3.4161343], [-76.5584095, 3.4160923], [-76.5584198, 3.4160421], [-76.5583986, 3.4155433], [-76.5580758, 3.4155679], [-76.5574851, 3.4158344], [-76.5569676, 3.4160684], [-76.5565203, 3.4162454], [-76.5564444, 3.4162754], [-76.5560448, 3.4164755]]]}}, {"type": "Feature", "properties": {"name": "Venezuela - Urbanizaci\u00f3n Ca\u00f1averalejo", "comuna": ""}, "geometry": {"type": "Polygon", "coordinates": [[[-76.5581456, 3.4131781], [-76.558084, 3.4132502], [-76.5579775, 3.4137197], [-76.5579164, 3.4139221], [-76.5576509, 3.4150964], [-76.5574851, 3.4158344], [-76.5580758, 3.4155679], [-76.5583986, 3.4155433], [-76.5588959, 3.4155118], [-76.5593334, 3.4154864], [-76.5593939, 3.4154674], [-76.5594579, 3.4154265], [-76.5595006, 3.4153581], [-76.559516, 3.4153402], [-76.559545, 3.4153207], [-76.5595938, 3.4152894], [-76.5596115, 3.4152795], [-76.5597513, 3.4152016], [-76.5600272, 3.4150589], [-76.5602848, 3.4149557], [-76.5607122, 3.4148661], [-76.5608548, 3.4148412], [-76.5609464, 3.4148224], [-76.5611135, 3.4149168], [-76.5612211, 3.4149918], [-76.5614406, 3.4150821], [-76.5616321, 3.415122], [-76.5617348, 3.4151628], [-76.5618413, 3.4152309], [-76.5619563, 3.4152164], [-76.5620905, 3.4152219], [-76.562269, 3.4152072], [-76.562356, 3.4151781], [-76.5623751, 3.4151705], [-76.5625811, 3.4150654], [-76.5627938, 3.414981], [-76.5628995, 3.4149199], [-76.5631668, 3.4149315], [-76.5634141, 3.4150091], [-76.5634971, 3.4150224], [-76.5636802, 3.4150686], [-76.563925, 3.415116], [-76.5639496, 3.4151201], [-76.5642523, 3.4151712], [-76.5644404, 3.4152149], [-76.5643944, 3.4150998], [-76.5642415, 3.4150047], [-76.5640695, 3.4149334], [-76.5642462, 3.4146202], [-76.5643291, 3.4145168], [-76.564365, 3.4144434], [-76.5643827, 3.4143075], [-76.564375, 3.4141755], [-76.5642937, 3.4140529], [-76.563808, 3.4133931], [-76.5638859, 3.4133169], [-76.5637184, 3.4129752], [-76.5635678, 3.4128037], [-76.5637925, 3.4126785], [-76.563834, 3.4126648], [-76.5641279, 3.412587], [-76.5657008, 3.4123994], [-76.5661241, 3.4122869], [-76.5655931, 3.4109247], [-76.5655598, 3.4108106], [-76.5654514, 3.4107747], [-76.5653356, 3.410702], [-76.5652211, 3.4107498], [-76.5650963, 3.4107207], [-76.5649901, 3.4106854], [-76.564884, 3.4106958], [-76.5647987, 3.4106605], [-76.5646697, 3.410727], [-76.5645906, 3.4108059], [-76.5644366, 3.4108869], [-76.5643805, 3.410943], [-76.5642827, 3.4110032], [-76.5641328, 3.4110842], [-76.5640246, 3.4111818], [-76.5639039, 3.4112275], [-76.5638735, 3.4112363], [-76.5637895, 3.4112608], [-76.5636459, 3.4113086], [-76.5635585, 3.4113792], [-76.5634337, 3.4113958], [-76.5633255, 3.4114041], [-76.5632152, 3.4114519], [-76.5630737, 3.4115017], [-76.5629488, 3.4115931], [-76.5628365, 3.4116637], [-76.5627116, 3.4117136], [-76.5626117, 3.4117385], [-76.5625202, 3.411832], [-76.5624411, 3.4119442], [-76.5624078, 3.4120273], [-76.5623412, 3.4120875], [-76.5622372, 3.4121249], [-76.5621186, 3.4121581], [-76.5620104, 3.4122225], [-76.5619376, 3.4122827], [-76.5618918, 3.4123617], [-76.5618418, 3.4124489], [-76.5617752, 3.4125278], [-76.5617066, 3.4126068], [-76.5616338, 3.4127086], [-76.5615588, 3.4128415], [-76.5615068, 3.4129329], [-76.5614833, 3.4130416], [-76.5614303, 3.4130967], [-76.5614026, 3.4131308], [-76.5613521, 3.4131589], [-76.5613111, 3.4131501], [-76.5612949, 3.4131317], [-76.5612708, 3.4130868], [-76.5612464, 3.4130514], [-76.5611936, 3.4130712], [-76.5611419, 3.4131293], [-76.561106, 3.4131718], [-76.5610241, 3.4131759], [-76.5609263, 3.4132195], [-76.5608389, 3.4132735], [-76.5607556, 3.4133483], [-76.560689, 3.413421], [-76.5606225, 3.4134958], [-76.5605434, 3.4135477], [-76.5604435, 3.4136121], [-76.5603102, 3.413673], [-76.560116, 3.4136289], [-76.5600734, 3.4136263], [-76.5599059, 3.4136032], [-76.5597103, 3.4136344], [-76.5594689, 3.413705], [-76.5593383, 3.4137097], [-76.5592133, 3.4137435], [-76.5590995, 3.4138086], [-76.5590347, 3.4138684], [-76.5588717, 3.413867], [-76.558776, 3.41384], [-76.5587073, 3.4138026], [-76.5586491, 3.4137258], [-76.5586116, 3.4136468], [-76.5585617, 3.4135617], [-76.5585117, 3.4134869], [-76.558468, 3.4134391], [-76.5583598, 3.4133664], [-76.5582641, 3.4133062], [-76.5582121, 3.4132605], [-76.5581456, 3.4131781]]]}}, {"type": "Feature", "properties": {"name": "Belisario Caicedo", "comuna": ""}, "geometry": {"type": "Polygon", "coordinates": [[[-76.5545911, 3.4172222], [-76.5546482, 3.4171886], [-76.5547078, 3.4171535], [-76.5549888, 3.4170109], [-76.5552759, 3.4168665], [-76.5559258, 3.4165448], [-76.5560448, 3.4164755], [-76.5564444, 3.4162754], [-76.5565203, 3.4162454], [-76.5569676, 3.4160684], [-76.5574851, 3.4158344], [-76.5576509, 3.4150964], [-76.5579164, 3.4139221], [-76.5579775, 3.4137197], [-76.558084, 3.4132502], [-76.5581456, 3.4131781], [-76.5580255, 3.4130483], [-76.5578299, 3.4129798], [-76.5577113, 3.4130379], [-76.5576343, 3.4130899], [-76.5575407, 3.4130899], [-76.5574575, 3.4130483], [-76.557393, 3.4129549], [-76.5573451, 3.4128801], [-76.5573056, 3.4128115], [-76.5571786, 3.4127098], [-76.55711, 3.4126786], [-76.5569331, 3.4125685], [-76.556852, 3.4125104], [-76.5567895, 3.412394], [-76.5567791, 3.4122777], [-76.5567625, 3.4121884], [-76.5567188, 3.4121157], [-76.5566189, 3.4120845], [-76.5565336, 3.4120783], [-76.556467, 3.4121219], [-76.5564212, 3.4121946], [-76.556338, 3.4122382], [-76.556209, 3.4122445], [-76.5560633, 3.4121739], [-76.5559738, 3.4120845], [-76.5559385, 3.4120139], [-76.5559052, 3.4119412], [-76.5558261, 3.4118685], [-76.5557553, 3.4118374], [-76.5556415, 3.4118482], [-76.5556444, 3.4122923], [-76.5556383, 3.412666], [-76.5555896, 3.4131196], [-76.555443, 3.4136353], [-76.5548418, 3.4156835], [-76.5547895, 3.4158407], [-76.5547405, 3.4160855], [-76.5546914, 3.4163303], [-76.5546531, 3.4165035], [-76.5545972, 3.4168293], [-76.5544944, 3.4172506], [-76.5545911, 3.4172222]]]}}, {"type": "Feature", "properties": {"name": "Villamercedes I - Villa Luz - Las Garzas", "comuna": ""}, "geometry": {"type": "Polygon", "coordinates": [[[-76.4798118, 3.4119162], [-76.47984, 3.4116457], [-76.4798472, 3.4114087], [-76.4798314, 3.4112208], [-76.4797718, 3.4109965], [-76.4797205, 3.4108203], [-76.4796637, 3.4106545], [-76.4796115, 3.4105646], [-76.4795609, 3.4104983], [-76.4794878, 3.4104305], [-76.479512, 3.4103841], [-76.479575, 3.4102843], [-76.4794914, 3.4098396], [-76.4794459, 3.4094115], [-76.4794001, 3.4087407], [-76.4793599, 3.4083899], [-76.4792941, 3.4081676], [-76.4792526, 3.4080351], [-76.4790541, 3.4077487], [-76.4789971, 3.4077018], [-76.4783061, 3.4072684], [-76.4781964, 3.4075142], [-76.4776906, 3.4073085], [-76.4775332, 3.4072309], [-76.4773815, 3.407158], [-76.4772077, 3.4070768], [-76.4770622, 3.4069976], [-76.4769844, 3.4069391], [-76.4769033, 3.4069203], [-76.4768191, 3.4069263], [-76.4767306, 3.4069508], [-76.4765724, 3.406922], [-76.4765047, 3.4069186], [-76.4764108, 3.406928], [-76.4763303, 3.4069521], [-76.4762391, 3.4070351], [-76.4761656, 3.4071367], [-76.4761581, 3.4079207], [-76.4761568, 3.4079625], [-76.4761743, 3.4082313], [-76.4761982, 3.4085486], [-76.4762369, 3.4088371], [-76.4762709, 3.4091462], [-76.4761206, 3.4092312], [-76.4760144, 3.4092948], [-76.4758356, 3.4094589], [-76.4756397, 3.4096386], [-76.4755647, 3.4097074], [-76.4754457, 3.4098079], [-76.4752461, 3.4099703], [-76.4750382, 3.4101312], [-76.4749787, 3.4101773], [-76.4749435, 3.4102046], [-76.4749079, 3.410232], [-76.4748718, 3.4102601], [-76.4747347, 3.4103663], [-76.4741595, 3.4107496], [-76.4740723, 3.4108324], [-76.4740268, 3.4108847], [-76.4739738, 3.4109707], [-76.4739159, 3.4110646], [-76.4735896, 3.4116439], [-76.4739339, 3.4118373], [-76.4744492, 3.4118549], [-76.4748883, 3.41186], [-76.4752077, 3.4118637], [-76.4752974, 3.4118647], [-76.4759614, 3.4118723], [-76.4768947, 3.4118868], [-76.476947, 3.4118837], [-76.4771081, 3.4118855], [-76.4775264, 3.4118904], [-76.4778954, 3.4118946], [-76.4782689, 3.4118989], [-76.4786541, 3.4119033], [-76.4790324, 3.4119077], [-76.4794303, 3.4119123], [-76.4796435, 3.4119147], [-76.4797508, 3.411916], [-76.4798118, 3.4119162]]]}}, {"type": "Feature", "properties": {"name": "Pizamos III - Las Dalias", "comuna": ""}, "geometry": {"type": "Polygon", "coordinates": [[[-76.4773815, 3.407158], [-76.4775332, 3.4072309], [-76.4776906, 3.4073085], [-76.4781964, 3.4075142], [-76.4783061, 3.4072684], [-76.4780807, 3.4070297], [-76.4775228, 3.4067469], [-76.4768963, 3.4063871], [-76.4764757, 3.4059929], [-76.4761879, 3.4056259], [-76.4759178, 3.4056159], [-76.4756065, 3.4055875], [-76.4755916, 3.4056118], [-76.4736113, 3.409074], [-76.4735208, 3.4092489], [-76.4734053, 3.4094676], [-76.4737366, 3.4096269], [-76.4745118, 3.4100191], [-76.4749079, 3.410232], [-76.4749435, 3.4102046], [-76.4749787, 3.4101773], [-76.4750382, 3.4101312], [-76.4752461, 3.4099703], [-76.4754457, 3.4098079], [-76.4755647, 3.4097074], [-76.4756397, 3.4096386], [-76.4758356, 3.4094589], [-76.4760144, 3.4092948], [-76.4761206, 3.4092312], [-76.4762709, 3.4091462], [-76.4762369, 3.4088371], [-76.4761982, 3.4085486], [-76.4761743, 3.4082313], [-76.4761568, 3.4079625], [-76.4761581, 3.4079207], [-76.4761656, 3.4071367], [-76.4762391, 3.4070351], [-76.4763303, 3.4069521], [-76.4764108, 3.406928], [-76.4765047, 3.4069186], [-76.4765724, 3.406922], [-76.4767306, 3.4069508], [-76.4768191, 3.4069263], [-76.4769033, 3.4069203], [-76.4769844, 3.4069391], [-76.4770622, 3.4069976], [-76.4772077, 3.4070768], [-76.4773815, 3.407158]]]}}, {"type": "Feature", "properties": {"name": "Pizamos I", "comuna": ""}, "geometry": {"type": "Polygon", "coordinates": [[[-76.4759178, 3.4056159], [-76.4761879, 3.4056259], [-76.4761324, 3.405556], [-76.476098, 3.4052561], [-76.4763193, 3.4046489], [-76.4769563, 3.4036282], [-76.4770626, 3.4033428], [-76.4769834, 3.4031006], [-76.4769327, 3.4030322], [-76.4765576, 3.4024358], [-76.4765341, 3.4023987], [-76.4764328, 3.4022402], [-76.4761874, 3.4018061], [-76.4760624, 3.4015775], [-76.4755398, 3.4007331], [-76.4754847, 3.4006413], [-76.474934, 3.3997646], [-76.4747924, 3.3995697], [-76.4748725, 3.3995208], [-76.4748347, 3.3994487], [-76.4745496, 3.3993496], [-76.4743636, 3.3993822], [-76.4742022, 3.3994673], [-76.4739866, 3.3997469], [-76.4738694, 3.399984], [-76.4736127, 3.4005169], [-76.4734857, 3.4007196], [-76.4733085, 3.4009293], [-76.4729395, 3.4010407], [-76.4728378, 3.4010801], [-76.4728089, 3.4011052], [-76.4727992, 3.4013368], [-76.4728079, 3.4014235], [-76.4728196, 3.4014666], [-76.4728408, 3.4015048], [-76.4728904, 3.4015831], [-76.4729011, 3.401642], [-76.4729045, 3.4016966], [-76.4728874, 3.4018429], [-76.4729682, 3.4018415], [-76.4729883, 3.4025249], [-76.4731693, 3.4028997], [-76.4737109, 3.4033841], [-76.4744101, 3.4040239], [-76.4750024, 3.4046844], [-76.4757577, 3.4053403], [-76.4756065, 3.4055875], [-76.4759178, 3.4056159]]]}}, {"type": "Feature", "properties": {"name": "Ciudad Talanga", "comuna": ""}, "geometry": {"type": "Polygon", "coordinates": [[[-76.4704568, 3.4321693], [-76.4703986, 3.4321804], [-76.4702648, 3.4322058], [-76.4700431, 3.432248], [-76.4698349, 3.4322875], [-76.4696413, 3.4323243], [-76.4694165, 3.4323671], [-76.469203, 3.4324076], [-76.4689979, 3.4324466], [-76.4688177, 3.4324809], [-76.4686105, 3.4325203], [-76.4681345, 3.432598], [-76.4675338, 3.4327139], [-76.4673058, 3.4327579], [-76.4666664, 3.4328814], [-76.4662657, 3.4329564], [-76.4660498, 3.432998], [-76.4652809, 3.4331468], [-76.4641712, 3.4333629], [-76.4640414, 3.433388], [-76.4637984, 3.433435], [-76.4627956, 3.4336284], [-76.4627085, 3.4336462], [-76.4627927, 3.4339329], [-76.4630543, 3.4348241], [-76.4630667, 3.4348663], [-76.4631355, 3.4349089], [-76.4631578, 3.4349527], [-76.4631748, 3.435015], [-76.4631584, 3.4351114], [-76.4633405, 3.4354086], [-76.4636327, 3.4357417], [-76.4637409, 3.4358328], [-76.4638979, 3.4359402], [-76.4641028, 3.4360624], [-76.4642641, 3.4361596], [-76.4644431, 3.4362674], [-76.464525, 3.4363168], [-76.4646333, 3.4363901], [-76.4646867, 3.4364262], [-76.464787, 3.4364941], [-76.4649686, 3.4366207], [-76.4652353, 3.4365299], [-76.4655186, 3.4364319], [-76.4657919, 3.4363282], [-76.4659335, 3.4362363], [-76.4660184, 3.4361825], [-76.4660733, 3.4362089], [-76.4661258, 3.4362325], [-76.4663306, 3.4361503], [-76.4666137, 3.4360386], [-76.4677224, 3.435686], [-76.4679306, 3.4355973], [-76.4681025, 3.435538], [-76.4682989, 3.4354376], [-76.4685208, 3.4353511], [-76.4687323, 3.4352766], [-76.4688985, 3.4352136], [-76.469122, 3.4351421], [-76.469194, 3.4351189], [-76.4692929, 3.4350856], [-76.4694696, 3.4350241], [-76.4695452, 3.4349924], [-76.4697105, 3.4349323], [-76.4698754, 3.4348694], [-76.4700867, 3.4348536], [-76.4702939, 3.4347822], [-76.4704334, 3.4347334], [-76.470504, 3.4347093], [-76.4706987, 3.4346418], [-76.4708808, 3.4345786], [-76.4709858, 3.4345421], [-76.4710629, 3.4345154], [-76.4712367, 3.4344551], [-76.4712733, 3.4344424], [-76.4713779, 3.4344061], [-76.4714632, 3.4343765], [-76.4716059, 3.434327], [-76.4716808, 3.434301], [-76.4717958, 3.4342611], [-76.4720009, 3.4341899], [-76.4720581, 3.4341701], [-76.4733074, 3.4336152], [-76.4732214, 3.4335036], [-76.4730357, 3.4332491], [-76.472812, 3.4329538], [-76.4726246, 3.4327151], [-76.4724521, 3.4324953], [-76.4722784, 3.4322741], [-76.4720996, 3.4320464], [-76.4717429, 3.431592], [-76.471709, 3.4315488], [-76.4707219, 3.4322384], [-76.4704568, 3.4321693]]]}}, {"type": "Feature", "properties": {"name": "Valle Grande", "comuna": ""}, "geometry": {"type": "Polygon", "coordinates": [[[-76.4660184, 3.4361825], [-76.4659335, 3.4362363], [-76.4657919, 3.4363282], [-76.4655186, 3.4364319], [-76.4652353, 3.4365299], [-76.4649686, 3.4366207], [-76.465026, 3.4366729], [-76.4651228, 3.436765], [-76.4652986, 3.4369321], [-76.4654329, 3.4370604], [-76.4655909, 3.4372398], [-76.4657459, 3.4374099], [-76.4658769, 3.4375535], [-76.4660817, 3.4377781], [-76.4662923, 3.438008], [-76.4664175, 3.4381447], [-76.4671272, 3.4388567], [-76.4673011, 3.4390345], [-76.4674426, 3.439195], [-76.4676019, 3.4393695], [-76.4677725, 3.4395602], [-76.4679599, 3.4397524], [-76.4680917, 3.4398868], [-76.4682126, 3.4400036], [-76.4682569, 3.4400464], [-76.4683573, 3.4401235], [-76.4684341, 3.4401668], [-76.468644, 3.4402838], [-76.4688223, 3.4403883], [-76.4688751, 3.4404172], [-76.4690079, 3.4404801], [-76.4691518, 3.4405219], [-76.4692055, 3.4405298], [-76.469264, 3.4405377], [-76.4693848, 3.4405281], [-76.4694608, 3.4405181], [-76.4697555, 3.4404837], [-76.4699972, 3.4404448], [-76.4717586, 3.4401277], [-76.4725152, 3.440006], [-76.4726223, 3.4399891], [-76.4727672, 3.4399615], [-76.4728271, 3.4399527], [-76.4729065, 3.4399481], [-76.4729762, 3.4399634], [-76.4730467, 3.4399925], [-76.4731026, 3.4400228], [-76.4733084, 3.4401339], [-76.4734807, 3.4402268], [-76.473673, 3.4403306], [-76.4738453, 3.4404236], [-76.4743231, 3.4409962], [-76.474433, 3.4408882], [-76.4754502, 3.4400478], [-76.4757035, 3.4398379], [-76.4758915, 3.4396822], [-76.4762486, 3.4393806], [-76.4764493, 3.439211], [-76.4768182, 3.438915], [-76.4773409, 3.4383973], [-76.4766617, 3.437928], [-76.4764761, 3.4377835], [-76.4760572, 3.4372475], [-76.4759741, 3.4371369], [-76.4759543, 3.4370925], [-76.4759208, 3.4369791], [-76.4758662, 3.4369025], [-76.4752642, 3.4361502], [-76.4750683, 3.4358924], [-76.4749218, 3.4356998], [-76.4747772, 3.4355093], [-76.4746245, 3.4353075], [-76.4744424, 3.4350862], [-76.4742837, 3.4348789], [-76.4741261, 3.4346742], [-76.473925, 3.4344233], [-76.4738018, 3.4342696], [-76.4737564, 3.4342091], [-76.4734222, 3.4337643], [-76.4733074, 3.4336152], [-76.4720581, 3.4341701], [-76.4720009, 3.4341899], [-76.4717958, 3.4342611], [-76.4716808, 3.434301], [-76.4716059, 3.434327], [-76.4714632, 3.4343765], [-76.4713779, 3.4344061], [-76.4712733, 3.4344424], [-76.4712367, 3.4344551], [-76.4710629, 3.4345154], [-76.4709858, 3.4345421], [-76.4708808, 3.4345786], [-76.4706987, 3.4346418], [-76.470504, 3.4347093], [-76.4704334, 3.4347334], [-76.4702939, 3.4347822], [-76.4700867, 3.4348536], [-76.4698754, 3.4348694], [-76.4697105, 3.4349323], [-76.4695452, 3.4349924], [-76.4694696, 3.4350241], [-76.4692929, 3.4350856], [-76.469194, 3.4351189], [-76.469122, 3.4351421], [-76.4688985, 3.4352136], [-76.4687323, 3.4352766], [-76.4685208, 3.4353511], [-76.4682989, 3.4354376], [-76.4681025, 3.435538], [-76.4679306, 3.4355973], [-76.4677224, 3.435686], [-76.4666137, 3.4360386], [-76.4663306, 3.4361503], [-76.4661258, 3.4362325], [-76.4660733, 3.4362089], [-76.4660184, 3.4361825]]]}}, {"type": "Feature", "properties": {"name": "Parcelaciones Pance", "comuna": ""}, "geometry": {"type": "Polygon", "coordinates": [[[-76.5245819, 3.3472993], [-76.5245283, 3.3485696], [-76.5244176, 3.3509783], [-76.5243962, 3.3513865], [-76.5243577, 3.3521222], [-76.5241266, 3.3565396], [-76.5241098, 3.3568935], [-76.5241272, 3.3573711], [-76.5241312, 3.3574793], [-76.5241848, 3.357972], [-76.5242762, 3.3585022], [-76.5243036, 3.3587079], [-76.5244746, 3.3597258], [-76.5247186, 3.3610057], [-76.5248527, 3.3618599], [-76.5248645, 3.3619268], [-76.5250976, 3.3618907], [-76.5253087, 3.3619658], [-76.5255515, 3.3620298], [-76.5256937, 3.3621476], [-76.5258492, 3.3623326], [-76.5260986, 3.3626796], [-76.5263304, 3.3629195], [-76.5268539, 3.3630813], [-76.5273607, 3.3630299], [-76.5276484, 3.3630701], [-76.5276908, 3.3629653], [-76.5276685, 3.3628317], [-76.5277421, 3.3627426], [-76.5278581, 3.3625801], [-76.5279496, 3.3625378], [-76.5280321, 3.3625311], [-76.5281258, 3.3626157], [-76.5282083, 3.3626914], [-76.5282797, 3.3626113], [-76.5282797, 3.3624821], [-76.5282507, 3.3624265], [-76.5282507, 3.3623329], [-76.5283533, 3.3622394], [-76.5285183, 3.3621147], [-76.528641, 3.3620702], [-76.5287213, 3.3620813], [-76.5287927, 3.3621504], [-76.5288797, 3.3621548], [-76.529009, 3.3621014], [-76.5290983, 3.3620145], [-76.5291719, 3.3618698], [-76.5292365, 3.3618208], [-76.5293035, 3.361783], [-76.5293815, 3.361803], [-76.5294908, 3.3618253], [-76.5296202, 3.3617852], [-76.5297696, 3.3616405], [-76.5298611, 3.361518], [-76.529957, 3.3613643], [-76.5300373, 3.3613287], [-76.5301555, 3.361302], [-76.5303451, 3.3612686], [-76.5304098, 3.3611751], [-76.5304856, 3.3609702], [-76.5305614, 3.3608433], [-76.5306507, 3.3607186], [-76.5307711, 3.3604759], [-76.5308403, 3.3603245], [-76.5309116, 3.3601553], [-76.5310009, 3.3601263], [-76.5312864, 3.3600083], [-76.5313577, 3.359946], [-76.5314336, 3.359799], [-76.5315161, 3.3597122], [-76.531583, 3.3596098], [-76.5320583, 3.3606669], [-76.5323483, 3.3600427], [-76.5327367, 3.3594194], [-76.5332041, 3.3589022], [-76.5334401, 3.3586909], [-76.5337646, 3.3584604], [-76.5339466, 3.3583582], [-76.534062, 3.3583222], [-76.5341531, 3.3583022], [-76.5343491, 3.3583239], [-76.5346397, 3.3584029], [-76.5346812, 3.3577768], [-76.5353832, 3.3574311], [-76.5364185, 3.3569919], [-76.5366404, 3.3569592], [-76.5368342, 3.3569759], [-76.5372553, 3.3571526], [-76.53735, 3.3572191], [-76.5394744, 3.356881], [-76.5396684, 3.3569061], [-76.5398691, 3.3570105], [-76.5401878, 3.3573082], [-76.5410601, 3.3564393], [-76.5411266, 3.3564455], [-76.5415171, 3.3564837], [-76.5420794, 3.3565412], [-76.5419908, 3.3571171], [-76.5431479, 3.3572312], [-76.5434076, 3.3572297], [-76.5439455, 3.357272], [-76.5439942, 3.3572758], [-76.5442183, 3.356253], [-76.5448728, 3.3558929], [-76.5449232, 3.3558401], [-76.5451437, 3.3559584], [-76.5452912, 3.3559531], [-76.5454371, 3.3558584], [-76.5457053, 3.3553537], [-76.5457915, 3.3552689], [-76.5463155, 3.3549086], [-76.5458707, 3.3539513], [-76.5458577, 3.3538451], [-76.5464949, 3.353375], [-76.5471419, 3.3528734], [-76.5482028, 3.3515283], [-76.5483205, 3.3512869], [-76.548347, 3.3509938], [-76.5483195, 3.3506835], [-76.5484477, 3.3506585], [-76.5488214, 3.3506022], [-76.5488103, 3.3504478], [-76.5489163, 3.3502885], [-76.5490383, 3.3501694], [-76.5491926, 3.350085], [-76.5494111, 3.350006], [-76.5495667, 3.3499873], [-76.5498202, 3.3500007], [-76.5502185, 3.350073], [-76.5505081, 3.3501908], [-76.5506262, 3.3502765], [-76.5505779, 3.3508602], [-76.5508273, 3.3508602], [-76.5513182, 3.3510516], [-76.5517353, 3.3510041], [-76.5520182, 3.3510637], [-76.5521168, 3.3510848], [-76.5523555, 3.3504893], [-76.5527216, 3.3504251], [-76.5531904, 3.3503856], [-76.5534537, 3.3501532], [-76.5535642, 3.3500021], [-76.5541036, 3.3488915], [-76.5544449, 3.3482002], [-76.5547039, 3.3476734], [-76.5538944, 3.3473806], [-76.5537322, 3.3473325], [-76.5532011, 3.3471503], [-76.5528891, 3.3470214], [-76.551518, 3.3463952], [-76.5512592, 3.3462493], [-76.551058, 3.3461181], [-76.5507482, 3.3458932], [-76.5504767, 3.3456861], [-76.5504908, 3.3456457], [-76.5505225, 3.3455923], [-76.5515656, 3.3426005], [-76.5518842, 3.3416867], [-76.5519838, 3.3414011], [-76.5516422, 3.341241], [-76.5514201, 3.3410654], [-76.5512587, 3.3408576], [-76.5510361, 3.3406117], [-76.5508863, 3.3404335], [-76.5508054, 3.3401549], [-76.5507978, 3.3398685], [-76.5507464, 3.3396355], [-76.5505737, 3.3394438], [-76.5503928, 3.3391268], [-76.5502046, 3.3385526], [-76.5501789, 3.3381242], [-76.550093, 3.3376101], [-76.5501188, 3.3372245], [-76.5501836, 3.3370221], [-76.550248, 3.3366981], [-76.5502989, 3.3363447], [-76.5503338, 3.3360019], [-76.5504035, 3.3356994], [-76.5504706, 3.3355313], [-76.5505059, 3.3354637], [-76.5505787, 3.3353699], [-76.5507368, 3.3351681], [-76.5509942, 3.3344569], [-76.5511096, 3.3340498], [-76.5513059, 3.3337412], [-76.5513543, 3.3334912], [-76.5512947, 3.3332402], [-76.5512668, 3.332947], [-76.5510694, 3.3326741], [-76.5508509, 3.3324708], [-76.55074, 3.3323737], [-76.5506461, 3.3322025], [-76.5442062, 3.3324198], [-76.5441902, 3.3324224], [-76.5437862, 3.3324558], [-76.5433906, 3.3324886], [-76.5430649, 3.3325141], [-76.5427382, 3.3325397], [-76.542668, 3.3325357], [-76.5425918, 3.3325249], [-76.5425306, 3.3325201], [-76.5424383, 3.332517], [-76.5423823, 3.332517], [-76.5423013, 3.3325195], [-76.5420095, 3.3325397], [-76.541744, 3.3325581], [-76.5408394, 3.3326209], [-76.5405147, 3.3326588], [-76.5398852, 3.3327156], [-76.5397727, 3.3327236], [-76.5390673, 3.3327736], [-76.538451, 3.3328137], [-76.5369655, 3.3329379], [-76.5360333, 3.3329921], [-76.5356766, 3.3330083], [-76.5353881, 3.333022], [-76.5342432, 3.333086], [-76.5336263, 3.3331304], [-76.5329867, 3.3331952], [-76.5328156, 3.3331979], [-76.5327298, 3.3332048], [-76.5326913, 3.3332076], [-76.5325941, 3.3332189], [-76.5325372, 3.3332397], [-76.5324188, 3.333286], [-76.5323084, 3.3333467], [-76.5309803, 3.3340178], [-76.5308851, 3.3340647], [-76.5297948, 3.3346256], [-76.5291604, 3.334963], [-76.5288504, 3.3350663], [-76.5285316, 3.3351379], [-76.5282807, 3.3351665], [-76.5281137, 3.3351621], [-76.5279979, 3.335159], [-76.5277552, 3.3351345], [-76.5274344, 3.3350607], [-76.5273783, 3.335042], [-76.5265296, 3.3347486], [-76.5261886, 3.3346845], [-76.5260674, 3.3346843], [-76.525823, 3.3346838], [-76.5254766, 3.3347433], [-76.5250221, 3.3348947], [-76.5249628, 3.3349135], [-76.5250136, 3.3361118], [-76.5249604, 3.3380008], [-76.5248905, 3.3387534], [-76.5246649, 3.3418525], [-76.5246032, 3.3431166], [-76.5245571, 3.3436007], [-76.524614, 3.3465654], [-76.5245819, 3.3472993]]]}}, {"type": "Feature", "properties": {"name": "Urbanizaci\u00f3n R\u00edo Lili", "comuna": ""}, "geometry": {"type": "Polygon", "coordinates": [[[-76.5297296, 3.3673094], [-76.5297546, 3.3672486], [-76.5297992, 3.3671677], [-76.5298535, 3.3670975], [-76.5311305, 3.3652037], [-76.5310032, 3.3651267], [-76.5307068, 3.3649567], [-76.5305995, 3.3647104], [-76.5305351, 3.3645176], [-76.5304171, 3.3642284], [-76.5302786, 3.3640334], [-76.5300468, 3.3638106], [-76.5297636, 3.3637507], [-76.5294889, 3.363605], [-76.5293344, 3.3635193], [-76.5292314, 3.3635365], [-76.5291027, 3.3634079], [-76.5287164, 3.3634508], [-76.528459, 3.3631937], [-76.5281843, 3.3631766], [-76.5278244, 3.3630947], [-76.5276484, 3.3630701], [-76.5273607, 3.3630299], [-76.5268539, 3.3630813], [-76.5263304, 3.3629195], [-76.5260986, 3.3626796], [-76.5258492, 3.3623326], [-76.5256937, 3.3621476], [-76.5255515, 3.3620298], [-76.5253087, 3.3619658], [-76.5250976, 3.3618907], [-76.5248645, 3.3619268], [-76.5247616, 3.3619428], [-76.5244294, 3.3620216], [-76.5242787, 3.3620573], [-76.5243156, 3.3624509], [-76.5243957, 3.3632251], [-76.5244367, 3.36352], [-76.5244966, 3.3638043], [-76.5245669, 3.36379], [-76.5246885, 3.3641119], [-76.5248448, 3.3643727], [-76.5249849, 3.3645474], [-76.5251346, 3.3647333], [-76.5251901, 3.3647934], [-76.5253693, 3.3649877], [-76.5255207, 3.3651343], [-76.5258727, 3.3653815], [-76.5259955, 3.3654677], [-76.5260685, 3.36551], [-76.5261685, 3.3655634], [-76.5262764, 3.3656225], [-76.5263903, 3.3656836], [-76.5266869, 3.3658385], [-76.5268457, 3.3659164], [-76.5270203, 3.3659848], [-76.5271803, 3.3660322], [-76.527348, 3.3660845], [-76.5273447, 3.3661406], [-76.5273426, 3.3661746], [-76.5275058, 3.3662048], [-76.5276229, 3.3662437], [-76.5277262, 3.3662961], [-76.5280432, 3.3664759], [-76.5285765, 3.3667828], [-76.5286434, 3.3668188], [-76.5295169, 3.367211], [-76.5297296, 3.3673094]]]}}, {"type": "Feature", "properties": {"name": "Ciudad Campestre", "comuna": ""}, "geometry": {"type": "Polygon", "coordinates": [[[-76.5371997, 3.3684586], [-76.5371893, 3.368867], [-76.5371715, 3.3694715], [-76.5371405, 3.371025], [-76.5372205, 3.371068], [-76.5373146, 3.3711229], [-76.5374069, 3.3711657], [-76.5377596, 3.3713666], [-76.5380573, 3.3715279], [-76.5382893, 3.3716731], [-76.5391745, 3.3721511], [-76.5398854, 3.3725358], [-76.5401121, 3.3726483], [-76.5402653, 3.3727393], [-76.540311, 3.3727608], [-76.5403754, 3.3725991], [-76.5404452, 3.3724451], [-76.5406586, 3.3719757], [-76.5409613, 3.3714044], [-76.5415274, 3.3703868], [-76.5416182, 3.3702167], [-76.5417132, 3.3700532], [-76.5417399, 3.3699433], [-76.5417556, 3.3697773], [-76.5417528, 3.3694922], [-76.5417253, 3.3692755], [-76.541713, 3.3692123], [-76.5416695, 3.3687738], [-76.5413391, 3.3685712], [-76.5410535, 3.3684331], [-76.540809, 3.3683149], [-76.5406514, 3.3682529], [-76.5405118, 3.368221], [-76.5400756, 3.3682333], [-76.5398289, 3.3682084], [-76.5396935, 3.3681695], [-76.5393994, 3.3680443], [-76.5392601, 3.3680094], [-76.539166, 3.3680053], [-76.5383914, 3.3680737], [-76.5379594, 3.3681066], [-76.5378328, 3.3681387], [-76.5377209, 3.3681823], [-76.5374579, 3.3683262], [-76.5373031, 3.3684153], [-76.5372557, 3.3684365], [-76.5371997, 3.3684586]]]}}, {"type": "Feature", "properties": {"name": "Ciudad Jard\u00edn", "comuna": ""}, "geometry": {"type": "Polygon", "coordinates": [[[-76.531583, 3.3596098], [-76.5315161, 3.3597122], [-76.5314336, 3.359799], [-76.5313577, 3.359946], [-76.5312864, 3.3600083], [-76.5310009, 3.3601263], [-76.5309116, 3.3601553], [-76.5308403, 3.3603245], [-76.5307711, 3.3604759], [-76.5306507, 3.3607186], [-76.5305614, 3.3608433], [-76.5304856, 3.3609702], [-76.5304098, 3.3611751], [-76.5303451, 3.3612686], [-76.5301555, 3.361302], [-76.5300373, 3.3613287], [-76.529957, 3.3613643], [-76.5298611, 3.361518], [-76.5297696, 3.3616405], [-76.5296202, 3.3617852], [-76.5294908, 3.3618253], [-76.5293815, 3.361803], [-76.5293035, 3.361783], [-76.5292365, 3.3618208], [-76.5291719, 3.3618698], [-76.5290983, 3.3620145], [-76.529009, 3.3621014], [-76.5288797, 3.3621548], [-76.5287927, 3.3621504], [-76.5287213, 3.3620813], [-76.528641, 3.3620702], [-76.5285183, 3.3621147], [-76.5283533, 3.3622394], [-76.5282507, 3.3623329], [-76.5282507, 3.3624265], [-76.5282797, 3.3624821], [-76.5282797, 3.3626113], [-76.5282083, 3.3626914], [-76.5281258, 3.3626157], [-76.5280321, 3.3625311], [-76.5279496, 3.3625378], [-76.5278581, 3.3625801], [-76.5277421, 3.3627426], [-76.5276685, 3.3628317], [-76.5276908, 3.3629653], [-76.5276484, 3.3630701], [-76.5278244, 3.3630947], [-76.5281843, 3.3631766], [-76.528459, 3.3631937], [-76.5287164, 3.3634508], [-76.5291027, 3.3634079], [-76.5292314, 3.3635365], [-76.5293344, 3.3635193], [-76.5294889, 3.363605], [-76.5297636, 3.3637507], [-76.5300468, 3.3638106], [-76.5302786, 3.3640334], [-76.5304171, 3.3642284], [-76.5305351, 3.3645176], [-76.5305995, 3.3647104], [-76.5307068, 3.3649567], [-76.5310032, 3.3651267], [-76.5311305, 3.3652037], [-76.5298535, 3.3670975], [-76.5297992, 3.3671677], [-76.5297546, 3.3672486], [-76.5297296, 3.3673094], [-76.529808, 3.3673463], [-76.5304615, 3.3676659], [-76.5311159, 3.3680064], [-76.5319218, 3.3684212], [-76.5325856, 3.3687466], [-76.5328114, 3.3688632], [-76.5334654, 3.3692044], [-76.5343934, 3.369685], [-76.5352397, 3.3701081], [-76.535878, 3.370416], [-76.5361999, 3.3705619], [-76.536448, 3.3706021], [-76.5365469, 3.3706108], [-76.5367983, 3.3707666], [-76.5370308, 3.3709524], [-76.5370954, 3.3709939], [-76.5371405, 3.371025], [-76.5371715, 3.3694715], [-76.5371893, 3.368867], [-76.5371997, 3.3684586], [-76.5372557, 3.3684365], [-76.5373031, 3.3684153], [-76.5374579, 3.3683262], [-76.5377209, 3.3681823], [-76.5378328, 3.3681387], [-76.5379594, 3.3681066], [-76.5383914, 3.3680737], [-76.539166, 3.3680053], [-76.5392601, 3.3680094], [-76.5393994, 3.3680443], [-76.5396935, 3.3681695], [-76.5398289, 3.3682084], [-76.5400756, 3.3682333], [-76.5405118, 3.368221], [-76.5406514, 3.3682529], [-76.540809, 3.3683149], [-76.5410535, 3.3684331], [-76.5413391, 3.3685712], [-76.5416695, 3.3687738], [-76.5415641, 3.3676315], [-76.5415822, 3.3675054], [-76.5416072, 3.3673791], [-76.5415399, 3.367211], [-76.5415318, 3.3670062], [-76.5414943, 3.3668187], [-76.5414246, 3.366567], [-76.5414675, 3.3664278], [-76.5415158, 3.3663261], [-76.5415694, 3.3661654], [-76.541682, 3.3660315], [-76.5417089, 3.3659137], [-76.5416606, 3.365753], [-76.5416177, 3.3656245], [-76.5415909, 3.3654799], [-76.5415211, 3.3653835], [-76.5414782, 3.3652711], [-76.541505, 3.3651961], [-76.5418054, 3.3650622], [-76.5419878, 3.3648962], [-76.5424009, 3.3645481], [-76.5427335, 3.3643553], [-76.5430124, 3.3642322], [-76.5433879, 3.3641733], [-76.5436401, 3.3642322], [-76.543801, 3.3643179], [-76.5439405, 3.3644196], [-76.5441121, 3.364516], [-76.5442892, 3.3646231], [-76.5444447, 3.364591], [-76.5446057, 3.3644732], [-76.5446226, 3.3644497], [-76.5422925, 3.3610258], [-76.5423958, 3.3607714], [-76.5428228, 3.3596027], [-76.5430328, 3.3594125], [-76.5436229, 3.3588094], [-76.5441057, 3.3582344], [-76.5441981, 3.3580215], [-76.5441218, 3.3577202], [-76.5440211, 3.3575168], [-76.5439942, 3.3572758], [-76.5439455, 3.357272], [-76.5434076, 3.3572297], [-76.5431479, 3.3572312], [-76.5419908, 3.3571171], [-76.5420794, 3.3565412], [-76.5415171, 3.3564837], [-76.5411266, 3.3564455], [-76.5410601, 3.3564393], [-76.5401878, 3.3573082], [-76.5398691, 3.3570105], [-76.5396684, 3.3569061], [-76.5394744, 3.356881], [-76.53735, 3.3572191], [-76.5372553, 3.3571526], [-76.5368342, 3.3569759], [-76.5366404, 3.3569592], [-76.5364185, 3.3569919], [-76.5353832, 3.3574311], [-76.5346812, 3.3577768], [-76.5346397, 3.3584029], [-76.5343491, 3.3583239], [-76.5341531, 3.3583022], [-76.534062, 3.3583222], [-76.5339466, 3.3583582], [-76.5337646, 3.3584604], [-76.5334401, 3.3586909], [-76.5332041, 3.3589022], [-76.5327367, 3.3594194], [-76.5323483, 3.3600427], [-76.5320583, 3.3606669], [-76.531583, 3.3596098]]]}}, {"type": "Feature", "properties": {"name": "Ciudad Pac\u00edfica", "comuna": ""}, "geometry": {"type": "Polygon", "coordinates": [[[-76.5119657, 3.3457062], [-76.5126477, 3.3472708], [-76.5127897, 3.3475955], [-76.5128506, 3.3475697], [-76.5129839, 3.3477528], [-76.5131904, 3.3479153], [-76.5134756, 3.3480587], [-76.5135594, 3.3480828], [-76.5136626, 3.3481029], [-76.5142301, 3.34802], [-76.5156689, 3.3477836], [-76.5161477, 3.3477615], [-76.5173531, 3.3474933], [-76.5184688, 3.3471076], [-76.5188688, 3.3469689], [-76.5192477, 3.3468391], [-76.5196547, 3.3466956], [-76.5199064, 3.3466294], [-76.5201444, 3.3466066], [-76.5203554, 3.3466168], [-76.5211393, 3.3467164], [-76.5213915, 3.346737], [-76.5215221, 3.3467498], [-76.5218268, 3.3468026], [-76.5224457, 3.3468719], [-76.5238591, 3.347058], [-76.5239656, 3.3470594], [-76.523965, 3.3469934], [-76.5239824, 3.3465092], [-76.5239945, 3.3456185], [-76.5239964, 3.3453831], [-76.5239863, 3.3440826], [-76.5239577, 3.343938], [-76.5239172, 3.3438265], [-76.523879, 3.3437554], [-76.5238378, 3.3436959], [-76.5237865, 3.3436365], [-76.5235541, 3.3433955], [-76.5233776, 3.3432169], [-76.5233144, 3.3430059], [-76.5231687, 3.3428586], [-76.5226782, 3.3423803], [-76.5226377, 3.3423463], [-76.5223283, 3.3424681], [-76.5213618, 3.3427998], [-76.5205754, 3.3430675], [-76.5204588, 3.3431076], [-76.5201878, 3.343202], [-76.5192529, 3.343526], [-76.5191264, 3.3435686], [-76.5186721, 3.3437245], [-76.5176196, 3.3440785], [-76.5174184, 3.3441052], [-76.5158773, 3.3442025], [-76.514582, 3.3442719], [-76.5140254, 3.344304], [-76.5136781, 3.3443268], [-76.5132261, 3.3443596], [-76.5124049, 3.3444079], [-76.5113693, 3.3444633], [-76.5113717, 3.3444943], [-76.5119657, 3.3457062]]]}}, {"type": "Feature", "properties": {"name": "Urbanizaci\u00f3n San Joaqu\u00edn", "comuna": ""}, "geometry": {"type": "Polygon", "coordinates": [[[-76.5268047, 3.3782357], [-76.5268417, 3.3782361], [-76.5277758, 3.3782468], [-76.5278267, 3.3782474], [-76.528911, 3.3782679], [-76.5289511, 3.3777389], [-76.5289927, 3.3772402], [-76.5290227, 3.3767541], [-76.5290546, 3.3762609], [-76.5281079, 3.3762587], [-76.5277222, 3.376259], [-76.5277255, 3.3767366], [-76.5271553, 3.3767263], [-76.5268263, 3.3767173], [-76.5268191, 3.3772212], [-76.526812, 3.3777191], [-76.5268047, 3.3782357]]]}}, {"type": "Feature", "properties": {"name": "Urbanizaci\u00f3n San Joaqu\u00edn", "comuna": ""}, "geometry": {"type": "Polygon", "coordinates": [[[-76.5291029, 3.375464], [-76.5290672, 3.3754171], [-76.5290104, 3.3753599], [-76.5289191, 3.3753056], [-76.5288261, 3.3752737], [-76.5287133, 3.3752598], [-76.5286004, 3.3752728], [-76.5284937, 3.3753119], [-76.5281442, 3.3754802], [-76.5275006, 3.3758314], [-76.5269816, 3.3761205], [-76.5269146, 3.3762095], [-76.5268649, 3.376309], [-76.5268306, 3.3764159], [-76.5268263, 3.3767173], [-76.5271479, 3.3765551], [-76.5277222, 3.376259], [-76.5280322, 3.3760829], [-76.5291029, 3.375464]]]}}, {"type": "Feature", "properties": {"name": "Las Vegas de Comfand\u00ed", "comuna": ""}, "geometry": {"type": "Polygon", "coordinates": [[[-76.5100808, 3.3846011], [-76.51121, 3.3846562], [-76.5115666, 3.3846737], [-76.5116939, 3.3846799], [-76.5116966, 3.3846111], [-76.5117262, 3.3835936], [-76.5116212, 3.3835952], [-76.5116381, 3.3832606], [-76.5116927, 3.3821813], [-76.5117115, 3.3818087], [-76.5117401, 3.381244], [-76.5117717, 3.3806188], [-76.5106832, 3.3805624], [-76.510693, 3.3803842], [-76.5106985, 3.3802762], [-76.5107424, 3.379486], [-76.5107597, 3.3791732], [-76.5107982, 3.3784736], [-76.5094194, 3.3781582], [-76.5080158, 3.3778467], [-76.5068778, 3.3775793], [-76.5068547, 3.3789817], [-76.5068511, 3.3793055], [-76.5068376, 3.3796836], [-76.5068253, 3.380086], [-76.5068097, 3.3803772], [-76.5067675, 3.3815733], [-76.5076733, 3.3825346], [-76.5081636, 3.3830924], [-76.5090036, 3.3839952], [-76.50981, 3.3840276], [-76.5097996, 3.3842428], [-76.5097829, 3.3845868], [-76.5099509, 3.3845949], [-76.5100808, 3.3846011]]]}}, {"type": "Feature", "properties": {"name": "Miraflores", "comuna": ""}, "geometry": {"type": "Polygon", "coordinates": [[[-76.5430745, 3.4384925], [-76.5430374, 3.4383771], [-76.5429648, 3.4382729], [-76.5428976, 3.4382028], [-76.54286, 3.4381758], [-76.5428343, 3.4381574], [-76.5427532, 3.4381233], [-76.5426612, 3.4381323], [-76.5425257, 3.4381606], [-76.5423943, 3.4381949], [-76.542228, 3.4382196], [-76.542129, 3.4382292], [-76.5420257, 3.4381986], [-76.541856, 3.4381233], [-76.5417018, 3.4379503], [-76.5412559, 3.4373733], [-76.5407274, 3.436675], [-76.5401981, 3.43605], [-76.5401724, 3.4360204], [-76.5401277, 3.4359667], [-76.5401057, 3.4359404], [-76.5395064, 3.4366851], [-76.5394203, 3.4367865], [-76.5393131, 3.436877], [-76.5388435, 3.4372092], [-76.5387385, 3.4372969], [-76.538671, 3.4373831], [-76.5386262, 3.4374621], [-76.5385742, 3.4375798], [-76.5385241, 3.4377151], [-76.538474, 3.4378412], [-76.5384216, 3.4379386], [-76.5383692, 3.4380204], [-76.5382042, 3.4382175], [-76.5380841, 3.4383593], [-76.5377794, 3.4387249], [-76.5378059, 3.438753], [-76.5378593, 3.4388096], [-76.5379916, 3.4389048], [-76.5382719, 3.439108], [-76.539089, 3.4397333], [-76.5397347, 3.4402201], [-76.5400183, 3.4403807], [-76.5402277, 3.4404871], [-76.5404665, 3.4406099], [-76.540841, 3.4408115], [-76.5408471, 3.4408588], [-76.5409043, 3.4413055], [-76.5408981, 3.4414537], [-76.5408915, 3.4416139], [-76.5408605, 3.4417567], [-76.5409796, 3.441792], [-76.541162, 3.4417371], [-76.5416305, 3.4416513], [-76.5423106, 3.4415705], [-76.542601, 3.441527], [-76.5429725, 3.4414574], [-76.5432246, 3.4413918], [-76.5434796, 3.4412919], [-76.5435984, 3.4411454], [-76.5437508, 3.4408962], [-76.5437913, 3.4408299], [-76.5437342, 3.4408034], [-76.5436348, 3.4407636], [-76.5435559, 3.4406394], [-76.5431362, 3.4401808], [-76.5429309, 3.4399286], [-76.5428974, 3.4398215], [-76.5428907, 3.4397238], [-76.5428759, 3.4395363], [-76.5428883, 3.4392736], [-76.5429273, 3.4391322], [-76.5430301, 3.438863], [-76.5430595, 3.4387556], [-76.5430796, 3.4386285], [-76.5430745, 3.4384925]]]}}, {"type": "Feature", "properties": {"name": "Bochalema", "comuna": "Comuna 22"}, "geometry": {"type": "Polygon", "coordinates": [[[-76.526, 3.3498], [-76.516, 3.3498], [-76.516, 3.3598], [-76.526, 3.3598], [-76.526, 3.3498]]]}}, {"type": "Feature", "properties": {"name": "Kachipay", "comuna": "Comuna 22"}, "geometry": {"type": "Polygon", "coordinates": [[[-76.5075, 3.3478], [-76.4975, 3.3478], [-76.4975, 3.3577999999999997], [-76.5075, 3.3577999999999997], [-76.5075, 3.3478]]]}}, {"type": "Feature", "properties": {"name": "Valle del Lili", "comuna": "Comuna 22"}, "geometry": {"type": "Polygon", "coordinates": [[[-76.523, 3.339], [-76.513, 3.339], [-76.513, 3.3489999999999998], [-76.523, 3.3489999999999998], [-76.523, 3.339]]]}}, {"type": "Feature", "properties": {"name": "Ciudad Jardin", "comuna": "Comuna 22"}, "geometry": {"type": "Polygon", "coordinates": [[[-76.548, 3.3347], [-76.53800000000001, 3.3347], [-76.53800000000001, 3.3447], [-76.548, 3.3447], [-76.548, 3.3347]]]}}, {"type": "Feature", "properties": {"name": "Napoles", "comuna": "Comuna 18"}, "geometry": {"type": "Polygon", "coordinates": [[[-76.5655, 3.367], [-76.55550000000001, 3.367], [-76.55550000000001, 3.377], [-76.5655, 3.377], [-76.5655, 3.367]]]}}, {"type": "Feature", "properties": {"name": "La Riverita", "comuna": "Comuna 22"}, "geometry": {"type": "Polygon", "coordinates": [[[-76.5145, 3.3245], [-76.50450000000001, 3.3245], [-76.50450000000001, 3.3345], [-76.5145, 3.3345], [-76.5145, 3.3245]]]}}, {"type": "Feature", "properties": {"name": "Alfaguara", "comuna": "Comuna 22"}, "geometry": {"type": "Polygon", "coordinates": [[[-76.53999999999999, 3.33], [-76.53, 3.33], [-76.53, 3.34], [-76.53999999999999, 3.34], [-76.53999999999999, 3.33]]]}}, {"type": "Feature", "properties": {"name": "La Nueva Floresta", "comuna": "Comuna 8"}, "geometry": {"type": "Polygon", "coordinates": [[[-76.5115, 3.392], [-76.50150000000001, 3.392], [-76.50150000000001, 3.4019999999999997], [-76.5115, 3.4019999999999997], [-76.5115, 3.392]]]}}]}